pitcher,player_name,official_ip,ip_decimal,pitches,stressful_pitches,ps_pct,aps,aps_plus,total_stress,ss_per_9,season,aps_reference_mean,aps_reference_std,aps_reference_count
502273,"Freeman, Mike",0.1,0.3333333333333333,4,0,0.0,13.3,259,53.02921474807215,1431.8,2021,26.914036537019726,1.2853838829824347,486
665155,"Maton, Nick",0.1,0.3333333333333333,4,0,0.0,13.3,259,53.02921474807215,1431.8,2021,26.914036537019726,1.2853838829824347,486
592859,"Wilkerson, Stevie",1.0,1.0,12,0,0.0,18.7,196,224.25938538318937,2018.3,2021,26.914036537019726,1.2853838829824347,486
663853,"Gonzalez, Romy",0.1,0.3333333333333333,4,0,0.0,19.0,192,76.04360120990377,2053.2,2021,26.914036537019726,1.2853838829824347,486
595284,"Knapp, Andrew",0.1,0.3333333333333333,4,0,0.0,20.2,178,80.97071230271159,2186.2,2021,26.914036537019726,1.2853838829824347,486
642851,"Wynns, Austin",1.0,1.0,9,0,0.0,20.3,177,182.47946018552457,1642.3,2021,26.914036537019726,1.2853838829824347,486
668665,"Nogosek, Stephen",3.0,3.0,48,0,0.0,20.6,173,990.926568365635,2972.8,2021,26.914036537019726,1.2853838829824347,486
519048,"Moreland, Mitch",1.0,1.0,17,0,0.0,20.7,172,352.6611513573612,3174.0,2021,26.914036537019726,1.2853838829824347,486
656641,"Latz, Jacob",4.2,4.666666666666667,84,0,0.0,20.9,170,1759.197231825465,3392.7,2021,26.914036537019726,1.2853838829824347,486
658069,"Fuentes, Joshua",1.0,1.0,9,0,0.0,21.2,167,190.61295304065206,1715.5,2021,26.914036537019726,1.2853838829824347,486
642727,"Alcántara, Sergio",0.1,0.3333333333333333,4,0,0.0,21.2,167,84.68360120990376,2286.5,2021,26.914036537019726,1.2853838829824347,486
656186,"Altavilla, Dan",1.1,1.3333333333333333,22,0,0.0,21.2,167,466.00920945467254,3145.6,2021,26.914036537019726,1.2853838829824347,486
621500,"Mathisen, Wyatt",1.0,1.0,10,0,0.0,21.4,165,213.86665535638295,1924.8,2021,26.914036537019726,1.2853838829824347,486
669276,"Lee, Dylan",2.0,2.0,29,0,0.0,21.5,164,622.6958913894053,2802.1,2021,26.914036537019726,1.2853838829824347,486
503556,"Gonzalez, Marwin",1.0,1.0,11,0,0.0,21.5,163,237.04414357477677,2133.4,2021,26.914036537019726,1.2853838829824347,486
622786,"Tinoco, Jesus",1.1,1.3333333333333333,32,0,0.0,21.7,161,694.3938366436163,4687.2,2021,26.914036537019726,1.2853838829824347,486
660825,"Bazardo, Eduard",3.0,3.0,52,0,0.0,21.8,160,1132.237865804365,3396.7,2021,26.914036537019726,1.2853838829824347,486
622554,"Domínguez, Seranthony",1.0,1.0,14,0,0.0,22.0,158,307.5916249226897,2768.3,2021,26.914036537019726,1.2853838829824347,486
491703,"Feliz, Neftalí",4.0,4.0,67,1,1.5,22.0,157,1476.866545014756,3322.9,2021,26.914036537019726,1.2853838829824347,486
606162,"Ramírez, Yefry",2.0,2.0,23,0,0.0,22.2,155,510.60898628286463,2297.7,2021,26.914036537019726,1.2853838829824347,486
597113,"Johnson, DJ",4.1,4.333333333333333,72,0,0.0,22.3,154,1602.8924273019331,3329.1,2021,26.914036537019726,1.2853838829824347,486
669358,"Baz, Shane",13.1,13.333333333333334,198,2,1.0,22.5,152,4454.2832114302455,3006.6,2021,26.914036537019726,1.2853838829824347,486
664294,"Moreta, Dauri",3.2,3.6666666666666665,57,2,3.5,22.5,151,1285.024851501226,3154.2,2021,26.914036537019726,1.2853838829824347,486
643493,"Pruitt, Austin",7.1,7.333333333333333,110,5,4.5,22.5,151,2476.4422244492694,3039.3,2021,26.914036537019726,1.2853838829824347,486
518586,"Culberson, Charlie",2.0,2.0,15,0,0.0,22.6,150,339.6026915189454,1528.2,2021,26.914036537019726,1.2853838829824347,486
593643,"Alberto, Hanser",0.1,0.3333333333333333,2,0,0.0,22.6,150,45.19737430233411,1220.3,2021,26.914036537019726,1.2853838829824347,486
641384,"Bostick, Akeem",1.0,1.0,14,0,0.0,22.6,150,316.9856761763343,2852.9,2021,26.914036537019726,1.2853838829824347,486
592273,"Drury, Brandon",0.2,0.6666666666666666,27,1,3.7,22.6,150,611.1035192666552,8249.9,2021,26.914036537019726,1.2853838829824347,486
595943,"Evans, Phillip",1.0,1.0,5,0,0.0,22.9,147,114.63076489014671,1031.7,2021,26.914036537019726,1.2853838829824347,486
656669,"Luplow, Jordan",1.0,1.0,18,0,0.0,22.9,147,411.5700950694527,3704.1,2021,26.914036537019726,1.2853838829824347,486
621002,"Robertson, Daniel",1.0,1.0,10,0,0.0,23.0,146,230.103365991689,2070.9,2021,26.914036537019726,1.2853838829824347,486
642162,"Valaika, Pat",1.1,1.3333333333333333,7,0,0.0,23.0,146,160.97187411599666,1086.6,2021,26.914036537019726,1.2853838829824347,486
592789,"Syndergaard, Noah",2.0,2.0,26,0,0.0,23.1,145,600.0341104454214,2700.2,2021,26.914036537019726,1.2853838829824347,486
518435,"Barreda, Manny",2.2,2.6666666666666665,48,1,2.1,23.1,144,1109.654326165808,3745.1,2021,26.914036537019726,1.2853838829824347,486
571912,"Maile, Luke",1.0,1.0,20,1,5.0,23.2,144,463.27785891722664,4169.5,2021,26.914036537019726,1.2853838829824347,486
621078,"Lail, Brady",2.0,2.0,28,1,3.6,23.2,144,648.6872235513556,2919.1,2021,26.914036537019726,1.2853838829824347,486
596103,"Slater, Austin",0.1,0.3333333333333333,6,0,0.0,23.1,144,138.7530215152436,3746.3,2021,26.914036537019726,1.2853838829824347,486
543258,"Guilmet, Preston",2.0,2.0,29,1,3.4,23.3,143,674.4243159213913,3034.9,2021,26.914036537019726,1.2853838829824347,486
622663,"Severino, Luis",6.0,6.0,98,2,2.0,23.3,142,2282.251398289308,3423.4,2021,26.914036537019726,1.2853838829824347,486
641726,"Jefferies, Daulton",15.0,15.0,220,4,1.8,23.3,142,5130.342700725713,3078.2,2021,26.914036537019726,1.2853838829824347,486
461865,"Romine, Andrew",1.0,1.0,15,0,0.0,23.3,142,349.5567007742466,3146.0,2021,26.914036537019726,1.2853838829824347,486
606625,"Moronta, Reyes",4.0,4.0,48,1,2.1,23.4,141,1124.055476427227,2529.1,2021,26.914036537019726,1.2853838829824347,486
641703,"Honeywell, Brent",4.1,4.333333333333333,78,0,0.0,23.4,141,1825.2719661961903,3790.9,2021,26.914036537019726,1.2853838829824347,486
592288,"Emanuel, Kent",17.2,17.666666666666668,240,10,4.2,23.4,141,5618.151680591102,2862.1,2021,26.914036537019726,1.2853838829824347,486
675911,"Strider, Spencer",2.1,2.3333333333333335,38,2,5.3,23.5,140,891.3487750216811,3438.1,2021,26.914036537019726,1.2853838829824347,486
541650,"Pérez, Hernán",2.0,2.0,16,0,0.0,23.6,139,376.8487385239427,1695.8,2021,26.914036537019726,1.2853838829824347,486
595918,"Cole, A.J.",8.0,8.0,114,4,3.5,23.6,139,2690.1575491480908,3026.4,2021,26.914036537019726,1.2853838829824347,486
607192,"Glasnow, Tyler",88.0,88.0,1339,58,4.3,23.6,139,31596.844979405756,3231.5,2021,26.914036537019726,1.2853838829824347,486
680430,"Allgeyer, Nick",1.0,1.0,14,0,0.0,23.6,139,330.0044500142263,2970.0,2021,26.914036537019726,1.2853838829824347,486
502210,"Reddick, Josh",0.2,0.6666666666666666,17,1,5.9,23.6,139,400.8306655335741,5411.2,2021,26.914036537019726,1.2853838829824347,486
502042,"Archer, Chris",19.1,19.333333333333332,327,8,2.4,23.5,139,7696.969912807184,3583.1,2021,26.914036537019726,1.2853838829824347,486
669160,"May, Dustin",23.0,23.0,368,15,4.1,23.7,138,8717.549177541929,3411.2,2021,26.914036537019726,1.2853838829824347,486
658648,"Avila, Pedro",4.0,4.0,84,0,0.0,23.6,138,1983.6605064273042,4463.2,2021,26.914036537019726,1.2853838829824347,486
676083,"Junk, Janson",16.1,16.333333333333332,247,12,4.9,23.7,137,5863.675940045722,3231.0,2021,26.914036537019726,1.2853838829824347,486
623465,"Phillips, Evan",13.1,13.333333333333334,248,17,6.9,23.9,135,5928.010555268475,4001.4,2021,26.914036537019726,1.2853838829824347,486
594798,"deGrom, Jacob",92.0,92.0,1226,72,5.9,23.9,135,29301.255974873467,2866.4,2021,26.914036537019726,1.2853838829824347,486
542992,"Burns, Andy",1.0,1.0,24,0,0.0,24.0,134,575.3924701996584,5178.5,2021,26.914036537019726,1.2853838829824347,486
543238,"Gose, Anthony",6.2,6.666666666666667,115,6,5.2,24.0,134,2759.41258529966,3725.2,2021,26.914036537019726,1.2853838829824347,486
628711,"Urías, Julio",185.2,185.66666666666666,2798,147,5.3,24.0,134,67233.85565643429,3259.1,2021,26.914036537019726,1.2853838829824347,486
607644,"Means, John",146.2,146.66666666666666,2328,117,5.0,24.2,132,56309.36498776625,3455.3,2021,26.914036537019726,1.2853838829824347,486
452678,"Cabrera, Asdrúbal",1.1,1.3333333333333333,17,0,0.0,24.1,132,410.2975450883507,2769.5,2021,26.914036537019726,1.2853838829824347,486
467008,"Strop, Pedro",2.0,2.0,45,2,4.4,24.3,131,1092.2309908329482,4915.0,2021,26.914036537019726,1.2853838829824347,486
591720,"Torreyes, Ronald",2.2,2.6666666666666665,34,3,8.8,24.3,131,824.7682889725811,2783.6,2021,26.914036537019726,1.2853838829824347,486
664196,"Anderson, Tanner",5.0,5.0,64,2,3.1,24.3,131,1553.628939576024,2796.5,2021,26.914036537019726,1.2853838829824347,486
681810,"Warren, Austin",20.1,20.333333333333332,306,15,4.9,24.4,130,7454.105869475878,3299.4,2021,26.914036537019726,1.2853838829824347,486
543883,"Vincent, Nick",12.2,12.666666666666666,182,6,3.3,24.3,130,4427.487825878019,3145.8,2021,26.914036537019726,1.2853838829824347,486
622098,"Smith, Drew",41.1,41.333333333333336,626,37,5.9,24.3,130,15213.713368242987,3312.7,2021,26.914036537019726,1.2853838829824347,486
592407,"Holaday, Bryan",1.0,1.0,16,0,0.0,24.4,129,390.6408407573377,3515.8,2021,26.914036537019726,1.2853838829824347,486
554430,"Wheeler, Zack",213.1,213.33333333333334,3209,199,6.2,24.4,129,78344.90164268886,3305.2,2021,26.914036537019726,1.2853838829824347,486
456713,"Bush, Matt",4.0,4.0,69,2,2.9,24.5,128,1692.5378445667618,3808.2,2021,26.914036537019726,1.2853838829824347,486
571788,"Holt, Brock",1.0,1.0,10,0,0.0,24.5,128,245.17675877869777,2206.6,2021,26.914036537019726,1.2853838829824347,486
541640,"Ramírez, Erasmo",26.2,26.666666666666668,392,23,5.9,24.6,127,9658.074870535736,3259.6,2021,26.914036537019726,1.2853838829824347,486
657746,"Ryan, Joe",26.2,26.666666666666668,412,37,9.0,24.7,126,10180.046929440065,3435.8,2021,26.914036537019726,1.2853838829824347,486
663959,"Ivey, Tyler",4.2,4.666666666666667,79,9,11.4,24.7,126,1952.4646480009,3765.5,2021,26.914036537019726,1.2853838829824347,486
664353,"Urquidy, José",107.0,107.0,1631,108,6.6,24.7,126,40256.31286571726,3386.0,2021,26.914036537019726,1.2853838829824347,486
605612,"Castro, Harold",2.2,2.6666666666666665,32,0,0.0,24.8,125,793.4653678387282,2677.9,2021,26.914036537019726,1.2853838829824347,486
542947,"Bleier, Richard",58.0,58.0,697,51,7.3,24.7,125,17242.000238648987,2675.5,2021,26.914036537019726,1.2853838829824347,486
605309,"Kela, Keone",10.2,10.666666666666666,203,7,3.4,24.8,125,5035.533736030356,4248.7,2021,26.914036537019726,1.2853838829824347,486
664337,"Yajure, Miguel",15.0,15.0,239,15,6.3,24.7,125,5915.009901236327,3549.0,2021,26.914036537019726,1.2853838829824347,486
670050,"Ridings, Stephen",5.0,5.0,74,7,9.5,24.8,125,1831.7034863832416,3297.1,2021,26.914036537019726,1.2853838829824347,486
595939,"Ellis, Chris",29.1,29.333333333333332,482,18,3.7,24.9,124,11988.236760215032,3678.2,2021,26.914036537019726,1.2853838829824347,486
665759,"Rosso, Ramón",8.0,8.0,144,10,6.9,24.9,124,3584.1911286077857,4032.2,2021,26.914036537019726,1.2853838829824347,486
670280,"Bednar, David",60.2,60.666666666666664,940,68,7.2,24.8,124,23353.23578978846,3464.5,2021,26.914036537019726,1.2853838829824347,486
605538,"Wisler, Matt",48.2,48.666666666666664,788,58,7.4,24.9,124,19593.936777541323,3623.5,2021,26.914036537019726,1.2853838829824347,486
519299,"Sogard, Eric",4.1,4.333333333333333,68,4,5.9,24.9,124,1691.9570742434694,3514.1,2021,26.914036537019726,1.2853838829824347,486
593144,"Rodríguez, Richard",64.1,64.33333333333333,948,60,6.3,24.9,124,23562.938923404046,3296.4,2021,26.914036537019726,1.2853838829824347,486
571945,"Mikolas, Miles",44.2,44.666666666666664,709,37,5.2,24.9,124,17645.8524572437,3555.5,2021,26.914036537019726,1.2853838829824347,486
664789,"Tom, Ka'ai",1.0,1.0,20,0,0.0,24.8,124,496.9802494179175,4472.8,2021,26.914036537019726,1.2853838829824347,486
459429,"McGee, Jake",59.2,59.666666666666664,882,71,8.0,24.8,124,21896.936155335407,3302.9,2021,26.914036537019726,1.2853838829824347,486
640455,"Manaea, Sean",179.1,179.33333333333334,2980,233,7.8,24.9,123,74273.9813865778,3727.5,2021,26.914036537019726,1.2853838829824347,486
605540,"Woodruff, Brandon",179.1,179.33333333333334,2810,199,7.1,24.9,123,70030.63204679429,3514.5,2021,26.914036537019726,1.2853838829824347,486
641851,"McGowin, Kyle",30.0,30.0,521,26,5.0,24.9,123,12975.12784896224,3892.5,2021,26.914036537019726,1.2853838829824347,486
571948,"Milner, Hoby",21.2,21.666666666666668,393,33,8.4,25.1,122,9848.337656548974,4090.8,2021,26.914036537019726,1.2853838829824347,486
594835,"Gonzales, Marco",143.1,143.33333333333334,2328,159,6.8,25.0,122,58249.99974339583,3657.6,2021,26.914036537019726,1.2853838829824347,486
501381,"Pineda, Michael",109.1,109.33333333333333,1711,143,8.4,25.1,122,42865.60303903299,3528.6,2021,26.914036537019726,1.2853838829824347,486
676617,"O'Brien, Riley",1.1,1.3333333333333333,42,2,4.8,25.0,122,1049.4996395455323,7084.1,2021,26.914036537019726,1.2853838829824347,486
657240,"Merryweather, Julian",13.0,13.0,217,15,6.9,25.0,122,5423.768584715559,3754.9,2021,26.914036537019726,1.2853838829824347,486
547001,"Poteet, Cody",30.2,30.666666666666668,549,31,5.6,25.0,122,13748.50709028431,4034.9,2021,26.914036537019726,1.2853838829824347,486
455119,"Martin, Chris",43.1,43.333333333333336,664,43,6.5,25.0,122,16613.932547878052,3450.6,2021,26.914036537019726,1.2853838829824347,486
545333,"Bauer, Trevor",107.2,107.66666666666667,1791,126,7.0,25.0,122,44842.889368485565,3748.5,2021,26.914036537019726,1.2853838829824347,486
453286,"Scherzer, Max",179.1,179.33333333333334,2821,173,6.1,25.0,122,70566.21780525877,3541.4,2021,26.914036537019726,1.2853838829824347,486
453178,"Kennedy, Ian",56.1,56.333333333333336,911,79,8.7,25.1,122,22835.839794246993,3648.3,2021,26.914036537019726,1.2853838829824347,486
669212,"Morgan, Eli",89.1,89.33333333333333,1414,107,7.6,25.1,121,35528.754411457165,3579.4,2021,26.914036537019726,1.2853838829824347,486
624414,"Arroyo, Christian",1.0,1.0,16,0,0.0,25.1,121,401.9160299783152,3617.2,2021,26.914036537019726,1.2853838829824347,486
543101,"DeSclafani, Anthony",167.2,167.66666666666666,2562,174,6.8,25.1,121,64370.190475855015,3455.3,2021,26.914036537019726,1.2853838829824347,486
593423,"Montas, Frankie",187.0,187.0,3032,210,6.9,25.1,121,76134.43366450246,3664.2,2021,26.914036537019726,1.2853838829824347,486
519151,"Pressly, Ryan",64.0,64.0,960,63,6.6,25.2,120,24159.755911432134,3397.5,2021,26.914036537019726,1.2853838829824347,486
543045,"Conley, Adam",19.2,19.666666666666668,296,23,7.8,25.2,120,7451.999287369288,3410.2,2021,26.914036537019726,1.2853838829824347,486
621111,"Buehler, Walker",207.2,207.66666666666666,3160,242,7.7,25.2,120,79629.77773051547,3451.0,2021,26.914036537019726,1.2853838829824347,486
625643,"López, Reynaldo",57.2,57.666666666666664,938,61,6.5,25.2,120,23630.950845794458,3688.1,2021,26.914036537019726,1.2853838829824347,486
641927,"Ober, Bailey",92.1,92.33333333333333,1476,104,7.0,25.2,120,37179.888873342374,3624.0,2021,26.914036537019726,1.2853838829824347,486
500610,"Guerra, Deolis",65.2,65.66666666666667,1086,73,6.7,25.2,120,27349.81684683333,3748.5,2021,26.914036537019726,1.2853838829824347,486
623364,"Wieck, Brad",17.0,17.0,293,16,5.5,25.2,120,7387.488139473584,3911.0,2021,26.914036537019726,1.2853838829824347,486
502179,"Espino, Paolo",109.2,109.66666666666667,1743,125,7.2,25.2,120,43906.49448706916,3603.3,2021,26.914036537019726,1.2853838829824347,486
477132,"Kershaw, Clayton",121.2,121.66666666666667,1806,141,7.8,25.2,120,45568.23767339751,3370.8,2021,26.914036537019726,1.2853838829824347,486
641835,"Mayza, Tim",53.0,53.0,841,66,7.8,25.2,120,21179.578786996546,3596.5,2021,26.914036537019726,1.2853838829824347,486
660896,"Alcala, Jorge",59.2,59.666666666666664,873,67,7.7,25.2,120,21990.088604220196,3316.9,2021,26.914036537019726,1.2853838829824347,486
657610,"Hildenberger, Trevor",2.1,2.3333333333333335,58,3,5.2,25.2,120,1461.266717945342,5636.3,2021,26.914036537019726,1.2853838829824347,486
656731,"Megill, Tylor",89.2,89.66666666666667,1554,115,7.4,25.2,120,39135.19049192068,3928.1,2021,26.914036537019726,1.2853838829824347,486
645261,"Alcantara, Sandy",205.2,205.66666666666666,3098,248,8.0,25.2,120,78100.1879832018,3417.7,2021,26.914036537019726,1.2853838829824347,486
663556,"McClanahan, Shane",123.1,123.33333333333333,1954,133,6.8,25.2,120,49194.62000531477,3589.9,2021,26.914036537019726,1.2853838829824347,486
669302,"Gilbert, Logan",119.1,119.33333333333333,2129,144,6.8,25.3,119,53901.96132821596,4065.2,2021,26.914036537019726,1.2853838829824347,486
642759,"Fernández, Julian",6.2,6.666666666666667,117,6,5.1,25.3,119,2959.145856345134,3994.8,2021,26.914036537019726,1.2853838829824347,486
596071,"Peters, Dillon",26.2,26.666666666666668,443,37,8.4,25.3,119,11208.94156645875,3783.0,2021,26.914036537019726,1.2853838829824347,486
621107,"Eflin, Zach",105.2,105.66666666666667,1623,124,7.6,25.3,119,41103.74247873806,3500.9,2021,26.914036537019726,1.2853838829824347,486
643338,"Green, Chad",83.2,83.66666666666667,1316,99,7.5,25.3,119,33230.4986448709,3574.6,2021,26.914036537019726,1.2853838829824347,486
668676,"Plesac, Zach",142.2,142.66666666666666,2206,170,7.7,25.3,119,55846.56725534743,3523.0,2021,26.914036537019726,1.2853838829824347,486
669373,"Skubal, Tarik",149.1,149.33333333333334,2547,182,7.1,25.3,119,64342.01582804653,3877.8,2021,26.914036537019726,1.2853838829824347,486
579328,"Kikuchi, Yusei",157.0,157.0,2562,178,6.9,25.3,119,64730.834159331826,3710.7,2021,26.914036537019726,1.2853838829824347,486
660623,"Ynoa, Huascar",91.0,91.0,1486,107,7.2,25.3,119,37612.05020306029,3719.9,2021,26.914036537019726,1.2853838829824347,486
642028,"Rogers, Josh",35.2,35.666666666666664,533,32,6.0,25.3,119,13480.910932316228,3401.7,2021,26.914036537019726,1.2853838829824347,486
506702,"León, Sandy",6.0,6.0,71,4,5.6,25.3,119,1795.9697927031132,2694.0,2021,26.914036537019726,1.2853838829824347,486
623354,"Zamora, Daniel",4.1,4.333333333333333,65,6,9.2,25.3,119,1643.2729099256085,3413.0,2021,26.914036537019726,1.2853838829824347,486
472610,"García, Luis",33.1,33.333333333333336,505,44,8.7,25.3,119,12774.352771761038,3449.1,2021,26.914036537019726,1.2853838829824347,486
650828,"Santana, Edgar",42.2,42.666666666666664,612,40,6.5,25.4,118,15526.839076617342,3275.2,2021,26.914036537019726,1.2853838829824347,486
448179,"Hill, Rich",158.2,158.66666666666666,2496,179,7.2,25.4,118,63404.18264832224,3596.5,2021,26.914036537019726,1.2853838829824347,486
518516,"Bumgarner, Madison",146.1,146.33333333333334,2302,161,7.0,25.4,118,58366.886622578575,3589.8,2021,26.914036537019726,1.2853838829824347,486
608349,"Knebel, Corey",25.2,25.666666666666668,403,22,5.5,25.4,118,10225.119294701117,3585.4,2021,26.914036537019726,1.2853838829824347,486
669330,"Wells, Tyler",57.0,57.0,894,73,8.2,25.3,118,22650.064005869517,3576.3,2021,26.914036537019726,1.2853838829824347,486
641154,"López, Pablo",102.2,102.66666666666667,1673,131,7.8,25.3,118,42395.46854275541,3716.5,2021,26.914036537019726,1.2853838829824347,486
669456,"Bieber, Shane",96.2,96.66666666666667,1559,120,7.7,25.3,118,39496.574083678046,3677.3,2021,26.914036537019726,1.2853838829824347,486
452027,"Albers, Andrew",19.0,19.0,366,29,7.9,25.4,118,9281.073158069323,4396.3,2021,26.914036537019726,1.2853838829824347,486
641778,"Lauer, Eric",118.2,118.66666666666667,1960,136,6.9,25.3,118,49653.305467570324,3765.8,2021,26.914036537019726,1.2853838829824347,486
608331,"Fried, Max",165.2,165.66666666666666,2558,181,7.1,25.5,117,65145.31321054963,3539.1,2021,26.914036537019726,1.2853838829824347,486
592767,"Smyly, Drew",126.2,126.66666666666667,2149,177,8.2,25.5,117,54794.50944305285,3893.3,2021,26.914036537019726,1.2853838829824347,486
641302,"Alexander, Tyler",106.1,106.33333333333333,1640,152,9.3,25.5,117,41815.28347664585,3539.2,2021,26.914036537019726,1.2853838829824347,486
642547,"Peralta, Freddy",144.1,144.33333333333334,2360,188,8.0,25.4,117,59995.86724227829,3741.1,2021,26.914036537019726,1.2853838829824347,486
543521,"McHugh, Collin",64.0,64.0,980,92,9.4,25.5,117,24959.586788476805,3509.9,2021,26.914036537019726,1.2853838829824347,486
444482,"Peralta, David",1.0,1.0,28,4,14.3,25.4,117,712.2894178071184,6410.6,2021,26.914036537019726,1.2853838829824347,486
433589,"Petit, Yusmeiro",78.0,78.0,1086,80,7.4,25.5,117,27666.727740520455,3192.3,2021,26.914036537019726,1.2853838829824347,486
521230,"Hendriks, Liam",71.0,71.0,1135,104,9.2,25.4,117,28880.78040627022,3660.9,2021,26.914036537019726,1.2853838829824347,486
605452,"Ross, Joe",108.0,108.0,1716,145,8.4,25.5,117,43682.05356588309,3640.2,2021,26.914036537019726,1.2853838829824347,486
527054,"Teheran, Julio",5.0,5.0,90,4,4.4,25.4,117,2290.100883881183,4122.2,2021,26.914036537019726,1.2853838829824347,486
518397,"Alexander, Scott",15.1,15.333333333333334,263,22,8.4,25.5,117,6695.64554457034,3930.1,2021,26.914036537019726,1.2853838829824347,486
542881,"Anderson, Tyler",167.0,167.0,2607,222,8.5,25.4,117,66288.70815567642,3572.4,2021,26.914036537019726,1.2853838829824347,486
607560,"Harper, Ryne",35.2,35.666666666666664,571,39,6.8,25.4,117,14518.058799037966,3663.4,2021,26.914036537019726,1.2853838829824347,486
502085,"Robertson, David",12.0,12.0,208,19,9.1,25.4,117,5290.090181500837,3967.6,2021,26.914036537019726,1.2853838829824347,486
605447,"Romano, Jordan",63.0,63.0,1031,79,7.7,25.5,117,26267.408486765737,3752.5,2021,26.914036537019726,1.2853838829824347,486
642073,"Sherfy, James",15.0,15.0,230,23,10.0,25.6,116,5876.574157510436,3525.9,2021,26.914036537019726,1.2853838829824347,486
642336,"Mejía, Francisco",2.0,2.0,28,2,7.1,25.6,116,715.7608893824208,3220.9,2021,26.914036537019726,1.2853838829824347,486
506433,"Darvish, Yu",166.1,166.33333333333334,2773,237,8.5,25.6,116,70864.89126205398,3834.4,2021,26.914036537019726,1.2853838829824347,486
547943,"Ryu, Hyun Jin",169.0,169.0,2689,201,7.5,25.6,116,68709.81515613949,3659.1,2021,26.914036537019726,1.2853838829824347,486
605400,"Nola, Aaron",180.2,180.66666666666666,2975,253,8.5,25.6,116,76091.18161707447,3790.5,2021,26.914036537019726,1.2853838829824347,486
656629,"Kopech, Michael",69.1,69.33333333333333,1158,124,10.7,25.6,116,29620.45368313874,3845.0,2021,26.914036537019726,1.2853838829824347,486
657277,"Webb, Logan",148.1,148.33333333333334,2214,200,9.0,25.5,116,56513.730213455754,3428.9,2021,26.914036537019726,1.2853838829824347,486
592332,"Gausman, Kevin",192.0,192.0,3004,266,8.9,25.5,116,76692.18509018014,3594.9,2021,26.914036537019726,1.2853838829824347,486
677865,"Bruihl, Justin",18.2,18.666666666666668,262,17,6.5,25.6,116,6695.0995433380485,3228.0,2021,26.914036537019726,1.2853838829824347,486
668968,"Crouse, Hans",7.0,7.0,131,8,6.1,25.5,116,3342.0283925565145,4296.9,2021,26.914036537019726,1.2853838829824347,486
571760,"Heaney, Andrew",129.2,129.66666666666666,2330,213,9.1,25.6,116,59579.401794816455,4135.3,2021,26.914036537019726,1.2853838829824347,486
605177,"Chafin, Andrew",68.2,68.66666666666667,951,79,8.3,25.6,116,24302.110486394675,3185.2,2021,26.914036537019726,1.2853838829824347,486
518633,"Duffy, Danny",61.0,61.0,1011,74,7.3,25.6,115,25919.04969433939,3824.1,2021,26.914036537019726,1.2853838829824347,486
594580,"Moll, Sam",10.1,10.333333333333334,167,10,6.0,25.6,115,4283.166512049703,3730.5,2021,26.914036537019726,1.2853838829824347,486
594987,"Sadler, Casey",40.1,40.333333333333336,581,53,9.1,25.6,115,14868.994057859183,3317.9,2021,26.914036537019726,1.2853838829824347,486
543135,"Eovaldi, Nathan",182.1,182.33333333333334,2935,262,8.9,25.7,115,75289.71005087692,3716.3,2021,26.914036537019726,1.2853838829824347,486
676424,"Bettinger, Alec",10.0,10.0,199,14,7.0,25.6,115,5099.121182154538,4589.2,2021,26.914036537019726,1.2853838829824347,486
593334,"Germán, Domingo",98.1,98.33333333333333,1579,139,8.8,25.7,115,40519.05112752927,3708.5,2021,26.914036537019726,1.2853838829824347,486
543243,"Gray, Sonny",135.1,135.33333333333334,2232,193,8.6,25.7,115,57280.823187830705,3809.3,2021,26.914036537019726,1.2853838829824347,486
641482,"Cortes, Nestor",93.0,93.0,1524,122,8.0,25.6,115,39009.33350020289,3775.1,2021,26.914036537019726,1.2853838829824347,486
650644,"Civale, Aaron",124.1,124.33333333333333,1909,159,8.3,25.6,115,48844.46344099149,3535.7,2021,26.914036537019726,1.2853838829824347,486
543037,"Cole, Gerrit",181.1,181.33333333333334,2969,249,8.4,25.6,115,76001.57652965664,3772.1,2021,26.914036537019726,1.2853838829824347,486
623167,"Flexen, Chris",179.2,179.66666666666666,2811,224,8.0,25.6,115,71990.42648353676,3606.2,2021,26.914036537019726,1.2853838829824347,486
543901,"Weber, Ryan",9.2,9.666666666666666,160,14,8.8,25.7,115,4107.060726693543,3823.8,2021,26.914036537019726,1.2853838829824347,486
672582,"Zerpa, Angel",5.0,5.0,68,2,2.9,25.6,115,1741.232692251262,3134.2,2021,26.914036537019726,1.2853838829824347,486
608700,"Plawecki, Kevin",1.0,1.0,18,1,5.6,25.6,115,460.8363123526945,4147.5,2021,26.914036537019726,1.2853838829824347,486
622072,"Wood, Alex",138.2,138.66666666666666,2199,186,8.5,25.6,115,56319.37488113991,3655.3,2021,26.914036537019726,1.2853838829824347,486
608652,"Farrell, Luke",24.2,24.666666666666668,473,31,6.6,25.6,115,12122.850437684223,4423.2,2021,26.914036537019726,1.2853838829824347,486
502171,"Cobb, Alex",93.1,93.33333333333333,1579,134,8.5,25.7,114,40579.81687394686,3913.1,2021,26.914036537019726,1.2853838829824347,486
425844,"Greinke, Zack",171.0,171.0,2577,225,8.7,25.7,114,66200.87643834026,3484.3,2021,26.914036537019726,1.2853838829824347,486
572955,"Johnson, Pierce",58.2,58.666666666666664,1054,81,7.7,25.7,114,27060.66734753755,4151.4,2021,26.914036537019726,1.2853838829824347,486
641941,"Pagán, Emilio",63.1,63.333333333333336,1098,80,7.3,25.7,114,28189.465532966253,4005.9,2021,26.914036537019726,1.2853838829824347,486
489334,"Stammen, Craig",88.1,88.33333333333333,1312,100,7.6,25.7,114,33703.11027678161,3433.9,2021,26.914036537019726,1.2853838829824347,486
592662,"Ray, Robbie",193.1,193.33333333333334,3141,255,8.1,25.7,114,80748.39799266275,3759.0,2021,26.914036537019726,1.2853838829824347,486
608337,"Giolito, Lucas",178.2,178.66666666666666,2974,244,8.2,25.7,114,76525.86613496102,3854.8,2021,26.914036537019726,1.2853838829824347,486
628345,"Núñez, Darien",7.2,7.666666666666667,127,16,12.6,25.7,114,3261.1218893256846,3828.3,2021,26.914036537019726,1.2853838829824347,486
621244,"Berríos, José",192.0,192.0,3043,244,8.0,25.7,114,78298.95114639043,3670.3,2021,26.914036537019726,1.2853838829824347,486
656557,"Houck, Tanner",69.0,69.0,1153,93,8.1,25.7,114,29631.003647699054,3864.9,2021,26.914036537019726,1.2853838829824347,486
622608,"Senzatela, Antonio",156.2,156.66666666666666,2408,184,7.6,25.7,114,61946.275894221544,3558.6,2021,26.914036537019726,1.2853838829824347,486
605488,"Springs, Jeffrey",44.2,44.666666666666664,754,71,9.4,25.7,114,19400.59335373955,3909.1,2021,26.914036537019726,1.2853838829824347,486
545343,"Head, Louis",35.0,35.0,546,46,8.4,25.7,114,14040.434471296,3610.4,2021,26.914036537019726,1.2853838829824347,486
670167,"Schreiber, John",3.0,3.0,56,7,12.5,25.7,114,1439.2473633477346,4317.7,2021,26.914036537019726,1.2853838829824347,486
600944,"Paulino, David",2.0,2.0,32,1,3.1,25.7,114,822.2529566118345,3700.1,2021,26.914036537019726,1.2853838829824347,486
571510,"Boyd, Matthew",78.2,78.66666666666667,1273,122,9.6,25.8,113,32888.260370059084,3762.6,2021,26.914036537019726,1.2853838829824347,486
605135,"Bassitt, Chris",157.1,157.33333333333334,2383,223,9.4,25.8,113,61423.31427527877,3513.6,2021,26.914036537019726,1.2853838829824347,486
663559,"Falter, Bailey",33.2,33.666666666666664,552,52,9.4,25.8,113,14256.87858335131,3811.2,2021,26.914036537019726,1.2853838829824347,486
669203,"Burnes, Corbin",167.0,167.0,2594,255,9.8,25.8,113,66894.99065879041,3605.1,2021,26.914036537019726,1.2853838829824347,486
475479,"Phelps, David",10.1,10.333333333333334,189,18,9.5,25.8,113,4872.024311263107,4243.4,2021,26.914036537019726,1.2853838829824347,486
623149,"Sewald, Paul",64.2,64.66666666666667,1122,105,9.4,25.8,113,28948.178555993967,4028.9,2021,26.914036537019726,1.2853838829824347,486
677651,"Garcia, Luis",155.1,155.33333333333334,2506,210,8.4,25.8,113,64637.60421386444,3745.1,2021,26.914036537019726,1.2853838829824347,486
596295,"Gomber, Austin",115.1,115.33333333333333,1856,170,9.2,25.8,113,47805.70928802026,3730.5,2021,26.914036537019726,1.2853838829824347,486
670087,"Sittinger, Brandyn",4.2,4.666666666666667,80,5,6.2,25.8,113,2067.2842207113326,3986.9,2021,26.914036537019726,1.2853838829824347,486
501625,"Alvarez, Jose",64.2,64.66666666666667,974,96,9.9,25.8,113,25117.86146815798,3495.8,2021,26.914036537019726,1.2853838829824347,486
663978,"Paddack, Chris",108.1,108.33333333333333,1870,158,8.4,25.8,113,48197.957753334886,4004.1,2021,26.914036537019726,1.2853838829824347,486
592836,"Walker, Taijuan",159.0,159.0,2547,204,8.0,25.8,113,65743.66818850863,3721.3,2021,26.914036537019726,1.2853838829824347,486
665661,"Spitzbarth, Shea",5.0,5.0,82,4,4.9,25.8,113,2117.438332441903,3811.4,2021,26.914036537019726,1.2853838829824347,486
519141,"Pomeranz, Drew",25.2,25.666666666666668,433,41,9.5,25.8,113,11185.014088214193,3922.0,2021,26.914036537019726,1.2853838829824347,486
608717,"Stratton, Chris",79.1,79.33333333333333,1382,112,8.1,25.9,112,35811.10035901165,4062.6,2021,26.914036537019726,1.2853838829824347,486
621261,"Oswalt, Corey",10.1,10.333333333333334,156,14,9.0,25.9,112,4038.7148008611057,3517.6,2021,26.914036537019726,1.2853838829824347,486
453265,"Watson, Tony",57.1,57.333333333333336,870,79,9.1,25.8,112,22486.646938451253,3529.9,2021,26.914036537019726,1.2853838829824347,486
608344,"Irvin, Cole",178.1,178.33333333333334,2682,226,8.4,25.9,112,69358.61038377343,3500.3,2021,26.914036537019726,1.2853838829824347,486
592791,"Taillon, Jameson",144.1,144.33333333333334,2376,178,7.5,25.9,112,61596.68510975277,3840.9,2021,26.914036537019726,1.2853838829824347,486
458681,"Lynn, Lance",157.0,157.0,2613,228,8.7,25.9,112,67606.39435929351,3875.5,2021,26.914036537019726,1.2853838829824347,486
666201,"Manoah, Alek",111.2,111.66666666666667,1845,169,9.2,25.9,112,47769.12029405479,3850.0,2021,26.914036537019726,1.2853838829824347,486
571927,"Matz, Steven",150.2,150.66666666666666,2557,213,8.3,25.8,112,66096.44142435372,3948.2,2021,26.914036537019726,1.2853838829824347,486
628452,"Iglesias, Raisel",70.0,70.0,1059,101,9.5,25.9,112,27419.12844172768,3525.3,2021,26.914036537019726,1.2853838829824347,486
667297,"Nance, Tommy",28.2,28.666666666666668,456,41,9.0,25.8,112,11787.55127814258,3700.7,2021,26.914036537019726,1.2853838829824347,486
664141,"Brubaker, JT",124.1,124.33333333333333,1946,167,8.6,25.9,112,50407.92887904625,3648.8,2021,26.914036537019726,1.2853838829824347,486
548389,"Stripling, Ross",101.1,101.33333333333333,1686,147,8.7,25.9,112,43679.59454730684,3879.4,2021,26.914036537019726,1.2853838829824347,486
660761,"Suarez, José",98.1,98.33333333333333,1654,133,8.0,25.9,112,42817.89490709942,3918.9,2021,26.914036537019726,1.2853838829824347,486
677960,"Weathers, Ryan",94.2,94.66666666666667,1621,119,7.3,26.0,111,42071.6226778513,3999.8,2021,26.914036537019726,1.2853838829824347,486
642545,"Barria, Jaime",56.2,56.666666666666664,917,79,8.6,26.0,111,23843.519488509915,3786.9,2021,26.914036537019726,1.2853838829824347,486
668678,"Gallen, Zac",121.1,121.33333333333333,2106,159,7.5,25.9,111,54642.986047513776,4053.2,2021,26.914036537019726,1.2853838829824347,486
543456,"Lobstein, Kyle",1.1,1.3333333333333333,34,4,11.8,26.0,111,884.377979147777,5969.6,2021,26.914036537019726,1.2853838829824347,486
518876,"Kelly, Merrill",158.0,158.0,2437,194,8.0,26.0,111,63270.25353070566,3604.0,2021,26.914036537019726,1.2853838829824347,486
669459,"Nelson, Kyle",9.2,9.666666666666666,176,11,6.2,26.0,111,4573.901385724658,4258.5,2021,26.914036537019726,1.2853838829824347,486
656849,"Peterson, David",66.2,66.66666666666667,1122,95,8.5,26.0,111,29155.532437159698,3936.0,2021,26.914036537019726,1.2853838829824347,486
519242,"Sale, Chris",42.2,42.666666666666664,740,59,8.0,26.0,111,19203.713460569958,4050.8,2021,26.914036537019726,1.2853838829824347,486
605164,"Bundy, Dylan",90.2,90.66666666666667,1524,145,9.5,26.0,111,39629.075996282816,3933.8,2021,26.914036537019726,1.2853838829824347,486
676766,"Snyder, Nick",3.2,3.6666666666666665,59,6,10.2,25.9,111,1530.9722454843231,3757.8,2021,26.914036537019726,1.2853838829824347,486
641540,"Dunning, Dane",117.2,117.66666666666667,1909,162,8.5,26.0,111,49648.048382745365,3797.4,2021,26.914036537019726,1.2853838829824347,486
669060,"Wilson, Bryse",74.0,74.0,1146,90,7.9,26.0,111,29748.896967848785,3618.1,2021,26.914036537019726,1.2853838829824347,486
465657,"Soria, Joakim",37.1,37.333333333333336,605,56,9.3,25.9,111,15699.244766229607,3784.6,2021,26.914036537019726,1.2853838829824347,486
640470,"Alzolay, Adbert",125.2,125.66666666666667,1961,206,10.5,26.0,111,50905.0400104064,3645.7,2021,26.914036537019726,1.2853838829824347,486
431148,"Kazmir, Scott",11.1,11.333333333333334,209,18,8.6,25.9,111,5421.488565663028,4305.3,2021,26.914036537019726,1.2853838829824347,486
425794,"Wainwright, Adam",206.1,206.33333333333334,3080,259,8.4,26.0,111,79996.59949169336,3489.4,2021,26.914036537019726,1.2853838829824347,486
596133,"Weaver, Luke",65.2,65.66666666666667,1119,96,8.6,26.0,111,29077.385688935836,3985.2,2021,26.914036537019726,1.2853838829824347,486
643377,"Jax, Griffin",82.0,82.0,1398,122,8.7,26.0,111,36338.32496105306,3988.4,2021,26.914036537019726,1.2853838829824347,486
607219,"Romano, Sal",25.0,25.0,443,34,7.7,26.0,111,11514.938916406121,4145.4,2021,26.914036537019726,1.2853838829824347,486
680686,"Gray, Josiah",70.2,70.66666666666667,1224,105,8.6,26.0,111,31813.589800216803,4051.7,2021,26.914036537019726,1.2853838829824347,486
666159,"Manning, Matt",85.1,85.33333333333333,1421,121,8.5,26.0,111,36966.01619074133,3898.8,2021,26.914036537019726,1.2853838829824347,486
659275,"Lamet, Dinelson",47.0,47.0,832,78,9.4,25.9,111,21575.697919976632,4131.5,2021,26.914036537019726,1.2853838829824347,486
669952,"White, Mitch",46.2,46.666666666666664,763,71,9.3,26.1,110,19902.66774647355,3838.4,2021,26.914036537019726,1.2853838829824347,486
605194,"Cotton, Jharel",30.2,30.666666666666668,541,45,8.3,26.1,110,14097.899692155906,4137.4,2021,26.914036537019726,1.2853838829824347,486
623454,"Anderson, Drew",22.0,22.0,352,35,9.9,26.1,110,9185.569560983637,3757.7,2021,26.914036537019726,1.2853838829824347,486
607391,"Mazza, Chris",27.1,27.333333333333332,417,39,9.4,26.1,110,10874.458155689359,3580.6,2021,26.914036537019726,1.2853838829824347,486
622694,"Hernández, Elieser",51.2,51.666666666666664,826,86,10.4,26.0,110,21515.463627810866,3747.9,2021,26.914036537019726,1.2853838829824347,486
640451,"Harvey, Hunter",8.2,8.666666666666666,139,8,5.8,26.1,110,3625.8236052482443,3765.3,2021,26.914036537019726,1.2853838829824347,486
606424,"García, Jarlín",68.2,68.66666666666667,1011,97,9.6,26.1,110,26352.302197501438,3453.9,2021,26.914036537019726,1.2853838829824347,486
669618,"Barlow, Joe",29.0,29.0,455,40,8.8,26.1,110,11865.38085777375,3682.4,2021,26.914036537019726,1.2853838829824347,486
450203,"Morton, Charlie",185.2,185.66666666666666,2991,285,9.5,26.0,110,77896.13599629115,3775.9,2021,26.914036537019726,1.2853838829824347,486
660271,"Ohtani, Shohei",130.1,130.33333333333334,2032,163,8.0,26.0,110,52932.06783196893,3655.2,2021,26.914036537019726,1.2853838829824347,486
573186,"Stroman, Marcus",179.0,179.0,2749,267,9.7,26.0,110,71575.9168523357,3598.8,2021,26.914036537019726,1.2853838829824347,486
571479,"Bellatti, Andrew",3.1,3.3333333333333335,83,9,10.8,26.0,110,2159.859946034835,5831.6,2021,26.914036537019726,1.2853838829824347,486
592351,"Gray, Jon",149.0,149.0,2545,230,9.0,26.0,110,66218.21894488402,3999.8,2021,26.914036537019726,1.2853838829824347,486
641447,"Castano, Daniel",20.1,20.333333333333332,333,25,7.5,26.1,110,8675.885516472235,3840.1,2021,26.914036537019726,1.2853838829824347,486
642232,"Yarbrough, Ryan",155.0,155.0,2496,248,9.9,26.0,110,65016.44892966725,3775.1,2021,26.914036537019726,1.2853838829824347,486
608718,"Suter, Brent",73.1,73.33333333333333,1233,98,7.9,26.0,110,32088.507793571625,3938.1,2021,26.914036537019726,1.2853838829824347,486
461872,"Swarzak, Anthony",12.1,12.333333333333334,199,21,10.6,26.0,110,5181.275597933715,3780.9,2021,26.914036537019726,1.2853838829824347,486
656876,"Rasmussen, Drew",76.0,76.0,1207,131,10.9,26.1,110,31475.591880417065,3727.4,2021,26.914036537019726,1.2853838829824347,486
657508,"Baumann, Mike",10.0,10.0,185,13,7.0,26.1,110,4820.389461286012,4338.4,2021,26.914036537019726,1.2853838829824347,486
573124,"Rogers, Taylor",40.1,40.333333333333336,650,68,10.5,26.1,110,16934.84001483271,3778.8,2021,26.914036537019726,1.2853838829824347,486
663474,"McKenzie, Triston",120.0,120.0,1975,180,9.1,26.1,110,51493.17281316497,3862.0,2021,26.914036537019726,1.2853838829824347,486
664192,"Lucchesi, Joey",38.1,38.333333333333336,646,65,10.1,26.1,110,16849.414805314023,3955.9,2021,26.914036537019726,1.2853838829824347,486
501985,"Minor, Mike",158.2,158.66666666666666,2621,230,8.8,26.1,110,68359.72442867237,3877.5,2021,26.914036537019726,1.2853838829824347,486
592314,"Foltynewicz, Mike",139.0,139.0,2236,231,10.3,26.2,109,58502.033537867326,3787.9,2021,26.914036537019726,1.2853838829824347,486
657624,"James, Josh",5.0,5.0,69,6,8.7,26.1,109,1803.4373515791,3246.2,2021,26.914036537019726,1.2853838829824347,486
606149,"Gallegos, Giovanny",80.1,80.33333333333333,1244,122,9.8,26.2,109,32534.640809693665,3645.0,2021,26.914036537019726,1.2853838829824347,486
592612,"Osich, Josh",14.1,14.333333333333334,231,19,8.2,26.1,109,6038.795243345876,3791.8,2021,26.914036537019726,1.2853838829824347,486
670766,"McCaughan, Darren",9.0,9.0,147,16,10.9,26.2,109,3845.973135035122,3846.0,2021,26.914036537019726,1.2853838829824347,486
606965,"Devenski, Chris",7.1,7.333333333333333,145,15,10.3,26.2,109,3796.4499532358736,4659.3,2021,26.914036537019726,1.2853838829824347,486
656288,"Canning, Griffin",62.2,62.666666666666664,1080,101,9.4,26.1,109,28191.087627007175,4048.7,2021,26.914036537019726,1.2853838829824347,486
670970,"Morejon, Adrian",4.2,4.666666666666667,80,6,7.5,26.1,109,2088.591910955906,4028.0,2021,26.914036537019726,1.2853838829824347,486
471911,"Carrasco, Carlos",53.2,53.666666666666664,889,87,9.8,26.1,109,23236.50003800986,3896.8,2021,26.914036537019726,1.2853838829824347,486
605280,"Holmes, Clay",70.0,70.0,1132,111,9.8,26.2,109,29637.22485662375,3810.5,2021,26.914036537019726,1.2853838829824347,486
661403,"Clase, Emmanuel",69.2,69.66666666666667,1063,92,8.7,26.2,109,27817.066956589653,3593.6,2021,26.914036537019726,1.2853838829824347,486
664062,"Gonsolin, Tony",55.2,55.666666666666664,990,81,8.2,26.1,109,25885.139482699804,4185.0,2021,26.914036537019726,1.2853838829824347,486
666120,"Anderson, Ian",128.1,128.33333333333334,2183,193,8.8,26.1,109,57070.713911169296,4002.4,2021,26.914036537019726,1.2853838829824347,486
656730,"Megill, Trevor",23.2,23.666666666666668,464,38,8.2,26.1,109,12115.791678315569,4607.4,2021,26.914036537019726,1.2853838829824347,486
605441,"Ríos, Yacksel",27.1,27.333333333333332,458,38,8.3,26.2,109,11989.920897537299,3947.9,2021,26.914036537019726,1.2853838829824347,486
519043,"Moore, Matt",73.0,73.0,1270,106,8.3,26.2,109,33236.63157696721,4097.7,2021,26.914036537019726,1.2853838829824347,486
676220,"Elledge, Seth",11.2,11.666666666666666,221,21,9.5,26.2,109,5784.107525340572,4462.0,2021,26.914036537019726,1.2853838829824347,486
672282,"Detmers, Reid",20.2,20.666666666666668,383,26,6.8,26.1,109,10003.617679872821,4356.4,2021,26.914036537019726,1.2853838829824347,486
607359,"Patton, Spencer",42.1,42.333333333333336,705,69,9.8,26.1,109,18432.233610685806,3918.7,2021,26.914036537019726,1.2853838829824347,486
669145,"Zimmermann, Bruce",64.1,64.33333333333333,1105,109,9.9,26.1,109,28883.813030134268,4040.7,2021,26.914036537019726,1.2853838829824347,486
622088,"Antone, Tejay",33.2,33.666666666666664,529,51,9.6,26.3,108,13894.446751449463,3714.4,2021,26.914036537019726,1.2853838829824347,486
608379,"Wacha, Michael",124.2,124.66666666666667,1974,213,10.8,26.2,108,51817.37620260923,3740.8,2021,26.914036537019726,1.2853838829824347,486
605130,"Barlow, Scott",74.1,74.33333333333333,1231,119,9.7,26.2,108,32273.894291340494,3907.6,2021,26.914036537019726,1.2853838829824347,486
596001,"Junis, Jakob",39.1,39.333333333333336,627,60,9.6,26.2,108,16429.531257664235,3759.3,2021,26.914036537019726,1.2853838829824347,486
663986,"Stephan, Trevor",63.1,63.333333333333336,1214,109,9.0,26.2,108,31807.014426597663,4519.9,2021,26.914036537019726,1.2853838829824347,486
656756,"Montgomery, Jordan",157.1,157.33333333333334,2570,266,10.4,26.3,108,67497.31293148261,3861.1,2021,26.914036537019726,1.2853838829824347,486
552640,"Kittredge, Andrew",71.2,71.66666666666667,1000,109,10.9,26.2,108,26247.55471276522,3296.2,2021,26.914036537019726,1.2853838829824347,486
663465,"Allard, Kolby",124.2,124.66666666666667,2054,206,10.0,26.2,108,53898.043721621885,3891.0,2021,26.914036537019726,1.2853838829824347,486
669432,"Rogers, Trevor",133.0,133.0,2176,208,9.6,26.2,108,57118.6549447868,3865.2,2021,26.914036537019726,1.2853838829824347,486
598287,"Ramirez, Noé",36.0,36.0,579,60,10.4,26.3,108,15199.344589053546,3799.8,2021,26.914036537019726,1.2853838829824347,486
605397,"Musgrove, Joe",181.1,181.33333333333334,2946,294,10.0,26.2,108,77256.55300885129,3834.4,2021,26.914036537019726,1.2853838829824347,486
608566,"Márquez, Germán",180.0,180.0,2808,254,9.0,26.3,108,73727.67940421858,3686.4,2021,26.914036537019726,1.2853838829824347,486
670057,"Hartman, Ryan",2.1,2.3333333333333335,46,2,4.3,26.2,108,1204.5544560477165,4646.1,2021,26.914036537019726,1.2853838829824347,486
643256,"Cimber, Adam",71.2,71.66666666666667,1034,107,10.3,26.2,108,27120.008550175164,3405.8,2021,26.914036537019726,1.2853838829824347,486
661440,"Llovera, Mauricio",6.2,6.666666666666667,145,9,6.2,26.3,108,3806.622617583664,5138.9,2021,26.914036537019726,1.2853838829824347,486
596049,"Morimando, Shawn",10.1,10.333333333333334,199,14,7.0,26.2,108,5220.8504019267975,4547.2,2021,26.914036537019726,1.2853838829824347,486
642528,"Loáisiga, Jonathan",70.2,70.66666666666667,1085,101,9.3,26.3,107,28541.586107348485,3635.0,2021,26.914036537019726,1.2853838829824347,486
621112,"Blackburn, Paul",38.1,38.333333333333336,681,60,8.8,26.3,107,17923.582430684382,4208.1,2021,26.914036537019726,1.2853838829824347,486
622491,"Castillo, Luis",187.2,187.66666666666666,3180,296,9.3,26.3,107,83559.22254240385,4007.3,2021,26.914036537019726,1.2853838829824347,486
661269,"Gutierrez, Vladimir",114.0,114.0,1831,165,9.0,26.3,107,48110.98389603296,3798.2,2021,26.914036537019726,1.2853838829824347,486
607067,"Rea, Colin",6.0,6.0,91,7,7.7,26.3,107,2390.893692298333,3586.3,2021,26.914036537019726,1.2853838829824347,486
518886,"Kimbrel, Craig",59.2,59.666666666666664,1012,119,11.8,26.3,107,26661.34977606095,4021.5,2021,26.914036537019726,1.2853838829824347,486
543606,"Odorizzi, Jake",104.2,104.66666666666667,1848,159,8.6,26.3,107,48670.991056777304,4185.1,2021,26.914036537019726,1.2853838829824347,486
670950,"Richards, Trevor",64.1,64.33333333333333,1063,103,9.7,26.3,107,27940.788891693355,3908.8,2021,26.914036537019726,1.2853838829824347,486
623437,"Topa, Justin",3.1,3.3333333333333335,89,7,7.9,26.3,107,2338.2327402292876,6313.2,2021,26.914036537019726,1.2853838829824347,486
505447,"Dickson, Brandon",2.0,2.0,35,8,22.9,26.4,107,922.3770763472509,4150.7,2021,26.914036537019726,1.2853838829824347,486
573668,"Minaya, Juan",40.0,40.0,659,60,9.1,26.3,107,17326.282705951133,3898.4,2021,26.914036537019726,1.2853838829824347,486
623352,"Hader, Josh",58.2,58.666666666666664,964,93,9.6,26.3,107,25364.01726910865,3891.1,2021,26.914036537019726,1.2853838829824347,486
542914,"Bass, Anthony",61.1,61.333333333333336,976,90,9.2,26.3,107,25643.09472891083,3762.8,2021,26.914036537019726,1.2853838829824347,486
519326,"Strickland, Hunter",58.2,58.666666666666664,981,78,8.0,26.3,107,25847.82477832071,3965.3,2021,26.914036537019726,1.2853838829824347,486
543294,"Hendricks, Kyle",181.0,181.0,2819,300,10.6,26.4,106,74309.72417582206,3695.0,2021,26.914036537019726,1.2853838829824347,486
544931,"Strasburg, Stephen",21.2,21.666666666666668,370,26,7.0,26.4,106,9780.165258332276,4062.5,2021,26.914036537019726,1.2853838829824347,486
650959,"Diplán, Marcos",30.0,30.0,512,54,10.5,26.4,106,13525.090506805498,4057.5,2021,26.914036537019726,1.2853838829824347,486
656803,"Norwood, James",5.0,5.0,94,6,6.4,26.4,106,2478.4205286134243,4461.2,2021,26.914036537019726,1.2853838829824347,486
614179,"Ruiz, José",65.0,65.0,1041,97,9.3,26.4,106,27445.388619741094,3800.1,2021,26.914036537019726,1.2853838829824347,486
669674,"Long, Sam",40.2,40.666666666666664,732,86,11.7,26.4,106,19321.560442662863,4276.1,2021,26.914036537019726,1.2853838829824347,486
664045,"Eshelman, Thomas",27.2,27.666666666666668,441,54,12.2,26.4,106,11644.190988901108,3787.9,2021,26.914036537019726,1.2853838829824347,486
592717,"Sanchez, Aaron",35.1,35.333333333333336,595,54,9.1,26.4,106,15697.790669930931,3998.5,2021,26.914036537019726,1.2853838829824347,486
456501,"Cueto, Johnny",114.2,114.66666666666667,1882,164,8.7,26.4,106,49634.75872925084,3895.8,2021,26.914036537019726,1.2853838829824347,486
664285,"Valdez, Framber",134.2,134.66666666666666,2094,201,9.6,26.4,106,55278.114228881954,3694.3,2021,26.914036537019726,1.2853838829824347,486
663554,"Mize, Casey",150.1,150.33333333333334,2357,231,9.8,26.4,106,62277.1221195754,3728.3,2021,26.914036537019726,1.2853838829824347,486
657053,"Toussaint, Touki",50.0,50.0,824,78,9.5,26.4,106,21735.429377421537,3912.4,2021,26.914036537019726,1.2853838829824347,486
650633,"King, Michael",63.1,63.333333333333336,1012,99,9.8,26.4,106,26694.59289276222,3793.4,2021,26.914036537019726,1.2853838829824347,486
572143,"Smith, Burch",43.1,43.333333333333336,678,59,8.7,26.4,106,17878.637810320597,3713.3,2021,26.914036537019726,1.2853838829824347,486
663776,"Sandoval, Patrick",87.0,87.0,1444,132,9.1,26.4,106,38078.16344308175,3939.1,2021,26.914036537019726,1.2853838829824347,486
518774,"Harvey, Matt",127.2,127.66666666666667,2236,208,9.3,26.4,106,59004.84831274954,4159.6,2021,26.914036537019726,1.2853838829824347,486
681911,"Vesia, Alex",40.0,40.0,663,81,12.2,26.4,106,17486.268576017694,3934.4,2021,26.914036537019726,1.2853838829824347,486
642100,"Speier, Gabe",7.2,7.666666666666667,105,5,4.8,26.4,106,2770.739007002168,3252.6,2021,26.914036537019726,1.2853838829824347,486
642121,"Sulser, Cole",63.1,63.333333333333336,1070,110,10.3,26.4,106,28229.956954618985,4011.6,2021,26.914036537019726,1.2853838829824347,486
650347,"Madero, Luís",12.0,12.0,218,26,11.9,26.5,105,5775.1731084085095,4331.4,2021,26.914036537019726,1.2853838829824347,486
666808,"Doval, Camilo",27.0,27.0,456,40,8.8,26.5,105,12088.496574384764,4029.5,2021,26.914036537019726,1.2853838829824347,486
643511,"Rogers, Tyler",81.0,81.0,1129,132,11.7,26.5,105,29864.053433965368,3318.2,2021,26.914036537019726,1.2853838829824347,486
671345,"Foley, Jason",10.1,10.333333333333334,198,17,8.6,26.5,105,5245.343245191934,4568.5,2021,26.914036537019726,1.2853838829824347,486
656818,"Overton, Connor",15.1,15.333333333333334,274,29,10.6,26.5,105,7250.306262164924,4255.6,2021,26.914036537019726,1.2853838829824347,486
601713,"Pivetta, Nick",155.0,155.0,2753,293,10.6,26.5,105,72940.94476691578,4235.3,2021,26.914036537019726,1.2853838829824347,486
621056,"Wood, Hunter",5.0,5.0,66,7,10.6,26.5,105,1750.1812297703245,3150.3,2021,26.914036537019726,1.2853838829824347,486
656302,"Cease, Dylan",165.2,165.66666666666666,2957,291,9.8,26.5,105,78424.82685503578,4260.5,2021,26.914036537019726,1.2853838829824347,486
628317,"Maeda, Kenta",106.1,106.33333333333333,1776,187,10.5,26.5,105,47053.109023250116,3982.6,2021,26.914036537019726,1.2853838829824347,486
669622,"Bender, Anthony",61.1,61.333333333333336,985,97,9.8,26.5,105,26092.140023614746,3828.7,2021,26.914036537019726,1.2853838829824347,486
672715,"Patiño, Luis",77.1,77.33333333333333,1371,134,9.8,26.5,105,36322.3565969812,4227.2,2021,26.914036537019726,1.2853838829824347,486
605138,"Benjamin, Wes",22.2,22.666666666666668,461,46,10.0,26.4,105,12191.851366649717,4840.9,2021,26.914036537019726,1.2853838829824347,486
656353,"Davidson, Tucker",20.0,20.0,303,28,9.2,26.4,105,8014.251038153375,3606.4,2021,26.914036537019726,1.2853838829824347,486
642207,"Williams, Devin",54.0,54.0,993,101,10.2,26.5,105,26266.7108431299,4377.8,2021,26.914036537019726,1.2853838829824347,486
594577,"Mayers, Mike",75.0,75.0,1236,135,10.9,26.5,105,32701.61765234956,3924.2,2021,26.914036537019726,1.2853838829824347,486
676596,"Fleming, Josh",104.1,104.33333333333333,1649,169,10.2,26.5,105,43726.56807566528,3771.9,2021,26.914036537019726,1.2853838829824347,486
598264,"Barnes, Matt",54.2,54.666666666666664,925,90,9.7,26.5,105,24488.312328516065,4031.6,2021,26.914036537019726,1.2853838829824347,486
663734,"Neidert, Nick",35.2,35.666666666666664,602,55,9.1,26.4,105,15921.022982824712,4017.5,2021,26.914036537019726,1.2853838829824347,486
445926,"Chavez, Jesse",33.2,33.666666666666664,532,59,11.1,26.6,104,14141.005621543987,3780.3,2021,26.914036537019726,1.2853838829824347,486
676879,"Ashby, Aaron",31.2,31.666666666666668,532,53,10.0,26.6,104,14154.327068297007,4022.8,2021,26.914036537019726,1.2853838829824347,486
621074,"Rucker, Michael",28.1,28.333333333333332,490,56,11.4,26.6,104,13027.893245507681,4138.3,2021,26.914036537019726,1.2853838829824347,486
594809,"Eaton, Adam",1.0,1.0,21,1,4.8,26.6,104,558.8003254546701,5029.2,2021,26.914036537019726,1.2853838829824347,486
571735,"Hale, David",26.2,26.666666666666668,465,55,11.8,26.6,104,12352.74359237645,4169.1,2021,26.914036537019726,1.2853838829824347,486
502522,"Miller, Justin",19.0,19.0,295,37,12.5,26.6,104,7846.8277951343425,3716.9,2021,26.914036537019726,1.2853838829824347,486
656970,"Smeltzer, Devin",4.2,4.666666666666667,52,4,7.7,26.6,104,1381.6863015398376,2664.7,2021,26.914036537019726,1.2853838829824347,486
663423,"Thornton, Trent",49.0,49.0,914,76,8.3,26.6,104,24269.638738972753,4457.7,2021,26.914036537019726,1.2853838829824347,486
669935,"Alexy, A.J.",23.0,23.0,424,30,7.1,26.5,104,11250.739596212483,4402.5,2021,26.914036537019726,1.2853838829824347,486
593576,"Neris, Héctor",74.1,74.33333333333333,1255,127,10.1,26.6,104,33363.8426842958,4039.6,2021,26.914036537019726,1.2853838829824347,486
641360,"Bickford, Phil",51.1,51.333333333333336,803,83,10.3,26.6,104,21353.160824491584,3743.7,2021,26.914036537019726,1.2853838829824347,486
621219,"Mills, Alec",119.0,119.0,1941,220,11.3,26.6,104,51590.42053284536,3901.8,2021,26.914036537019726,1.2853838829824347,486
657248,"Otto Jr., Glenn",23.1,23.333333333333332,448,55,12.3,26.6,104,11905.052028248996,4591.9,2021,26.914036537019726,1.2853838829824347,486
667463,"King, John",46.0,46.0,700,73,10.4,26.6,104,18620.654726917775,3643.2,2021,26.914036537019726,1.2853838829824347,486
656420,"Feyereisen, J.P.",56.0,56.0,987,105,10.6,26.6,104,26258.077155468593,4220.0,2021,26.914036537019726,1.2853838829824347,486
657756,"Seabold, Connor",3.0,3.0,43,3,7.0,26.6,104,1142.2848828703814,3426.9,2021,26.914036537019726,1.2853838829824347,486
621076,"Kaprielian, James",119.1,119.33333333333333,2024,204,10.1,26.6,104,53816.62629141692,4058.8,2021,26.914036537019726,1.2853838829824347,486
543056,"Coulombe, Danny",34.1,34.333333333333336,533,63,11.8,26.6,104,14181.027540701798,3717.4,2021,26.914036537019726,1.2853838829824347,486
605507,"Thompson, Zach",75.0,75.0,1198,114,9.5,26.6,104,31873.401229483334,3824.8,2021,26.914036537019726,1.2853838829824347,486
642083,"Slegers, Aaron",31.0,31.0,570,59,10.4,26.5,104,15130.975185531885,4392.9,2021,26.914036537019726,1.2853838829824347,486
519293,"Smith, Will",68.0,68.0,1087,133,12.2,26.6,104,28907.73952743739,3826.0,2021,26.914036537019726,1.2853838829824347,486
605513,"Turnbull, Spencer",50.0,50.0,775,73,9.4,26.6,104,20612.73777070838,3710.3,2021,26.914036537019726,1.2853838829824347,486
621248,"Garza Jr., Ralph",30.1,30.333333333333332,489,52,10.6,26.6,104,13014.143021552285,3861.3,2021,26.914036537019726,1.2853838829824347,486
656322,"Coonrod, Sam",42.1,42.333333333333336,716,77,10.8,26.5,104,18995.61164403708,4038.4,2021,26.914036537019726,1.2853838829824347,486
553902,"Astudillo, Willians",4.0,4.0,51,4,7.8,26.7,103,1361.4498820725491,3063.3,2021,26.914036537019726,1.2853838829824347,486
605521,"Warren, Art",21.0,21.0,342,33,9.6,26.7,103,9126.725900753043,3911.5,2021,26.914036537019726,1.2853838829824347,486
570666,"Cessa, Luis",64.2,64.66666666666667,953,126,13.2,26.7,103,25428.53472709382,3539.0,2021,26.914036537019726,1.2853838829824347,486
595014,"Treinen, Blake",72.1,72.33333333333333,1099,124,11.3,26.6,103,29255.78683172342,3640.1,2021,26.914036537019726,1.2853838829824347,486
615698,"Quantrill, Cal",149.2,149.66666666666666,2357,253,10.7,26.6,103,62776.32410486985,3775.0,2021,26.914036537019726,1.2853838829824347,486
664714,"Newsome, Ljay",14.2,14.666666666666666,280,29,10.4,26.6,103,7454.3997728831755,4574.3,2021,26.914036537019726,1.2853838829824347,486
502327,"Santiago, Héctor",26.1,26.333333333333332,491,60,12.2,26.6,103,13070.1993501197,4467.0,2021,26.914036537019726,1.2853838829824347,486
607074,"Rodón, Carlos",132.2,132.66666666666666,2223,229,10.3,26.7,103,59314.06576635057,4023.8,2021,26.914036537019726,1.2853838829824347,486
542960,"Brach, Brad",30.0,30.0,587,60,10.2,26.6,103,15624.177968201308,4687.3,2021,26.914036537019726,1.2853838829824347,486
650382,"Hernández, Darwinzon",40.0,40.0,754,74,9.8,26.7,103,20113.893325850153,4525.6,2021,26.914036537019726,1.2853838829824347,486
657024,"Swanson, Erik",35.1,35.333333333333336,568,65,11.4,26.7,103,15161.224682532578,3861.8,2021,26.914036537019726,1.2853838829824347,486
641401,"Brogdon, Connor",57.2,57.666666666666664,931,98,10.5,26.7,103,24840.548950398887,3876.8,2021,26.914036537019726,1.2853838829824347,486
608328,"De Jong, Chase",43.2,43.666666666666664,783,80,10.2,26.7,102,20943.17857249839,4316.5,2021,26.914036537019726,1.2853838829824347,486
608638,"Chargois, JT",53.2,53.666666666666664,888,81,9.1,26.7,102,23721.865510777952,3978.2,2021,26.914036537019726,1.2853838829824347,486
621121,"McCullers Jr., Lance",162.1,162.33333333333334,2788,278,10.0,26.8,102,74676.36475453805,4140.2,2021,26.914036537019726,1.2853838829824347,486
547179,"Lorenzen, Michael",29.0,29.0,481,61,12.7,26.7,102,12854.803640254333,3989.4,2021,26.914036537019726,1.2853838829824347,486
676050,"Naughton, Packy",22.2,22.666666666666668,387,36,9.3,26.7,102,10343.331585287924,4106.9,2021,26.914036537019726,1.2853838829824347,486
489119,"Miley, Wade",163.0,163.0,2592,271,10.5,26.8,102,69347.03717312084,3829.0,2021,26.914036537019726,1.2853838829824347,486
650668,"Mejía, Humberto",22.1,22.333333333333332,425,49,11.5,26.8,102,11380.543525042402,4586.2,2021,26.914036537019726,1.2853838829824347,486
543475,"Lyles, Jordan",180.0,180.0,2964,313,10.6,26.8,102,79344.93501711494,3967.2,2021,26.914036537019726,1.2853838829824347,486
664074,"Ponce, Cody",38.1,38.333333333333336,716,77,10.8,26.7,102,19145.449095110973,4495.0,2021,26.914036537019726,1.2853838829824347,486
650895,"Castillo, Diego",58.1,58.333333333333336,944,117,12.4,26.8,102,25273.468987622666,3899.3,2021,26.914036537019726,1.2853838829824347,486
571578,"Corbin, Patrick",171.2,171.66666666666666,2756,326,11.8,26.7,102,73675.55799279992,3862.6,2021,26.914036537019726,1.2853838829824347,486
592426,"Jackson, Luke",63.2,63.666666666666664,1062,101,9.5,26.8,102,28429.311667712147,4018.8,2021,26.914036537019726,1.2853838829824347,486
592346,"González, Chi Chi",101.2,101.66666666666667,1635,171,10.5,26.8,102,43760.130799845065,3873.8,2021,26.914036537019726,1.2853838829824347,486
453281,"LeBlanc, Wade",49.0,49.0,804,77,9.6,26.8,102,21533.96354832239,3955.2,2021,26.914036537019726,1.2853838829824347,486
446372,"Kluber, Corey",80.0,80.0,1338,140,10.5,26.8,102,35796.420581899685,4027.1,2021,26.914036537019726,1.2853838829824347,486
593958,"Rodriguez, Eduardo",157.2,157.66666666666666,2721,291,10.7,26.8,101,72998.24542465081,4166.9,2021,26.914036537019726,1.2853838829824347,486
621345,"Minter, A.J.",52.1,52.333333333333336,876,95,10.8,26.8,101,23488.014406774666,4039.3,2021,26.914036537019726,1.2853838829824347,486
606930,"Barnes, Jacob",28.2,28.666666666666668,570,59,10.4,26.8,101,15269.156953444119,4793.8,2021,26.914036537019726,1.2853838829824347,486
665733,"Santos, Antonio",11.1,11.333333333333334,176,14,8.0,26.8,101,4716.206229541902,3745.2,2021,26.914036537019726,1.2853838829824347,486
642758,"Acevedo, Domingo",11.0,11.0,174,19,10.9,26.8,101,4662.9765359433095,3815.2,2021,26.914036537019726,1.2853838829824347,486
622503,"Crismatt, Nabil",81.1,81.33333333333333,1343,125,9.3,26.8,101,35978.80893470907,3981.3,2021,26.914036537019726,1.2853838829824347,486
624133,"Suarez, Ranger",106.0,106.0,1626,176,10.8,26.8,101,43570.88115552151,3699.4,2021,26.914036537019726,1.2853838829824347,486
547942,"Kim, Kwang Hyun",106.2,106.66666666666667,1789,170,9.5,26.8,101,47935.33448335239,4044.5,2021,26.914036537019726,1.2853838829824347,486
448281,"Doolittle, Sean",49.2,49.666666666666664,878,106,12.1,26.8,101,23567.173025073396,4270.6,2021,26.914036537019726,1.2853838829824347,486
592866,"Williams, Trevor",91.0,91.0,1537,195,12.7,26.8,101,41220.31810360056,4076.7,2021,26.914036537019726,1.2853838829824347,486
571882,"Law, Derek",15.0,15.0,292,37,12.7,26.8,101,7831.99891227047,4699.2,2021,26.914036537019726,1.2853838829824347,486
608650,"Enns, Dietrich",22.1,22.333333333333332,360,35,9.7,26.9,101,9667.854425602496,3896.0,2021,26.914036537019726,1.2853838829824347,486
592390,"Hembree, Heath",58.0,58.0,1094,138,12.6,26.8,101,29356.843880826706,4555.4,2021,26.914036537019726,1.2853838829824347,486
626929,"Thorpe, Lewis",15.1,15.333333333333334,251,28,11.2,26.8,101,6730.656575626073,3950.6,2021,26.914036537019726,1.2853838829824347,486
474463,"Anderson, Brett",96.0,96.0,1508,160,10.6,26.9,100,40579.23579552025,3804.3,2021,26.914036537019726,1.2853838829824347,486
458708,"Tomlin, Josh",49.1,49.333333333333336,808,81,10.0,26.9,100,21717.811619309854,3962.0,2021,26.914036537019726,1.2853838829824347,486
681806,"Wantz, Andrew",27.1,27.333333333333332,487,58,11.9,27.0,100,13126.837897245723,4322.3,2021,26.914036537019726,1.2853838829824347,486
518489,"Brasier, Ryan",12.0,12.0,197,24,12.2,26.9,100,5299.460326555625,3974.6,2021,26.914036537019726,1.2853838829824347,486
502043,"Gibson, Kyle",182.0,182.0,2889,328,11.4,27.0,100,77878.06909636341,3851.1,2021,26.914036537019726,1.2853838829824347,486
621366,"Borucki, Ryan",23.2,23.666666666666668,369,45,12.2,26.9,100,9943.525420870743,3781.3,2021,26.914036537019726,1.2853838829824347,486
518617,"Diekman, Jake",60.2,60.666666666666664,1126,116,10.3,26.9,100,30329.047236069327,4499.4,2021,26.914036537019726,1.2853838829824347,486
669214,"Menez, Conner",14.0,14.0,247,27,10.9,26.9,100,6637.8596900403145,4267.2,2021,26.914036537019726,1.2853838829824347,486
523260,"Kelly, Joe",44.0,44.0,716,88,12.3,26.9,100,19244.439506823215,3936.4,2021,26.914036537019726,1.2853838829824347,486
543272,"Hand, Brad",64.2,64.66666666666667,1088,137,12.6,26.9,100,29250.4454684776,4070.9,2021,26.914036537019726,1.2853838829824347,486
622110,"Duffy, Matt",0.1,0.3333333333333333,5,0,0.0,26.9,100,134.48584208969297,3631.1,2021,26.914036537019726,1.2853838829824347,486
642092,"Smith, Riley",67.1,67.33333333333333,1078,141,13.1,26.9,100,29051.183376869332,3883.1,2021,26.914036537019726,1.2853838829824347,486
676477,"Whitlock, Garrett",73.1,73.33333333333333,1158,137,11.8,26.9,100,31148.463217822846,3822.8,2021,26.914036537019726,1.2853838829824347,486
656981,"Solomon, Peter",14.0,14.0,227,17,7.5,26.9,100,6103.289642297328,3923.5,2021,26.914036537019726,1.2853838829824347,486
593974,"Peralta, Wandy",51.0,51.0,811,90,11.1,26.9,100,21823.191741197883,3851.2,2021,26.914036537019726,1.2853838829824347,486
596082,"Reed, Jake",10.0,10.0,164,24,14.6,26.9,100,4410.883672347807,3969.8,2021,26.914036537019726,1.2853838829824347,486
670550,"Rodriguez, Nivaldo",7.1,7.333333333333333,114,14,12.3,26.9,100,3064.7256838703834,3761.3,2021,26.914036537019726,1.2853838829824347,486
641816,"Mahle, Tyler",180.0,180.0,3196,335,10.5,26.9,100,86106.85808807527,4305.3,2021,26.914036537019726,1.2853838829824347,486
669169,"Heasley, Jonathan",14.2,14.666666666666666,250,19,7.6,27.0,99,6742.466627044777,4137.4,2021,26.914036537019726,1.2853838829824347,486
656427,"Flaherty, Jack",78.1,78.33333333333333,1357,159,11.7,27.0,99,36638.267148117215,4209.5,2021,26.914036537019726,1.2853838829824347,486
656578,"Jackson, Andre",11.2,11.666666666666666,199,27,13.6,27.0,99,5369.369405943207,4142.1,2021,26.914036537019726,1.2853838829824347,486
671790,"Bolaños, Ronald",6.1,6.333333333333333,106,5,4.7,27.0,99,2860.3557496075327,4064.7,2021,26.914036537019726,1.2853838829824347,486
607625,"Lugo, Seth",46.1,46.333333333333336,738,98,13.3,27.0,99,19930.002060972318,3871.3,2021,26.914036537019726,1.2853838829824347,486
593372,"Martinez, Carlos",82.1,82.33333333333333,1289,155,12.0,27.0,99,34850.48755946515,3809.6,2021,26.914036537019726,1.2853838829824347,486
607200,"Fedde, Erick",133.1,133.33333333333334,2433,264,10.9,27.0,99,65722.03600022562,4436.2,2021,26.914036537019726,1.2853838829824347,486
572888,"Greene, Shane",23.2,23.666666666666668,468,49,10.5,27.0,99,12646.362579389011,4809.2,2021,26.914036537019726,1.2853838829824347,486
543766,"Shaw, Bryan",77.1,77.33333333333333,1367,142,10.4,27.0,99,36946.169133494564,4299.8,2021,26.914036537019726,1.2853838829824347,486
672335,"Pérez, Cionel",24.0,24.0,458,42,9.2,27.0,99,12375.14198940711,4640.7,2021,26.914036537019726,1.2853838829824347,486
573204,"Thielbar, Caleb",64.0,64.0,1108,125,11.3,27.0,99,29951.818772204086,4212.0,2021,26.914036537019726,1.2853838829824347,486
605151,"Bradley, Archie",51.0,51.0,925,106,11.5,27.0,99,24954.041444818133,4403.7,2021,26.914036537019726,1.2853838829824347,486
519455,"Zimmermann, Jordan",5.2,5.666666666666667,82,10,12.2,27.0,99,2211.3313807080235,3512.1,2021,26.914036537019726,1.2853838829824347,486
605483,"Snell, Blake",128.2,128.66666666666666,2351,257,10.9,27.0,99,63417.52509060045,4435.9,2021,26.914036537019726,1.2853838829824347,486
592858,"Wick, Rowan",23.0,23.0,400,53,13.2,27.0,99,10806.16528875851,4228.5,2021,26.914036537019726,1.2853838829824347,486
666168,"Thompson, Mason",24.2,24.666666666666668,427,42,9.8,27.0,99,11517.500042959324,4202.3,2021,26.914036537019726,1.2853838829824347,486
661563,"Gil, Luis",29.1,29.333333333333332,532,52,9.8,27.0,99,14370.445752379432,4409.1,2021,26.914036537019726,1.2853838829824347,486
612434,"Castro, Miguel",70.1,70.33333333333333,1228,114,9.3,27.0,99,33132.256234025954,4239.7,2021,26.914036537019726,1.2853838829824347,486
658551,"Fernández, Junior",20.2,20.666666666666668,376,37,9.8,27.0,99,10166.433332793129,4427.3,2021,26.914036537019726,1.2853838829824347,486
675912,"Lowther, Zac",29.2,29.666666666666668,571,61,10.7,27.0,99,15440.053552367286,4684.1,2021,26.914036537019726,1.2853838829824347,486
502624,"Anderson, Chase",48.0,48.0,856,88,10.3,27.0,99,23133.328812334785,4337.5,2021,26.914036537019726,1.2853838829824347,486
502706,"Holland, Derek",49.2,49.666666666666664,839,101,12.0,27.0,99,22673.717723294885,4108.7,2021,26.914036537019726,1.2853838829824347,486
592716,"Sampson, Adrian",35.1,35.333333333333336,554,54,9.7,27.1,98,15005.740906079518,3822.2,2021,26.914036537019726,1.2853838829824347,486
572971,"Keuchel, Dallas",162.0,162.0,2730,298,10.9,27.1,98,73946.94681109424,4108.2,2021,26.914036537019726,1.2853838829824347,486
623433,"Anderson, Nick",6.0,6.0,102,10,9.8,27.1,98,2762.217262685475,4143.3,2021,26.914036537019726,1.2853838829824347,486
573109,"Ramos, AJ",4.2,4.666666666666667,62,8,12.9,27.1,98,1677.8348093200348,3235.8,2021,26.914036537019726,1.2853838829824347,486
667498,"Dugger, Robert",25.2,25.666666666666668,461,48,10.4,27.1,98,12501.564897376013,4383.7,2021,26.914036537019726,1.2853838829824347,486
641712,"Hudson, Dakota",8.2,8.666666666666666,131,12,9.2,27.1,98,3545.1764667955035,3681.5,2021,26.914036537019726,1.2853838829824347,486
554431,"Matzek, Tyler",63.0,63.0,1085,105,9.7,27.1,98,29417.140303087657,4202.4,2021,26.914036537019726,1.2853838829824347,486
595411,"Sherriff, Ryan",14.2,14.666666666666666,278,35,12.6,27.1,98,7527.02058289288,4618.9,2021,26.914036537019726,1.2853838829824347,486
672851,"Adon, Joan",5.1,5.333333333333333,94,9,9.6,27.1,98,2545.0063480847984,4294.7,2021,26.914036537019726,1.2853838829824347,486
664918,"Keller, Kyle",33.1,33.333333333333336,660,69,10.5,27.1,98,17875.283120986813,4826.3,2021,26.914036537019726,1.2853838829824347,486
607536,"Freeland, Kyle",120.2,120.66666666666667,1888,209,11.1,27.1,98,51203.71919107491,3819.1,2021,26.914036537019726,1.2853838829824347,486
663992,"Lovelady, Richard",20.2,20.666666666666668,319,42,13.2,27.1,98,8637.796736525619,3761.6,2021,26.914036537019726,1.2853838829824347,486
622065,"Young, Alex",52.0,52.0,926,86,9.3,27.1,98,25109.028797576706,4345.8,2021,26.914036537019726,1.2853838829824347,486
665620,"García, Deivi",8.1,8.333333333333334,153,18,11.8,27.2,97,4154.888340551418,4487.3,2021,26.914036537019726,1.2853838829824347,486
596825,"García, Robel",1.0,1.0,29,1,3.4,27.2,97,788.8627251900848,7099.8,2021,26.914036537019726,1.2853838829824347,486
663460,"Bubic, Kris",130.0,130.0,2202,253,11.5,27.2,97,59873.02309456229,4145.1,2021,26.914036537019726,1.2853838829824347,486
677976,"Dobnak, Randy",50.2,50.666666666666664,765,92,12.0,27.2,97,20793.329056293947,3693.6,2021,26.914036537019726,1.2853838829824347,486
664139,"Gibaut, Ian",6.2,6.666666666666667,104,11,10.6,27.1,97,2821.631350696883,3809.2,2021,26.914036537019726,1.2853838829824347,486
542888,"Armstrong, Shawn",36.0,36.0,685,89,13.0,27.1,97,18584.486789318344,4646.1,2021,26.914036537019726,1.2853838829824347,486
664123,"Effross, Scott",14.2,14.666666666666666,222,30,13.5,27.2,97,6040.0837537442385,3706.4,2021,26.914036537019726,1.2853838829824347,486
666205,"Muller, Kyle",36.2,36.666666666666664,681,70,10.3,27.1,97,18487.920433453062,4537.9,2021,26.914036537019726,1.2853838829824347,486
592741,"Shreve, Chasen",56.1,56.333333333333336,935,91,9.7,27.2,97,25403.012139028044,4058.5,2021,26.914036537019726,1.2853838829824347,486
656212,"Barnes, Charlie",38.0,38.0,655,83,12.7,27.1,97,17770.276261030765,4208.7,2021,26.914036537019726,1.2853838829824347,486
607216,"Krehbiel, Joey",8.1,8.333333333333334,133,19,14.3,27.1,97,3610.1549153060796,3899.0,2021,26.914036537019726,1.2853838829824347,486
663574,"Santillan, Tony",43.1,43.333333333333336,761,72,9.5,27.2,97,20702.01494866532,4299.6,2021,26.914036537019726,1.2853838829824347,486
453192,"Miller, Andrew",36.0,36.0,624,65,10.4,27.2,97,16961.697928558537,4240.4,2021,26.914036537019726,1.2853838829824347,486
668941,"Romero, JoJo",9.0,9.0,175,22,12.6,27.2,97,4755.3263975227965,4755.3,2021,26.914036537019726,1.2853838829824347,486
660853,"De Los Santos, Enyel",35.1,35.333333333333336,711,89,12.5,27.2,97,19327.064695178193,4922.9,2021,26.914036537019726,1.2853838829824347,486
605525,"Wendelken, J.B.",43.2,43.666666666666664,759,73,9.6,27.2,97,20632.5605275984,4252.5,2021,26.914036537019726,1.2853838829824347,486
592773,"Stanek, Ryne",68.1,68.33333333333333,1177,123,10.5,27.3,96,32107.16337295907,4228.7,2021,26.914036537019726,1.2853838829824347,486
621249,"Underwood Jr., Duane",72.2,72.66666666666667,1181,135,11.4,27.3,96,32188.971192162528,3986.7,2021,26.914036537019726,1.2853838829824347,486
608334,"Fulmer, Carson",25.2,25.666666666666668,448,57,12.7,27.3,96,12214.68241589832,4283.1,2021,26.914036537019726,1.2853838829824347,486
641541,"Duplantier, Jon",13.0,13.0,270,25,9.3,27.2,96,7353.925266366323,5091.2,2021,26.914036537019726,1.2853838829824347,486
656638,"Lange, Alex",35.2,35.666666666666664,639,76,11.9,27.3,96,17443.654779559252,4401.7,2021,26.914036537019726,1.2853838829824347,486
519008,"McFarland, T.J.",38.2,38.666666666666664,516,58,11.2,27.2,96,14059.79383610925,3272.5,2021,26.914036537019726,1.2853838829824347,486
608665,"Graveman, Kendall",56.0,56.0,875,107,12.2,27.3,96,23875.113377271176,3837.1,2021,26.914036537019726,1.2853838829824347,486
669912,"Snead, Kirby",7.2,7.666666666666667,111,7,6.3,27.2,96,3023.9438879883023,3549.8,2021,26.914036537019726,1.2853838829824347,486
621433,"Phillips, Brett",1.0,1.0,23,0,0.0,27.2,96,625.9357272117228,5633.4,2021,26.914036537019726,1.2853838829824347,486
600887,"Del Pozo, Miguel",5.1,5.333333333333333,80,6,7.5,27.3,96,2182.2285987522737,3682.5,2021,26.914036537019726,1.2853838829824347,486
543339,"Hudson, Daniel",51.2,51.666666666666664,869,121,13.9,27.3,96,23683.289340104715,4125.5,2021,26.914036537019726,1.2853838829824347,486
605242,"Fulmer, Michael",69.2,69.66666666666667,1190,127,10.7,27.2,96,32422.594120971797,4188.6,2021,26.914036537019726,1.2853838829824347,486
665621,"García, Rony",3.2,3.6666666666666665,56,9,16.1,27.3,96,1528.1405071755216,3750.9,2021,26.914036537019726,1.2853838829824347,486
475054,"Roe, Chaz",0.2,0.6666666666666666,23,3,13.0,27.2,96,625.9759843449591,8450.7,2021,26.914036537019726,1.2853838829824347,486
641729,"Jiménez, Joe",45.1,45.333333333333336,870,107,12.3,27.3,96,23719.01438545036,4708.9,2021,26.914036537019726,1.2853838829824347,486
592222,"Claudio, Alex",32.2,32.666666666666664,591,74,12.5,27.4,95,16179.331201959776,4457.6,2021,26.914036537019726,1.2853838829824347,486
621057,"Garza, Justin",28.2,28.666666666666668,503,65,12.9,27.3,95,13743.955607811462,4315.0,2021,26.914036537019726,1.2853838829824347,486
527048,"Pérez, Martín",114.0,114.0,1867,233,12.5,27.4,95,51126.27566372289,4036.3,2021,26.914036537019726,1.2853838829824347,486
649144,"Wells, Alex",42.2,42.666666666666664,754,89,11.8,27.3,95,20613.456225595844,4348.2,2021,26.914036537019726,1.2853838829824347,486
547973,"Chapman, Aroldis",56.1,56.333333333333336,1012,114,11.3,27.3,95,27644.084945623265,4416.5,2021,26.914036537019726,1.2853838829824347,486
668820,"Kranick, Max",38.2,38.666666666666664,686,75,10.9,27.3,95,18756.739661647756,4365.8,2021,26.914036537019726,1.2853838829824347,486
592879,"Wojciechowski, Asher",4.0,4.0,83,10,12.0,27.3,95,2268.188211954588,5103.4,2021,26.914036537019726,1.2853838829824347,486
571521,"Brothers, Rex",53.0,53.0,1003,113,11.3,27.4,95,27448.696748697792,4661.1,2021,26.914036537019726,1.2853838829824347,486
518858,"Jones, Nate",19.0,19.0,322,38,11.8,27.4,95,8807.708732080702,4172.1,2021,26.914036537019726,1.2853838829824347,486
669211,"Akin, Keegan",95.0,95.0,1772,220,12.4,27.4,95,48466.27619298023,4591.5,2021,26.914036537019726,1.2853838829824347,486
657044,"Thompson, Ryan",34.0,34.0,491,65,13.2,27.4,95,13445.450772278446,3559.1,2021,26.914036537019726,1.2853838829824347,486
621368,"Hearn, Taylor",104.1,104.33333333333333,1730,214,12.4,27.3,95,47242.27312356965,4075.2,2021,26.914036537019726,1.2853838829824347,486
605288,"Houser, Adrian",142.1,142.33333333333334,2352,270,11.5,27.4,95,64398.32931114858,4072.0,2021,26.914036537019726,1.2853838829824347,486
605347,"López, Jorge",121.2,121.66666666666667,2174,242,11.1,27.4,95,59531.825280136414,4403.7,2021,26.914036537019726,1.2853838829824347,486
605154,"Brebbia, John",18.1,18.333333333333332,340,51,15.0,27.3,95,9296.051638274592,4563.5,2021,26.914036537019726,1.2853838829824347,486
598286,"Ramirez, Nick",20.1,20.333333333333332,320,49,15.3,27.3,95,8751.317666647941,3873.5,2021,26.914036537019726,1.2853838829824347,486
621593,"Castro, Anthony",24.2,24.666666666666668,460,47,10.2,27.3,95,12564.086000132214,4584.2,2021,26.914036537019726,1.2853838829824347,486
656457,"Gilbert, Tyler",40.0,40.0,600,73,12.2,27.3,95,16386.559527767313,3687.0,2021,26.914036537019726,1.2853838829824347,486
657093,"Watkins, Spenser",54.2,54.666666666666664,960,96,10.0,27.3,95,26251.650650755015,4321.9,2021,26.914036537019726,1.2853838829824347,486
660546,"Díaz, Yennsy",25.0,25.0,451,51,11.3,27.3,95,12315.671460272648,4433.6,2021,26.914036537019726,1.2853838829824347,486
608716,"Steckenrider, Drew",67.2,67.66666666666667,1013,145,14.3,27.3,95,27699.606397954904,3684.2,2021,26.914036537019726,1.2853838829824347,486
621242,"Díaz, Edwin",62.2,62.666666666666664,1003,137,13.7,27.3,95,27428.650138278994,3939.2,2021,26.914036537019726,1.2853838829824347,486
607374,"Tropeano, Nick",8.0,8.0,120,11,9.2,27.4,94,3290.4212576060777,3701.7,2021,26.914036537019726,1.2853838829824347,486
457918,"Happ, J.A.",152.1,152.33333333333334,2674,309,11.6,27.4,94,73371.42823495562,4334.9,2021,26.914036537019726,1.2853838829824347,486
640444,"Crowe, Wil",116.2,116.66666666666667,2175,256,11.8,27.4,94,59678.17811296289,4603.7,2021,26.914036537019726,1.2853838829824347,486
664199,"Clarke, Taylor",43.1,43.333333333333336,762,91,11.9,27.5,94,20917.586204178922,4344.4,2021,26.914036537019726,1.2853838829824347,486
476595,"Luetge, Lucas",72.1,72.33333333333333,1245,174,14.0,27.4,94,34130.5573666684,4246.7,2021,26.914036537019726,1.2853838829824347,486
642152,"Trivino III, Lou",73.2,73.66666666666667,1183,149,12.6,27.5,94,32491.99696344808,3969.6,2021,26.914036537019726,1.2853838829824347,486
517008,"Colomé, Alex",65.0,65.0,1106,126,11.4,27.5,94,30368.947873610276,4204.9,2021,26.914036537019726,1.2853838829824347,486
607481,"Bummer, Aaron",56.1,56.333333333333336,973,140,14.4,27.4,94,26685.517262819576,4263.4,2021,26.914036537019726,1.2853838829824347,486
664776,"Cousins, Jake",30.0,30.0,537,68,12.7,27.4,94,14718.999390350176,4415.7,2021,26.914036537019726,1.2853838829824347,486
595928,"Curtiss, John",44.1,44.333333333333336,703,105,14.9,27.4,94,19271.71683780212,3912.3,2021,26.914036537019726,1.2853838829824347,486
592826,"Velasquez, Vince",94.1,94.33333333333333,1758,210,11.9,27.5,94,48271.92369187014,4605.4,2021,26.914036537019726,1.2853838829824347,486
453343,"Melancon, Mark",64.2,64.66666666666667,1069,138,12.9,27.4,94,29325.22569725536,4081.3,2021,26.914036537019726,1.2853838829824347,486
664208,"Maton, Phil",66.2,66.66666666666667,1174,134,11.4,27.4,94,32225.92953814371,4350.5,2021,26.914036537019726,1.2853838829824347,486
533167,"Shoemaker, Matt",60.1,60.333333333333336,1068,135,12.6,27.4,94,29295.557598499712,4370.1,2021,26.914036537019726,1.2853838829824347,486
661383,"Ortega, Oliver",9.1,9.333333333333334,139,19,13.7,27.4,94,3813.1072559783393,3676.9,2021,26.914036537019726,1.2853838829824347,486
528748,"Castellanos, Humberto",45.2,45.666666666666664,726,83,11.4,27.4,94,19884.107372887276,3918.8,2021,26.914036537019726,1.2853838829824347,486
607455,"Banda, Anthony",33.2,33.666666666666664,614,82,13.4,27.5,93,16905.775020198653,4519.4,2021,26.914036537019726,1.2853838829824347,486
642397,"Soto, Gregory",63.2,63.666666666666664,1139,165,14.5,27.5,93,31357.98118774422,4432.8,2021,26.914036537019726,1.2853838829824347,486
488748,"Buchter, Ryan",16.1,16.333333333333332,298,38,12.8,27.6,93,8210.29267607626,4524.0,2021,26.914036537019726,1.2853838829824347,486
503449,"Peralta, Wily",93.2,93.66666666666667,1554,177,11.4,27.5,93,42801.2488305186,4112.6,2021,26.914036537019726,1.2853838829824347,486
571871,"Krol, Ian",18.2,18.666666666666668,349,41,11.7,27.5,93,9597.102054684134,4627.2,2021,26.914036537019726,1.2853838829824347,486
664076,"Cleavinger, Garrett",18.0,18.0,360,55,15.3,27.5,93,9905.040997863649,4952.5,2021,26.914036537019726,1.2853838829824347,486
622766,"Díaz, Miguel",42.0,42.0,695,80,11.5,27.5,93,19121.667709513295,4097.5,2021,26.914036537019726,1.2853838829824347,486
572070,"Richards, Garrett",136.2,136.66666666666666,2335,309,13.2,27.5,93,64323.43642120499,4235.9,2021,26.914036537019726,1.2853838829824347,486
605276,"Hess, David",20.0,20.0,371,43,11.6,27.6,93,10223.121664471748,4600.4,2021,26.914036537019726,1.2853838829824347,486
592761,"Smith, Caleb",113.2,113.66666666666667,2076,233,11.2,27.5,93,57120.811825821445,4522.8,2021,26.914036537019726,1.2853838829824347,486
592473,"Kolarek, Adam",9.0,9.0,190,11,5.8,27.5,93,5230.67508390942,5230.7,2021,26.914036537019726,1.2853838829824347,486
594986,"Ryan, Kyle",13.1,13.333333333333334,229,25,10.9,27.5,93,6295.937700214915,4249.8,2021,26.914036537019726,1.2853838829824347,486
445276,"Jansen, Kenley",69.0,69.0,1087,153,14.1,27.5,93,29905.010132572846,3900.7,2021,26.914036537019726,1.2853838829824347,486
624647,"González, Victor",35.1,35.333333333333336,562,64,11.4,27.6,92,15488.201015822493,3945.1,2021,26.914036537019726,1.2853838829824347,486
641682,"Hendrix, Ryan",31.2,31.666666666666668,548,58,10.6,27.6,92,15106.249404270106,4293.4,2021,26.914036537019726,1.2853838829824347,486
660365,"Yang, Hyeon-Jong",35.1,35.333333333333336,592,68,11.5,27.6,92,16333.366295456677,4160.4,2021,26.914036537019726,1.2853838829824347,486
650496,"Mejía, J.C.",52.1,52.333333333333336,982,113,11.5,27.6,92,27120.905822075965,4664.1,2021,26.914036537019726,1.2853838829824347,486
621295,"Wittgren, Nick",62.1,62.333333333333336,1033,138,13.4,27.6,92,28502.6638798671,4115.4,2021,26.914036537019726,1.2853838829824347,486
456034,"Price, David",73.2,73.66666666666667,1186,151,12.7,27.6,92,32757.351012303658,4002.0,2021,26.914036537019726,1.2853838829824347,486
544727,"Familia, Jeurys",59.1,59.333333333333336,1021,127,12.4,27.6,92,28212.827549920064,4279.5,2021,26.914036537019726,1.2853838829824347,486
594985,"Rowen, Ben",11.1,11.333333333333334,198,25,12.6,27.6,92,5461.252336287721,4336.9,2021,26.914036537019726,1.2853838829824347,486
664042,"Lakins, Travis",28.0,28.0,501,60,12.0,27.6,92,13816.833418785,4441.1,2021,26.914036537019726,1.2853838829824347,486
592135,"Bedrosian, Cam",25.0,25.0,468,53,11.3,27.6,92,12897.55523386037,4643.1,2021,26.914036537019726,1.2853838829824347,486
641755,"Kinley, Tyler",70.1,70.33333333333333,1147,149,13.0,27.6,92,31609.74983469854,4044.8,2021,26.914036537019726,1.2853838829824347,486
663432,"Rainey, Tanner",31.2,31.666666666666668,667,87,13.0,27.6,92,18435.622921319668,5239.6,2021,26.914036537019726,1.2853838829824347,486
622446,"Rodriguez, Jefry",24.1,24.333333333333332,412,46,11.2,27.6,92,11384.906112382267,4210.9,2021,26.914036537019726,1.2853838829824347,486
606160,"Montero, Rafael",49.1,49.333333333333336,874,128,14.6,27.6,92,24089.672428566977,4394.7,2021,26.914036537019726,1.2853838829824347,486
571670,"Floro, Dylan",64.0,64.0,1088,145,13.3,27.6,92,30027.25886263451,4222.6,2021,26.914036537019726,1.2853838829824347,486
642068,"Sheffield, Jordan",29.1,29.333333333333332,456,52,11.4,27.6,92,12570.345798556622,3856.8,2021,26.914036537019726,1.2853838829824347,486
656061,"Abreu, Albert",36.2,36.666666666666664,646,82,12.7,27.6,92,17813.63252887054,4372.4,2021,26.914036537019726,1.2853838829824347,486
593140,"Feliz, Michael",20.0,20.0,370,51,13.8,27.6,92,10215.157920763444,4596.8,2021,26.914036537019726,1.2853838829824347,486
458677,"Wilson, Justin",34.0,34.0,604,77,12.7,27.6,92,16687.21299833409,4417.2,2021,26.914036537019726,1.2853838829824347,486
670090,"Mills, Wyatt",12.2,12.666666666666666,230,33,14.3,27.7,91,6370.365196200984,4526.3,2021,26.914036537019726,1.2853838829824347,486
519076,"Nelson, Jimmy",29.0,29.0,523,62,11.9,27.7,91,14480.141074059862,4493.8,2021,26.914036537019726,1.2853838829824347,486
666200,"Luzardo, Jesús",95.1,95.33333333333333,1731,216,12.5,27.7,91,47937.708992093874,4525.6,2021,26.914036537019726,1.2853838829824347,486
657031,"Taylor, Josh",47.2,47.666666666666664,803,96,12.0,27.6,91,22197.844150335823,4191.2,2021,26.914036537019726,1.2853838829824347,486
595263,"Jannis, Mickey",3.1,3.3333333333333335,71,13,18.3,27.7,91,1966.3065315574,5309.0,2021,26.914036537019726,1.2853838829824347,486
491624,"Valdez, César",46.0,46.0,765,99,12.9,27.7,91,21199.932574073337,4147.8,2021,26.914036537019726,1.2853838829824347,486
595798,"Alaniz, R.J.",2.2,2.6666666666666665,71,9,12.7,27.7,91,1968.2528978039018,6642.9,2021,26.914036537019726,1.2853838829824347,486
664126,"Fairbanks, Pete",42.2,42.666666666666664,776,121,15.6,27.7,91,21460.178144080604,4526.8,2021,26.914036537019726,1.2853838829824347,486
596057,"Norris, Daniel",57.0,57.0,991,108,10.9,27.7,91,27402.72093969531,4326.7,2021,26.914036537019726,1.2853838829824347,486
623485,"Goudeau, Ashton",34.1,34.333333333333336,576,67,11.6,27.7,91,15957.408035540318,4183.0,2021,26.914036537019726,1.2853838829824347,486
572193,"Tepera, Ryan",61.1,61.333333333333336,951,122,12.8,27.7,91,26323.439340757213,3862.7,2021,26.914036537019726,1.2853838829824347,486
489265,"Romo, Sergio",61.2,61.666666666666664,1051,131,12.5,27.7,91,29096.42878951588,4246.5,2021,26.914036537019726,1.2853838829824347,486
664948,"Misiewicz, Anthony",54.2,54.666666666666664,902,118,13.1,27.7,91,24965.95170341061,4110.2,2021,26.914036537019726,1.2853838829824347,486
660620,"Araúz, Jonathan",1.0,1.0,12,2,16.7,27.7,91,332.18427288859317,2989.7,2021,26.914036537019726,1.2853838829824347,486
429722,"Santana, Ervin",65.1,65.33333333333333,1067,129,12.1,27.7,91,29544.401594143874,4069.9,2021,26.914036537019726,1.2853838829824347,486
606303,"Payamps, Joel",50.1,50.333333333333336,834,108,12.9,27.7,91,23068.237771648168,4124.8,2021,26.914036537019726,1.2853838829824347,486
656232,"Bielak, Brandon",50.0,50.0,835,107,12.8,27.8,90,23186.305658436173,4173.5,2021,26.914036537019726,1.2853838829824347,486
656458,"Gilbreath, Lucas",42.2,42.666666666666664,731,91,12.4,27.8,90,20298.969188953364,4281.8,2021,26.914036537019726,1.2853838829824347,486
452657,"Lester, Jon",141.1,141.33333333333334,2391,313,13.1,27.8,90,66410.58593936899,4229.0,2021,26.914036537019726,1.2853838829824347,486
667373,"Rondón, Angel",2.0,2.0,29,2,6.9,27.8,90,805.7334383884879,3625.8,2021,26.914036537019726,1.2853838829824347,486
519203,"Rizzo, Anthony",0.2,0.6666666666666666,15,0,0.0,27.8,90,416.45487788933195,5622.1,2021,26.914036537019726,1.2853838829824347,486
642203,"Widener, Taylor",70.1,70.33333333333333,1229,158,12.9,27.8,90,34172.312988092104,4372.8,2021,26.914036537019726,1.2853838829824347,486
640448,"Finnegan, Kyle",66.0,66.0,1225,168,13.7,27.8,90,33994.857689225195,4635.7,2021,26.914036537019726,1.2853838829824347,486
663753,"Knehr, Reiss",29.0,29.0,515,76,14.8,27.8,90,14313.597058121977,4442.2,2021,26.914036537019726,1.2853838829824347,486
642003,"Reed, Cody",9.2,9.666666666666666,148,19,12.8,27.8,90,4110.3866551379015,3826.9,2021,26.914036537019726,1.2853838829824347,486
642048,"Saucedo, Tayler",25.2,25.666666666666668,432,63,14.6,27.8,90,12007.235255571502,4210.3,2021,26.914036537019726,1.2853838829824347,486
669735,"Rodriguez, Chris",29.2,29.666666666666668,505,63,12.5,27.7,90,14006.663291830746,4249.2,2021,26.914036537019726,1.2853838829824347,486
641582,"Foster, Matt",39.0,39.0,729,80,11.0,27.8,90,20259.753504045406,4675.3,2021,26.914036537019726,1.2853838829824347,486
622251,"Staumont, Josh",65.2,65.66666666666667,1097,135,12.3,27.8,90,30505.627508778434,4181.0,2021,26.914036537019726,1.2853838829824347,486
543699,"Roark, Tanner",7.0,7.0,131,16,12.2,27.8,90,3638.533323059004,4678.1,2021,26.914036537019726,1.2853838829824347,486
676831,"Whitley, Kodi",25.1,25.333333333333332,401,55,13.7,27.8,90,11148.305665228041,3960.6,2021,26.914036537019726,1.2853838829824347,486
593833,"Suero, Wander",42.2,42.666666666666664,765,109,14.2,27.8,90,21272.453593857575,4487.2,2021,26.914036537019726,1.2853838829824347,486
543548,"Milone, Tommy",14.0,14.0,241,36,14.9,27.9,89,6719.864748268557,4319.9,2021,26.914036537019726,1.2853838829824347,486
664299,"Javier, Cristian",101.1,101.33333333333333,1796,212,11.8,27.9,89,50103.6313638756,4450.0,2021,26.914036537019726,1.2853838829824347,486
641386,"Bowden, Ben",35.2,35.666666666666664,682,86,12.6,27.9,89,19004.655200628407,4795.6,2021,26.914036537019726,1.2853838829824347,486
543507,"May, Trevor",62.2,62.666666666666664,1133,169,14.9,27.9,89,31572.476434574444,4534.3,2021,26.914036537019726,1.2853838829824347,486
641394,"Brentz, Jake",64.0,64.0,1110,145,13.1,27.9,89,30968.38927808135,4354.9,2021,26.914036537019726,1.2853838829824347,486
502202,"Boxberger, Brad",64.2,64.66666666666667,1075,143,13.3,27.8,89,29915.609095367265,4163.5,2021,26.914036537019726,1.2853838829824347,486
572125,"Selman, Sam",25.0,25.0,496,69,13.9,27.9,89,13827.419770306871,4977.9,2021,26.914036537019726,1.2853838829824347,486
676840,"Peacock, Matt",86.1,86.33333333333333,1340,164,12.2,27.9,89,37380.97663305547,3896.9,2021,26.914036537019726,1.2853838829824347,486
667465,"Fletcher, Aaron",3.2,3.6666666666666665,86,8,9.3,27.9,88,2400.110237811364,5891.2,2021,26.914036537019726,1.2853838829824347,486
446321,"Detwiler, Ross",52.1,52.333333333333336,890,121,13.6,28.0,88,24888.733511189123,4280.2,2021,26.914036537019726,1.2853838829824347,486
605155,"Brewer, Colten",1.0,1.0,30,1,3.3,27.9,88,837.4625250880441,7537.2,2021,26.914036537019726,1.2853838829824347,486
656546,"Hoffman, Jeff",73.0,73.0,1368,172,12.6,28.0,88,38236.00465056435,4714.0,2021,26.914036537019726,1.2853838829824347,486
592865,"Williams, Taylor",11.2,11.666666666666666,219,27,12.3,28.0,88,6126.960443865385,4726.5,2021,26.914036537019726,1.2853838829824347,486
663531,"Allen, Logan",50.1,50.333333333333336,874,112,12.8,28.0,88,24455.303517559478,4372.8,2021,26.914036537019726,1.2853838829824347,486
453284,"Parker, Blake",43.2,43.666666666666664,713,105,14.7,28.0,88,19951.37409633758,4112.1,2021,26.914036537019726,1.2853838829824347,486
656266,"Bukauskas, J.B.",17.1,17.333333333333332,287,40,13.9,27.9,88,8019.920967659582,4164.2,2021,26.914036537019726,1.2853838829824347,486
669424,"Lambert, Jimmy",13.0,13.0,246,30,12.2,27.9,88,6867.495618481117,4754.4,2021,26.914036537019726,1.2853838829824347,486
641793,"Littell, Zack",61.2,61.666666666666664,996,137,13.8,27.9,88,27831.70572671851,4061.9,2021,26.914036537019726,1.2853838829824347,486
665795,"Cabrera, Edward",26.1,26.333333333333332,482,52,10.8,28.0,88,13476.92275084942,4606.0,2021,26.914036537019726,1.2853838829824347,486
663903,"Singer, Brady",128.1,128.33333333333334,2291,279,12.2,27.9,88,63949.98912859071,4484.8,2021,26.914036537019726,1.2853838829824347,486
570632,"Ureña, José",100.2,100.66666666666667,1695,229,13.5,28.0,88,47386.42138349551,4236.5,2021,26.914036537019726,1.2853838829824347,486
520980,"Báez, Pedro",4.1,4.333333333333333,59,8,13.6,28.0,88,1650.905761914249,3428.8,2021,26.914036537019726,1.2853838829824347,486
664854,"Helsley, Ryan",47.1,47.333333333333336,808,112,13.9,28.0,87,22623.440022688337,4301.6,2021,26.914036537019726,1.2853838829824347,486
656887,"Reid-Foley, Sean",20.2,20.666666666666668,379,51,13.5,28.0,87,10614.28197554009,4622.3,2021,26.914036537019726,1.2853838829824347,486
666619,"Santos, Gregory",2.0,2.0,53,7,13.2,28.0,87,1484.3907165412088,6679.8,2021,26.914036537019726,1.2853838829824347,486
657006,"Steele, Justin",57.0,57.0,969,111,11.5,28.0,87,27125.815760905647,4283.0,2021,26.914036537019726,1.2853838829824347,486
685503,"Arihara, Kohei",40.2,40.666666666666664,696,95,13.6,28.0,87,19507.474607237484,4317.2,2021,26.914036537019726,1.2853838829824347,486
554340,"García, Yimi",57.2,57.666666666666664,963,134,13.9,28.0,87,26976.987745521288,4210.3,2021,26.914036537019726,1.2853838829824347,486
608648,"Duffey, Tyler",62.1,62.333333333333336,1054,147,13.9,28.1,87,29584.13919208426,4271.5,2021,26.914036537019726,1.2853838829824347,486
624586,"Hoyt, James",8.0,8.0,182,18,9.9,28.0,87,5105.03259527054,5743.2,2021,26.914036537019726,1.2853838829824347,486
488984,"Hunter, Tommy",8.0,8.0,109,17,15.6,28.0,87,3052.6510328818295,3434.2,2021,26.914036537019726,1.2853838829824347,486
605200,"Davies, Zach",148.0,148.0,2582,337,13.1,28.0,87,72396.83898971192,4402.5,2021,26.914036537019726,1.2853838829824347,486
675921,"Howard, Spencer",49.2,49.666666666666664,936,136,14.5,28.1,87,26269.365823756834,4760.2,2021,26.914036537019726,1.2853838829824347,486
518813,"Holland, Greg",55.2,55.666666666666664,1005,132,13.1,28.0,87,28145.343079478593,4550.4,2021,26.914036537019726,1.2853838829824347,486
641871,"Middleton, Keynan",31.0,31.0,534,77,14.4,28.1,87,14987.26736715863,4351.1,2021,26.914036537019726,1.2853838829824347,486
571676,"Frankoff, Seth",14.2,14.666666666666666,260,28,10.8,28.0,87,7277.957393290722,4466.0,2021,26.914036537019726,1.2853838829824347,486
594965,"Ponce de Leon, Daniel",33.1,33.333333333333336,657,92,14.0,28.1,86,18463.946839333126,4985.3,2021,26.914036537019726,1.2853838829824347,486
607457,"Barraclough, Kyle",13.0,13.0,268,39,14.6,28.1,86,7536.201647660171,5217.4,2021,26.914036537019726,1.2853838829824347,486
656605,"Keller, Mitch",100.2,100.66666666666667,1859,253,13.6,28.1,86,52246.68944175853,4671.1,2021,26.914036537019726,1.2853838829824347,486
593619,"Tapia, Domingo",33.2,33.666666666666664,525,58,11.0,28.1,86,14765.909408221327,3947.3,2021,26.914036537019726,1.2853838829824347,486
593604,"Baldonado, Alberto",10.2,10.666666666666666,215,20,9.3,28.1,86,6052.015963338321,5106.4,2021,26.914036537019726,1.2853838829824347,486
571666,"Fiers, Mike",9.1,9.333333333333334,152,26,17.1,28.1,86,4277.127779173396,4124.4,2021,26.914036537019726,1.2853838829824347,486
548384,"Raley, Brooks",49.0,49.0,865,113,13.1,28.1,86,24290.439257807724,4461.5,2021,26.914036537019726,1.2853838829824347,486
502239,"Cahill, Trevor",37.0,37.0,665,92,13.8,28.1,86,18685.54376320674,4545.1,2021,26.914036537019726,1.2853838829824347,486
543594,"Nolin, Sean",26.2,26.666666666666668,499,58,11.6,28.1,86,14045.08128387091,4740.2,2021,26.914036537019726,1.2853838829824347,486
647315,"Pop, Zach",54.2,54.666666666666664,943,130,13.8,28.1,86,26488.903573484742,4361.0,2021,26.914036537019726,1.2853838829824347,486
665152,"Kremer, Dean",53.2,53.666666666666664,986,148,15.0,28.2,85,27798.200278942317,4661.8,2021,26.914036537019726,1.2853838829824347,486
453562,"Arrieta, Jake",98.2,98.66666666666667,1753,219,12.5,28.2,85,49369.121717121896,4503.3,2021,26.914036537019726,1.2853838829824347,486
640462,"Puk, A.J.",13.1,13.333333333333334,243,35,14.4,28.2,85,6842.222587377437,4618.5,2021,26.914036537019726,1.2853838829824347,486
605388,"Morgan, Adam",25.1,25.333333333333332,442,68,15.4,28.2,85,12449.052433434274,4422.7,2021,26.914036537019726,1.2853838829824347,486
570257,"Rodríguez, Joely",46.1,46.333333333333336,779,105,13.5,28.2,85,21949.00532145728,4263.5,2021,26.914036537019726,1.2853838829824347,486
656685,"Martin, Brett",62.1,62.333333333333336,932,143,15.3,28.2,85,26311.978235697672,3799.1,2021,26.914036537019726,1.2853838829824347,486
542882,"Andriese, Matt",48.1,48.333333333333336,855,126,14.7,28.2,85,24100.38995725793,4487.7,2021,26.914036537019726,1.2853838829824347,486
503285,"O'Day, Darren",10.2,10.666666666666666,189,23,12.2,28.3,84,5345.231148845697,4510.0,2021,26.914036537019726,1.2853838829824347,486
493603,"Ottavino, Adam",62.0,62.0,1150,154,13.4,28.3,84,32501.949917239537,4718.0,2021,26.914036537019726,1.2853838829824347,486
676265,"Abbott, Cory",17.1,17.333333333333332,352,35,9.9,28.3,84,9964.614047330988,5173.9,2021,26.914036537019726,1.2853838829824347,486
663770,"Evans, Demarcus",26.1,26.333333333333332,522,81,15.5,28.3,84,14763.320039716002,5045.7,2021,26.914036537019726,1.2853838829824347,486
451584,"Davis, Wade",42.2,42.666666666666664,769,105,13.7,28.3,84,21732.149138518893,4584.1,2021,26.914036537019726,1.2853838829824347,486
608371,"Sims, Lucas",47.0,47.0,827,114,13.8,28.3,84,23389.39890943772,4478.8,2021,26.914036537019726,1.2853838829824347,486
622250,"Sborz, Josh",59.0,59.0,1083,161,14.9,28.3,84,30653.23141233974,4675.9,2021,26.914036537019726,1.2853838829824347,486
670056,"Baragar, Caleb",23.0,23.0,366,57,15.6,28.3,84,10357.380706254555,4052.9,2021,26.914036537019726,1.2853838829824347,486
621139,"Kriske, Brooks",11.1,11.333333333333334,194,28,14.4,28.3,84,5483.457216651126,4354.5,2021,26.914036537019726,1.2853838829824347,486
607237,"Garrett, Amir",47.2,47.666666666666664,842,117,13.9,28.3,84,23807.68916214469,4495.2,2021,26.914036537019726,1.2853838829824347,486
641743,"Kay, Anthony",33.2,33.666666666666664,649,96,14.8,28.3,84,18371.609463902292,4911.2,2021,26.914036537019726,1.2853838829824347,486
641420,"Burdi, Zack",10.0,10.0,177,20,11.3,28.3,84,5010.171698891828,4509.2,2021,26.914036537019726,1.2853838829824347,486
676979,"Crochet, Garrett",54.1,54.333333333333336,921,142,15.4,28.3,83,26090.402104547997,4321.7,2021,26.914036537019726,1.2853838829824347,486
656464,"Ginkel, Kevin",28.1,28.333333333333332,556,73,13.1,28.3,83,15753.047478535973,5003.9,2021,26.914036537019726,1.2853838829824347,486
570663,"Robles, Hansel",69.0,69.0,1194,176,14.7,28.4,83,33857.72983295741,4416.2,2021,26.914036537019726,1.2853838829824347,486
595345,"Okert, Steven",36.0,36.0,609,90,14.8,28.4,83,17295.581762516875,4323.9,2021,26.914036537019726,1.2853838829824347,486
643290,"Dunn, Justin",50.1,50.333333333333336,870,134,15.4,28.4,83,24709.315750635236,4418.2,2021,26.914036537019726,1.2853838829824347,486
663738,"Lynch IV, Daniel",68.0,68.0,1257,180,14.3,28.4,83,35654.62588629597,4719.0,2021,26.914036537019726,1.2853838829824347,486
608335,"Funkhouser, Kyle",68.1,68.33333333333333,1189,168,14.1,28.3,83,33706.58419522709,4439.4,2021,26.914036537019726,1.2853838829824347,486
608678,"Leone, Dominic",53.2,53.666666666666664,853,138,16.2,28.4,83,24208.00212382026,4059.7,2021,26.914036537019726,1.2853838829824347,486
676684,"Vest, Will",35.0,35.0,607,82,13.5,28.4,83,17209.45730538593,4425.3,2021,26.914036537019726,1.2853838829824347,486
613534,"Adams, Austin",52.2,52.666666666666664,970,149,15.4,28.3,83,27478.141221311595,4695.6,2021,26.914036537019726,1.2853838829824347,486
642130,"Taylor, Blake",42.2,42.666666666666664,754,119,15.8,28.3,83,21361.277085897804,4505.9,2021,26.914036537019726,1.2853838829824347,486
656529,"Hentges, Sam",68.2,68.66666666666667,1260,178,14.1,28.4,82,35806.006921979744,4693.0,2021,26.914036537019726,1.2853838829824347,486
617228,"Sawamura, Hirokazu",53.0,53.0,963,118,12.3,28.4,82,27383.443923104387,4650.0,2021,26.914036537019726,1.2853838829824347,486
643316,"Fry, Paul",47.1,47.333333333333336,872,122,14.0,28.5,82,24834.453294152554,4722.0,2021,26.914036537019726,1.2853838829824347,486
641745,"Keller, Brad",133.2,133.66666666666666,2351,337,14.3,28.4,82,66826.99847220315,4499.6,2021,26.914036537019726,1.2853838829824347,486
642659,"Espinal, Raynel",2.0,2.0,36,5,13.9,28.5,82,1025.8892062101918,4616.5,2021,26.914036537019726,1.2853838829824347,486
621348,"Clay, Sam",45.0,45.0,823,115,14.0,28.4,82,23400.82868903529,4680.2,2021,26.914036537019726,1.2853838829824347,486
672578,"Hernández, Carlos",85.2,85.66666666666667,1438,208,14.5,28.5,82,40941.28406643107,4301.2,2021,26.914036537019726,1.2853838829824347,486
543022,"Chatwood, Tyler",32.0,32.0,591,103,17.4,28.5,82,16821.589915933557,4731.1,2021,26.914036537019726,1.2853838829824347,486
605541,"Wright Jr., Mike",18.0,18.0,325,46,14.2,28.5,82,9252.524148168399,4626.3,2021,26.914036537019726,1.2853838829824347,486
641771,"Kuhl, Chad",80.1,80.33333333333333,1436,189,13.2,28.5,82,40875.33679086198,4579.4,2021,26.914036537019726,1.2853838829824347,486
675916,"Karinchak, James",55.1,55.333333333333336,1032,177,17.2,28.5,82,29384.059292488197,4779.3,2021,26.914036537019726,1.2853838829824347,486
501925,"Smith, Joe",39.2,39.666666666666664,658,105,16.0,28.5,82,18747.484176453738,4253.6,2021,26.914036537019726,1.2853838829824347,486
445213,"Kintzler, Brandon",29.2,29.666666666666668,518,80,15.4,28.4,82,14727.954546021396,4468.0,2021,26.914036537019726,1.2853838829824347,486
624522,"Thompson, Keegan",53.1,53.333333333333336,970,153,15.8,28.4,82,27593.30800556658,4656.4,2021,26.914036537019726,1.2853838829824347,486
676051,"Heuer, Codi",67.1,67.33333333333333,1061,157,14.8,28.5,82,30204.368654779737,4037.2,2021,26.914036537019726,1.2853838829824347,486
663878,"Pearson, Nate",15.0,15.0,305,39,12.8,28.4,82,8671.301942802736,5202.8,2021,26.914036537019726,1.2853838829824347,486
663765,"Woodford, Jake",67.2,67.66666666666667,1156,159,13.8,28.4,82,32858.61902262002,4370.4,2021,26.914036537019726,1.2853838829824347,486
643230,"Brault, Steven",27.2,27.666666666666668,506,68,13.4,28.5,81,14436.172054316818,4696.1,2021,26.914036537019726,1.2853838829824347,486
664092,"Poppen, Sean",22.2,22.666666666666668,411,74,18.0,28.5,81,11715.433177536215,4651.7,2021,26.914036537019726,1.2853838829824347,486
676709,"Tice, Ty",8.0,8.0,142,20,14.1,28.5,81,4051.208136062618,4557.6,2021,26.914036537019726,1.2853838829824347,486
656725,"McRae, Alex",2.0,2.0,49,4,8.2,28.6,81,1399.3209487661636,6296.9,2021,26.914036537019726,1.2853838829824347,486
657612,"Hill, Tim",59.2,59.666666666666664,974,168,17.2,28.5,81,27769.31876653559,4188.7,2021,26.914036537019726,1.2853838829824347,486
622780,"Perdomo, Angel",17.0,17.0,357,48,13.4,28.6,81,10197.177139006199,5398.5,2021,26.914036537019726,1.2853838829824347,486
657228,"Jewell, Jake",10.0,10.0,215,24,11.2,28.5,81,6132.730778919449,5519.5,2021,26.914036537019726,1.2853838829824347,486
607188,"Faria, Jake",32.2,32.666666666666664,639,90,14.1,28.5,81,18230.907492335344,5022.8,2021,26.914036537019726,1.2853838829824347,486
607229,"Gsellman, Robert",28.2,28.666666666666668,427,69,16.2,28.6,81,12205.280095127133,3831.9,2021,26.914036537019726,1.2853838829824347,486
468504,"Chacín, Jhoulys",64.1,64.33333333333333,1070,157,14.7,28.6,81,30579.276974055167,4277.9,2021,26.914036537019726,1.2853838829824347,486
656354,"Davis, Austin",26.1,26.333333333333332,480,73,15.2,28.6,81,13709.024463680771,4685.4,2021,26.914036537019726,1.2853838829824347,486
571656,"Farmer, Buck",35.1,35.333333333333336,730,105,14.4,28.6,80,20911.028987462687,5326.4,2021,26.914036537019726,1.2853838829824347,486
571800,"Hutchison, Drew",21.1,21.333333333333332,339,46,13.6,28.6,80,9700.184996889144,4092.3,2021,26.914036537019726,1.2853838829824347,486
571951,"Mitchell, Bryan",4.0,4.0,69,13,18.8,28.6,80,1974.4644742099688,4442.5,2021,26.914036537019726,1.2853838829824347,486
656954,"Sheffield, Justus",80.1,80.33333333333333,1474,207,14.0,28.6,80,42217.74724943034,4729.8,2021,26.914036537019726,1.2853838829824347,486
622092,"Zimmer, Kyle",54.0,54.0,938,136,14.5,28.6,80,26822.31968786742,4470.4,2021,26.914036537019726,1.2853838829824347,486
664157,"Bergen, Travis",10.2,10.666666666666666,188,21,11.2,28.6,80,5379.061118075671,4538.6,2021,26.914036537019726,1.2853838829824347,486
592644,"Plutko, Adam",56.1,56.333333333333336,1018,151,14.8,28.6,80,29143.444752393392,4656.1,2021,26.914036537019726,1.2853838829824347,486
592831,"Wade, Konner",12.1,12.333333333333334,252,39,15.5,28.6,80,7217.204234892498,5266.6,2021,26.914036537019726,1.2853838829824347,486
663372,"Feltner, Ryan",6.1,6.333333333333333,142,11,7.7,28.6,80,4062.3224705044713,5772.8,2021,26.914036537019726,1.2853838829824347,486
594795,"Dayton, Grant",13.0,13.0,254,41,16.1,28.6,80,7274.356295649547,5036.1,2021,26.914036537019726,1.2853838829824347,486
534910,"Hahn, Jesse",3.1,3.3333333333333335,88,9,10.2,28.6,80,2516.745668919032,6795.2,2021,26.914036537019726,1.2853838829824347,486
500779,"Quintana, Jose",63.0,63.0,1241,189,15.2,28.7,80,35577.40330032082,5082.5,2021,26.914036537019726,1.2853838829824347,486
461325,"Clippard, Tyler",25.1,25.333333333333332,414,62,15.0,28.6,80,11848.929903416742,4209.5,2021,26.914036537019726,1.2853838829824347,486
680704,"Sandlin, Nick",33.2,33.666666666666664,603,94,15.6,28.6,80,17260.2693654,4614.1,2021,26.914036537019726,1.2853838829824347,486
622253,"Tate, Dillon",67.2,67.66666666666667,1042,151,14.5,28.6,80,29785.700795570843,3961.6,2021,26.914036537019726,1.2853838829824347,486
621237,"Alvarado, José",55.2,55.666666666666664,1061,146,13.8,28.6,80,30377.798281304036,4911.4,2021,26.914036537019726,1.2853838829824347,486
642701,"Santana, Dennis",54.2,54.666666666666664,914,142,15.5,28.6,80,26163.06414159549,4307.3,2021,26.914036537019726,1.2853838829824347,486
676886,"Beasley, Jeremy",9.1,9.333333333333334,206,26,12.6,28.7,79,5907.533293826101,5696.5,2021,26.914036537019726,1.2853838829824347,486
656548,"Holloway, Jordan",36.0,36.0,664,100,15.1,28.7,79,19058.59855973725,4764.6,2021,26.914036537019726,1.2853838829824347,486
663378,"Szapucki, Thomas",3.2,3.6666666666666665,82,13,15.9,28.7,79,2353.46632710354,5776.7,2021,26.914036537019726,1.2853838829824347,486
666818,"Frías, Luis",3.1,3.3333333333333335,68,10,14.7,28.7,79,1954.3801270037347,5276.8,2021,26.914036537019726,1.2853838829824347,486
596112,"Stephenson, Robert",46.0,46.0,767,113,14.7,28.7,79,22037.166811966767,4311.6,2021,26.914036537019726,1.2853838829824347,486
641632,"Greene, Conner",25.1,25.333333333333332,451,70,15.5,28.7,79,12941.521449896698,4597.6,2021,26.914036537019726,1.2853838829824347,486
571710,"Givens, Mychal",51.0,51.0,888,134,15.1,28.8,78,25558.047956824932,4510.2,2021,26.914036537019726,1.2853838829824347,486
683232,"Mears, Nick",23.1,23.333333333333332,456,62,13.6,28.8,78,13138.90576079561,5067.9,2021,26.914036537019726,1.2853838829824347,486
670990,"Ramírez, Yohan",27.2,27.666666666666668,436,69,15.8,28.8,78,12556.840830223751,4084.8,2021,26.914036537019726,1.2853838829824347,486
669294,"Campbell, Paul",26.2,26.666666666666668,468,84,17.9,28.8,78,13472.63328432178,4547.0,2021,26.914036537019726,1.2853838829824347,486
571901,"Loup, Aaron",56.2,56.666666666666664,833,147,17.6,28.8,78,23962.715418531476,3805.8,2021,26.914036537019726,1.2853838829824347,486
592233,"Crichton, Stefan",23.1,23.333333333333332,415,66,15.9,28.8,78,11944.550122288209,4607.2,2021,26.914036537019726,1.2853838829824347,486
542585,"Cisnero, José",61.2,61.666666666666664,1071,188,17.6,28.8,78,30839.065915555915,4500.8,2021,26.914036537019726,1.2853838829824347,486
643615,"Zeuch, T.J.",15.0,15.0,286,48,16.8,28.9,77,8259.975585820612,4956.0,2021,26.914036537019726,1.2853838829824347,486
573009,"Mantiply, Joe",39.2,39.666666666666664,633,109,17.2,28.9,77,18276.899372770218,4146.9,2021,26.914036537019726,1.2853838829824347,486
663558,"Morán, Jovani",8.0,8.0,162,24,14.8,28.9,77,4682.53592867548,5267.9,2021,26.914036537019726,1.2853838829824347,486
592169,"Brice, Austin",13.2,13.666666666666666,274,39,14.2,28.9,77,7909.744106535129,5208.9,2021,26.914036537019726,1.2853838829824347,486
572761,"Carpenter, Matt",1.1,1.3333333333333333,26,2,7.7,28.9,77,750.4733677939081,5065.7,2021,26.914036537019726,1.2853838829824347,486
668687,"Scrubb, Andre",19.2,19.666666666666668,354,53,15.0,29.0,76,10259.706093022334,4695.1,2021,26.914036537019726,1.2853838829824347,486
458676,"Lindblom, Josh",16.2,16.666666666666668,342,53,15.5,28.9,76,9899.724422549169,5345.9,2021,26.914036537019726,1.2853838829824347,486
607572,"Howard, Sam",45.0,45.0,850,140,16.5,29.0,76,24613.266276385242,4922.7,2021,26.914036537019726,1.2853838829824347,486
640464,"Stewart, Kohl",13.2,13.666666666666666,237,37,15.6,29.0,76,6869.982033063829,4524.1,2021,26.914036537019726,1.2853838829824347,486
650893,"Cabrera, Génesis",70.0,70.0,1203,200,16.6,29.0,76,34886.27309700842,4485.4,2021,26.914036537019726,1.2853838829824347,486
607231,"Gant, John",110.0,110.0,1982,294,14.8,29.0,76,57480.12438577696,4702.9,2021,26.914036537019726,1.2853838829824347,486
650911,"Sánchez, Cristopher",12.2,12.666666666666666,211,35,16.6,29.0,76,6113.433109544758,4343.8,2021,26.914036537019726,1.2853838829824347,486
656240,"Blewett, Scott",5.0,5.0,92,15,16.3,28.9,76,2662.3277951738205,4792.2,2021,26.914036537019726,1.2853838829824347,486
607352,"Biagini, Joe",3.0,3.0,41,7,17.1,29.0,76,1188.4551362278492,3565.4,2021,26.914036537019726,1.2853838829824347,486
664054,"Stashak, Cody",15.2,15.666666666666666,308,51,16.6,29.0,75,8944.299048849263,5138.2,2021,26.914036537019726,1.2853838829824347,486
592145,"Biddle, Jesse",10.2,10.666666666666666,186,29,15.6,29.1,75,5412.023168903142,4566.4,2021,26.914036537019726,1.2853838829824347,486
658305,"García, Edgar",14.2,14.666666666666666,281,59,21.0,29.0,75,8160.421828695111,5007.5,2021,26.914036537019726,1.2853838829824347,486
572020,"Paxton, James",1.1,1.3333333333333333,24,3,12.5,29.1,75,697.5695985293797,4708.6,2021,26.914036537019726,1.2853838829824347,486
670912,"Oviedo, Johan",62.1,62.333333333333336,1094,198,18.1,29.2,74,31927.780001053514,4609.9,2021,26.914036537019726,1.2853838829824347,486
623474,"Herget, Jimmy",18.2,18.666666666666668,303,47,15.5,29.2,74,8834.835764252091,4259.7,2021,26.914036537019726,1.2853838829824347,486
594311,"Gustave, Jandel",18.1,18.333333333333332,299,50,16.7,29.2,74,8720.934540006094,4281.2,2021,26.914036537019726,1.2853838829824347,486
621114,"Burr, Ryan",36.2,36.666666666666664,593,98,16.5,29.2,73,17319.231440188978,4251.1,2021,26.914036537019726,1.2853838829824347,486
621052,"Reyes, Alex",72.1,72.33333333333333,1253,221,17.6,29.3,73,36666.456869798574,4562.2,2021,26.914036537019726,1.2853838829824347,486
666129,"Garrett, Braxton",34.0,34.0,604,102,16.9,29.2,73,17641.395903176035,4669.8,2021,26.914036537019726,1.2853838829824347,486
676755,"Mattson, Isaac",4.1,4.333333333333333,91,15,16.5,29.2,73,2659.8226795430733,5524.2,2021,26.914036537019726,1.2853838829824347,486
570488,"Valdez, Phillips",40.0,40.0,688,121,17.6,29.2,73,20120.416664479366,4527.1,2021,26.914036537019726,1.2853838829824347,486
503569,"Dolis, Rafael",32.0,32.0,612,92,15.0,29.2,73,17868.798929787223,5025.6,2021,26.914036537019726,1.2853838829824347,486
672710,"Contreras, Roansy",3.0,3.0,46,3,6.5,29.3,73,1346.195364163797,4038.6,2021,26.914036537019726,1.2853838829824347,486
424144,"Pérez, Oliver",3.2,3.6666666666666665,60,14,23.3,29.3,72,1759.827248977312,4319.6,2021,26.914036537019726,1.2853838829824347,486
661255,"López, Yoan",12.1,12.333333333333334,220,37,16.8,29.4,72,6457.388691991119,4712.1,2021,26.914036537019726,1.2853838829824347,486
596027,"Maples, Dillon",31.1,31.333333333333332,565,91,16.1,29.3,72,16573.185148957324,4760.4,2021,26.914036537019726,1.2853838829824347,486
592254,"De León, José",18.1,18.333333333333332,347,63,18.2,29.3,72,10173.904859998143,4994.5,2021,26.914036537019726,1.2853838829824347,486
605359,"Marshall, Evan",27.1,27.333333333333332,439,82,18.7,29.3,72,12861.763464916092,4235.0,2021,26.914036537019726,1.2853838829824347,486
622075,"Almonte, Yency",47.2,47.666666666666664,875,137,15.7,29.3,72,25673.52805716982,4847.4,2021,26.914036537019726,1.2853838829824347,486
476594,"Stock, Robert",9.0,9.0,168,26,15.5,29.3,72,4918.031690414512,4918.0,2021,26.914036537019726,1.2853838829824347,486
667376,"Sánchez, Miguel",26.0,26.0,478,75,15.7,29.4,71,14038.109252971955,4859.3,2021,26.914036537019726,1.2853838829824347,486
608723,"Voth, Austin",57.1,57.333333333333336,1041,161,15.5,29.4,71,30574.751060954022,4799.5,2021,26.914036537019726,1.2853838829824347,486
502154,"Britton, Zack",18.1,18.333333333333332,337,57,16.9,29.4,71,9901.673275652502,4860.8,2021,26.914036537019726,1.2853838829824347,486
608032,"Estévez, Carlos",61.2,61.666666666666664,1007,150,14.9,29.4,71,29573.643337282425,4316.2,2021,26.914036537019726,1.2853838829824347,486
650556,"Abreu, Bryan",36.0,36.0,689,112,16.3,29.4,71,20271.15883529181,5067.8,2021,26.914036537019726,1.2853838829824347,486
600921,"Machado, Andrés",35.2,35.666666666666664,631,112,17.7,29.4,71,18566.562229863823,4685.0,2021,26.914036537019726,1.2853838829824347,486
674944,"Guenther, Sean",20.1,20.333333333333332,364,62,17.0,29.5,70,10747.47106642542,4757.1,2021,26.914036537019726,1.2853838829824347,486
665665,"Sanmartin, Reiver",11.2,11.666666666666666,181,28,15.5,29.5,70,5330.997715069432,4112.5,2021,26.914036537019726,1.2853838829824347,486
663855,"Hicks, Jordan",10.0,10.0,207,30,14.5,29.5,70,6101.549923837178,5491.4,2021,26.914036537019726,1.2853838829824347,486
453268,"Bard, Daniel",65.2,65.66666666666667,1221,173,14.2,29.5,70,36022.18436361224,4937.1,2021,26.914036537019726,1.2853838829824347,486
624418,"Castellani, Ryan",3.1,3.3333333333333335,65,9,13.8,29.5,69,1920.217465911313,5184.6,2021,26.914036537019726,1.2853838829824347,486
621532,"Bemboom, Anthony",1.0,1.0,21,3,14.3,29.6,69,621.7418825923467,5595.7,2021,26.914036537019726,1.2853838829824347,486
660813,"Graterol, Brusdar",33.1,33.333333333333336,546,97,17.8,29.6,69,16160.663350471954,4363.4,2021,26.914036537019726,1.2853838829824347,486
543351,"Jackson, Jay",21.2,21.666666666666668,391,62,15.9,29.6,69,11574.384854964255,4807.8,2021,26.914036537019726,1.2853838829824347,486
605218,"Edwards Jr., Carl",5.2,5.666666666666667,111,19,17.1,29.6,69,3281.367753616252,5211.6,2021,26.914036537019726,1.2853838829824347,486
670955,"Uceta, Edwin",20.1,20.333333333333332,365,67,18.4,29.6,69,10793.646901441094,4777.5,2021,26.914036537019726,1.2853838829824347,486
663399,"Waddell, Brandon",9.1,9.333333333333334,213,37,17.4,29.6,69,6302.253844699681,6077.2,2021,26.914036537019726,1.2853838829824347,486
646242,"Díaz, Jhonathan",13.0,13.0,237,38,16.0,29.6,68,7019.53234252464,4859.7,2021,26.914036537019726,1.2853838829824347,486
650530,"Garcia, Bryan",39.1,39.333333333333336,735,137,18.6,29.6,68,21792.127161437158,4986.3,2021,26.914036537019726,1.2853838829824347,486
594056,"Guduan, Reymin",14.1,14.333333333333334,229,45,19.7,29.7,68,6791.929718839409,4264.7,2021,26.914036537019726,1.2853838829824347,486
448855,"Guerra, Junior",65.1,65.33333333333333,1229,203,16.5,29.6,68,36422.26941929583,5017.4,2021,26.914036537019726,1.2853838829824347,486
667725,"Tyler, Kyle",12.1,12.333333333333334,190,40,21.1,29.7,68,5633.787916215692,4111.1,2021,26.914036537019726,1.2853838829824347,486
676606,"Margevicius, Nick",12.0,12.0,259,56,21.6,29.7,67,7698.701324555712,5774.0,2021,26.914036537019726,1.2853838829824347,486
643400,"Knight, Dusten",8.2,8.666666666666666,186,32,17.2,29.8,66,5541.461055540801,5754.6,2021,26.914036537019726,1.2853838829824347,486
656945,"Scott, Tanner",54.0,54.0,1036,182,17.6,29.8,66,30909.30258795709,5151.6,2021,26.914036537019726,1.2853838829824347,486
622256,"Weigel, Patrick",4.0,4.0,93,14,15.1,29.8,66,2775.073211625665,6243.9,2021,26.914036537019726,1.2853838829824347,486
596056,"Nogowski, John",3.0,3.0,35,7,20.0,29.8,66,1043.379537399082,3130.1,2021,26.914036537019726,1.2853838829824347,486
501593,"Avilán, Luis",5.0,5.0,108,18,16.7,29.8,66,3220.6124774965556,5797.1,2021,26.914036537019726,1.2853838829824347,486
670456,"Hammer, JD",20.0,20.0,409,79,19.3,29.8,66,12183.396904042125,5482.5,2021,26.914036537019726,1.2853838829824347,486
656620,"Klobosits, Gabe",11.1,11.333333333333334,198,35,17.7,29.8,66,5898.240640078258,4683.9,2021,26.914036537019726,1.2853838829824347,486
665896,"Marte, José",4.0,4.0,84,19,22.6,29.9,65,2510.657479184884,5649.0,2021,26.914036537019726,1.2853838829824347,486
621129,"Cody, Kyle",11.1,11.333333333333334,209,44,21.1,30.0,64,6276.243948207832,4984.1,2021,26.914036537019726,1.2853838829824347,486
665645,"Castro, Kervin",13.1,13.333333333333334,205,34,16.6,30.0,64,6150.102960083908,4151.3,2021,26.914036537019726,1.2853838829824347,486
676969,"de Geus, Brett",50.0,50.0,914,163,17.8,30.0,64,27424.066976978636,4936.3,2021,26.914036537019726,1.2853838829824347,486
605195,"Crick, Kyle",24.1,24.333333333333332,434,91,21.0,30.1,63,13071.402711531875,4834.6,2021,26.914036537019726,1.2853838829824347,486
595465,"Winkler, Dan",39.2,39.666666666666664,788,154,19.5,30.1,63,23738.860732160545,5386.1,2021,26.914036537019726,1.2853838829824347,486
641907,"Murphy, Patrick",28.0,28.0,486,91,18.7,30.2,62,14678.98258203665,4718.2,2021,26.914036537019726,1.2853838829824347,486
665854,"Oviedo, Luis",29.2,29.666666666666668,584,97,16.6,30.2,62,17623.174547841045,5346.4,2021,26.914036537019726,1.2853838829824347,486
472551,"Abad, Fernando",17.2,17.666666666666668,303,55,18.2,30.2,62,9139.008347906441,4655.7,2021,26.914036537019726,1.2853838829824347,486
595191,"Eickhoff, Jerad",19.2,19.666666666666668,365,77,21.1,30.2,62,11007.887689181289,5037.5,2021,26.914036537019726,1.2853838829824347,486
543278,"Hardy, Blaine",1.0,1.0,31,4,12.9,30.2,62,936.6028897709639,8429.4,2021,26.914036537019726,1.2853838829824347,486
656794,"Newcomb, Sean",32.1,32.333333333333336,677,129,19.1,30.2,62,20422.291608986867,5684.6,2021,26.914036537019726,1.2853838829824347,486
663567,"Lambert, Peter",5.2,5.666666666666667,123,25,20.3,30.2,61,3716.982707416354,5903.4,2021,26.914036537019726,1.2853838829824347,486
571946,"Miller, Shelby",12.2,12.666666666666666,273,45,16.5,30.2,61,8248.788186470563,5861.0,2021,26.914036537019726,1.2853838829824347,486
656290,"Carlton, Drew",3.2,3.6666666666666665,73,14,19.2,30.2,61,2207.136244185142,5417.5,2021,26.914036537019726,1.2853838829824347,486
518553,"Cishek, Steve",68.1,68.33333333333333,1275,255,20.0,30.2,61,38556.99391718452,5078.2,2021,26.914036537019726,1.2853838829824347,486
657140,"Wright, Kyle",6.1,6.333333333333333,133,24,18.0,30.3,60,4035.435723824114,5734.6,2021,26.914036537019726,1.2853838829824347,486
641312,"Anderson, Shaun",23.1,23.333333333333332,441,84,19.0,30.4,59,13425.56697748602,5178.4,2021,26.914036537019726,1.2853838829824347,486
519443,"Workman, Brandon",28.0,28.0,523,115,22.0,30.5,58,15966.504658557262,5132.1,2021,26.914036537019726,1.2853838829824347,486
664682,"Meisinger, Ryan",7.1,7.333333333333333,149,23,15.4,30.5,58,4543.715411890952,5576.4,2021,26.914036537019726,1.2853838829824347,486
642233,"Yardley, Eric",18.2,18.666666666666668,318,54,17.0,30.5,58,9703.741972992315,4678.6,2021,26.914036537019726,1.2853838829824347,486
663804,"Kowar, Jackson",30.1,30.333333333333332,631,111,17.6,30.6,57,19287.75067120071,5722.7,2021,26.914036537019726,1.2853838829824347,486
608686,"Mayfield, Jack",0.1,0.3333333333333333,3,0,0.0,30.8,55,92.29199327372189,2491.9,2021,26.914036537019726,1.2853838829824347,486
650671,"Quijada, José",25.2,25.666666666666668,503,106,21.1,30.8,55,15470.756269555495,5424.8,2021,26.914036537019726,1.2853838829824347,486
664875,"Lawrence, Justin",16.2,16.666666666666668,330,62,18.8,30.9,54,10195.771391081653,5505.7,2021,26.914036537019726,1.2853838829824347,486
658431,"Medina, Adonis",7.2,7.666666666666667,137,30,21.9,30.9,53,4235.699512018743,4972.3,2021,26.914036537019726,1.2853838829824347,486
607755,"Vasquez, Andrew",1.2,1.6666666666666665,27,9,33.3,30.9,53,835.1150431674723,4509.6,2021,26.914036537019726,1.2853838829824347,486
669135,"Sceroler, Mac",7.2,7.666666666666667,198,36,18.2,31.0,52,6135.77826286026,7202.9,2021,26.914036537019726,1.2853838829824347,486
624427,"Gonsalves, Stephen",4.1,4.333333333333333,82,17,20.7,31.0,52,2543.0754330904992,5281.8,2021,26.914036537019726,1.2853838829824347,486
641329,"Baker, Bryan",1.0,1.0,19,1,5.3,31.0,52,589.0902013421423,5301.8,2021,26.914036537019726,1.2853838829824347,486
502748,"Peacock, Brad",5.1,5.333333333333333,95,26,27.4,31.1,52,2951.526821148355,4980.7,2021,26.914036537019726,1.2853838829824347,486
457759,"Turner, Justin",1.0,1.0,10,1,10.0,31.1,51,311.3657460043711,2802.3,2021,26.914036537019726,1.2853838829824347,486
621098,"Hanhold, Eric",10.1,10.333333333333334,190,35,18.4,31.1,51,5914.69534973249,5151.5,2021,26.914036537019726,1.2853838829824347,486
606213,"Mercedes, Yermín",1.0,1.0,32,8,25.0,31.2,50,998.2435575824021,8984.2,2021,26.914036537019726,1.2853838829824347,486
656686,"Martin, Corbin",16.0,16.0,342,75,21.9,31.3,49,10705.206864081401,6021.7,2021,26.914036537019726,1.2853838829824347,486
676604,"Zuber, Tyler",27.1,27.333333333333332,510,120,23.5,31.3,49,15940.548104220908,5248.7,2021,26.914036537019726,1.2853838829824347,486
655889,"Rodríguez, Manuel",17.2,17.666666666666668,304,69,22.7,31.4,48,9547.221140959657,4863.7,2021,26.914036537019726,1.2853838829824347,486
642770,"Guerra, Javy",3.2,3.6666666666666665,66,13,19.7,31.3,48,2068.4033667043614,5077.0,2021,26.914036537019726,1.2853838829824347,486
621011,"Schrock, Max",1.2,1.6666666666666665,15,4,26.7,31.5,47,472.28667244690905,2550.3,2021,26.914036537019726,1.2853838829824347,486
657097,"Webb, Jacob",34.1,34.333333333333336,583,143,24.5,31.4,47,18323.160951796195,4803.2,2021,26.914036537019726,1.2853838829824347,486
657141,"Yamamoto, Jordan",6.2,6.666666666666667,111,22,19.8,31.4,47,3490.509437146042,4712.2,2021,26.914036537019726,1.2853838829824347,486
656793,"Nelson, Nick",14.1,14.333333333333334,338,82,24.3,31.6,46,10671.803688209959,6700.9,2021,26.914036537019726,1.2853838829824347,486
664129,"Hartlieb, Geoff",9.0,9.0,213,41,19.2,31.5,46,6717.474331214928,6717.5,2021,26.914036537019726,1.2853838829824347,486
620396,"Aguilar, Miguel",7.0,7.0,108,26,24.1,31.6,45,3413.0760646360363,4388.2,2021,26.914036537019726,1.2853838829824347,486
621381,"Strahm, Matt",6.2,6.666666666666667,140,32,22.9,31.8,43,4457.327847201203,6017.4,2021,26.914036537019726,1.2853838829824347,486
534812,"Quackenbush, Kevin",0.1,0.3333333333333333,20,4,20.0,31.8,43,636.5338091886404,17186.4,2021,26.914036537019726,1.2853838829824347,486
641645,"Guillorme, Luis",1.0,1.0,16,2,12.5,31.9,42,510.7031272385108,4596.3,2021,26.914036537019726,1.2853838829824347,486
621259,"Koerner, Brody",3.0,3.0,52,6,11.5,31.9,41,1660.7950792395454,4982.4,2021,26.914036537019726,1.2853838829824347,486
660600,"Paredes, Enoli",8.2,8.666666666666666,254,57,22.4,32.0,41,8123.2492749510275,8435.7,2021,26.914036537019726,1.2853838829824347,486
643327,"Godley, Zack",3.1,3.3333333333333335,88,19,21.6,32.1,40,2821.8326163147644,7618.9,2021,26.914036537019726,1.2853838829824347,486
664852,"Flaa, Jay",2.2,2.6666666666666665,61,14,23.0,32.2,39,1962.173922831533,6622.3,2021,26.914036537019726,1.2853838829824347,486
663366,"Burrows, Beau",11.0,11.0,267,65,24.3,32.2,39,8586.873065097154,7025.6,2021,26.914036537019726,1.2853838829824347,486
607054,"Peterson, Jace",2.0,2.0,40,7,17.5,32.2,38,1289.885778430361,5804.5,2021,26.914036537019726,1.2853838829824347,486
607179,"Weems, Jordan",5.2,5.666666666666667,138,33,23.9,32.2,38,4444.530003333288,7059.0,2021,26.914036537019726,1.2853838829824347,486
592094,"Adam, Jason",10.2,10.666666666666666,218,56,25.7,32.4,37,7053.07600811522,5951.0,2021,26.914036537019726,1.2853838829824347,486
665625,"Peguero, Elvis",2.1,2.3333333333333335,64,16,25.0,32.4,36,2070.9715097875605,7988.0,2021,26.914036537019726,1.2853838829824347,486
657697,"Nittoli, Vinny",1.0,1.0,26,3,11.5,32.5,35,844.9582469654985,7604.6,2021,26.914036537019726,1.2853838829824347,486
547176,"Camarena, Daniel",9.1,9.333333333333334,178,48,27.0,32.6,34,5796.260374154511,5589.3,2021,26.914036537019726,1.2853838829824347,486
501789,"Harris, Will",6.0,6.0,135,30,22.2,32.5,34,4392.429956457557,6588.6,2021,26.914036537019726,1.2853838829824347,486
676103,"Jones, Damon",0.1,0.3333333333333333,11,2,18.2,32.8,32,360.3888962361721,9730.5,2021,26.914036537019726,1.2853838829824347,486
605240,"Fry, Jace",6.2,6.666666666666667,136,32,23.5,32.7,32,4452.355028760709,6010.7,2021,26.914036537019726,1.2853838829824347,486
664584,"Romero, Jhon",4.0,4.0,78,25,32.1,32.9,31,2562.455506769371,5765.5,2021,26.914036537019726,1.2853838829824347,486
672391,"Ort, Kaleb",0.1,0.3333333333333333,12,1,8.3,32.8,31,393.72960000746565,10630.7,2021,26.914036537019726,1.2853838829824347,486
657376,"Schmidt, Clarke",6.1,6.333333333333333,143,37,25.9,33.0,29,4716.713379999887,6702.7,2021,26.914036537019726,1.2853838829824347,486
681867,"Criswell, Cooper",1.1,1.3333333333333333,41,10,24.4,33.0,29,1352.0020063503803,9126.0,2021,26.914036537019726,1.2853838829824347,486
573062,"Northcraft, Aaron",8.0,8.0,129,34,26.4,33.0,29,4260.193663013605,4792.7,2021,26.914036537019726,1.2853838829824347,486
643778,"Webb, Tyler",16.1,16.333333333333332,396,109,27.5,33.4,25,13208.148234878363,7278.0,2021,26.914036537019726,1.2853838829824347,486
622492,"Mella, Keury",1.2,1.6666666666666665,50,14,28.0,33.5,23,1674.5798588497485,9042.7,2021,26.914036537019726,1.2853838829824347,486
570240,"Peña, Félix",1.2,1.6666666666666665,65,23,35.4,33.6,22,2182.9841958048705,11788.1,2021,26.914036537019726,1.2853838829824347,486
676710,"Crawford, Kutter",2.0,2.0,57,18,31.6,33.9,19,1931.122930746733,8690.1,2021,26.914036537019726,1.2853838829824347,486
669395,"Coleman, Dylan",6.1,6.333333333333333,109,32,29.4,33.9,19,3692.594570243747,5247.4,2021,26.914036537019726,1.2853838829824347,486
675971,"Dohy, Kyle",1.0,1.0,20,5,25.0,33.9,18,678.4759414386483,6106.3,2021,26.914036537019726,1.2853838829824347,486
641672,"Hatch, Thomas",9.1,9.333333333333334,166,49,29.5,34.0,17,5648.124722761836,5446.4,2021,26.914036537019726,1.2853838829824347,486
446099,"Axford, John",0.1,0.3333333333333333,22,4,18.2,34.1,16,749.6168922131575,20239.7,2021,26.914036537019726,1.2853838829824347,486
660906,"Pérez, Francisco",6.2,6.666666666666667,122,35,28.7,34.5,11,4212.27310918089,5686.6,2021,26.914036537019726,1.2853838829824347,486
630105,"Cronenworth, Jake",0.2,0.6666666666666666,7,3,42.9,34.7,9,243.0137684759569,3280.7,2021,26.914036537019726,1.2853838829824347,486
660422,"Guzmán, Jorge",1.2,1.6666666666666665,65,20,30.8,34.8,8,2263.759707989602,12224.3,2021,26.914036537019726,1.2853838829824347,486
623470,"Newberry, Jake",4.1,4.333333333333333,100,29,29.0,35.0,6,3495.8560319210915,7260.6,2021,26.914036537019726,1.2853838829824347,486
664901,"Mendick, Danny",1.0,1.0,15,6,40.0,35.0,5,525.568916376267,4730.1,2021,26.914036537019726,1.2853838829824347,486
607468,"Blandino, Alex",3.2,3.6666666666666665,72,20,27.8,35.1,4,2529.239181480936,6208.1,2021,26.914036537019726,1.2853838829824347,486
457915,"Guerra, Javy",6.0,6.0,148,46,31.1,36.1,-7,5338.6706784109865,8008.0,2021,26.914036537019726,1.2853838829824347,486
592464,"Kickham, Mike",2.0,2.0,45,20,44.4,36.3,-9,1631.3623906508699,7341.1,2021,26.914036537019726,1.2853838829824347,486
502593,"Petricka, Jake",6.0,6.0,139,51,36.7,36.4,-10,5056.976700581001,7585.5,2021,26.914036537019726,1.2853838829824347,486
607680,"Pillar, Kevin",0.1,0.3333333333333333,6,1,16.7,36.5,-11,218.72914797592725,5905.7,2021,26.914036537019726,1.2853838829824347,486
594694,"Difo, Wilmer",2.0,2.0,59,24,40.7,38.0,-29,2239.194263913536,10076.4,2021,26.914036537019726,1.2853838829824347,486
573127,"Rosscup, Zac",3.0,3.0,48,22,45.8,38.2,-31,1831.5212112121276,5494.6,2021,26.914036537019726,1.2853838829824347,486
661527,"Martinez, Seth",3.0,3.0,63,21,33.3,38.6,-37,2433.5295595653756,7300.6,2021,26.914036537019726,1.2853838829824347,486
662253,"Muñoz, Andrés",0.2,0.6666666666666666,17,6,35.3,38.6,-37,656.5282808500571,8863.1,2021,26.914036537019726,1.2853838829824347,486
595881,"Beede, Tyler",1.0,1.0,28,11,39.3,38.7,-38,1084.5740872462504,9761.2,2021,26.914036537019726,1.2853838829824347,486
668670,"Rogers, Jake",1.0,1.0,17,6,35.3,39.1,-42,664.0133187860563,5976.1,2021,26.914036537019726,1.2853838829824347,486
476454,"Betances, Dellin",1.0,1.0,21,11,52.4,39.9,-52,838.3049887905377,7544.7,2021,26.914036537019726,1.2853838829824347,486
592165,"Brennan, Brandon",3.0,3.0,42,18,42.9,40.6,-59,1703.7029638407337,5111.1,2021,26.914036537019726,1.2853838829824347,486
573131,"Ruf, Darin",1.0,1.0,21,13,61.9,41.1,-66,863.9099730799655,7775.2,2021,26.914036537019726,1.2853838829824347,486
643565,"Tauchman, Mike",1.0,1.0,25,12,48.0,42.9,-86,1072.326753400743,9650.9,2021,26.914036537019726,1.2853838829824347,486
641995,"Ramírez, Roel",0.1,0.3333333333333333,14,10,71.4,43.0,-87,601.4267450523321,16238.5,2021,26.914036537019726,1.2853838829824347,486
546991,"Almora Jr., Albert",1.0,1.0,28,13,46.4,45.1,-113,1263.8498573698978,11374.6,2021,26.914036537019726,1.2853838829824347,486
