pitcher,player_name,official_ip,ip_decimal,pitches,stressful_pitches,ps_pct,aps,aps_plus,total_stress,ss_per_9,season,aps_reference_mean,aps_reference_std,aps_reference_count
620443,"Torrens, Luis",0.1,0.3333333333333333,3,0,0.0,17.2,220,51.611993273721886,1393.5,2024,26.644943333993194,1.1826517211902399,474
666197,"Kessinger, Grae",1.0,1.0,11,0,0.0,19.3,193,212.38512987318154,1911.5,2024,26.644943333993194,1.1826517211902399,474
665019,"Clemens, Kody",1.0,1.0,16,0,0.0,19.9,185,318.9671063137893,2870.7,2024,26.644943333993194,1.1826517211902399,474
595928,"Curtiss, John",2.1,2.3333333333333335,38,0,0.0,20.3,181,769.6378406547374,2968.6,2024,26.644943333993194,1.1826517211902399,474
690925,"Beeter, Clayton",3.2,3.6666666666666665,51,0,0.0,21.2,170,1079.4023081131563,2649.4,2024,26.644943333993194,1.1826517211902399,474
686790,"McDonald, Trevor",3.0,3.0,39,0,0.0,21.2,170,825.294456722638,2475.9,2024,26.644943333993194,1.1826517211902399,474
623437,"Topa, Justin",2.1,2.3333333333333335,20,0,0.0,21.5,165,430.52770759833595,1660.6,2024,26.644943333993194,1.1826517211902399,474
656716,"McKinstry, Zach",2.0,2.0,24,0,0.0,21.6,164,518.432226861933,2332.9,2024,26.644943333993194,1.1826517211902399,474
683021,"Stefanic, Michael",1.0,1.0,15,0,0.0,21.6,164,324.2020439166891,2917.8,2024,26.644943333993194,1.1826517211902399,474
660813,"Graterol, Brusdar",7.1,7.333333333333333,101,0,0.0,22.0,159,2220.83609711464,2725.6,2024,26.644943333993194,1.1826517211902399,474
543510,"McCann, James",1.0,1.0,10,0,0.0,22.1,158,220.53332394288938,1984.8,2024,26.644943333993194,1.1826517211902399,474
571466,"Barnhart, Tucker",1.0,1.0,11,0,0.0,22.2,157,243.83306382260292,2194.5,2024,26.644943333993194,1.1826517211902399,474
643361,"Herget, Kevin",11.1,11.333333333333334,151,6,4.0,22.2,156,3351.5604778269603,2661.5,2024,26.644943333993194,1.1826517211902399,474
668472,"Pratto, Nick",1.0,1.0,15,0,0.0,22.3,155,334.7656856334938,3012.9,2024,26.644943333993194,1.1826517211902399,474
642239,"Zastryzny, Rob",7.2,7.666666666666667,121,3,2.5,22.4,154,2709.9274999969,3181.2,2024,26.644943333993194,1.1826517211902399,474
664123,"Effross, Scott",3.1,3.3333333333333335,55,2,3.6,22.6,151,1243.3137084227426,3356.9,2024,26.644943333993194,1.1826517211902399,474
673540,"Senga, Kodai",5.1,5.333333333333333,73,2,2.7,22.7,150,1654.8682731781898,2792.6,2024,26.644943333993194,1.1826517211902399,474
702795,"Loutos, Ryan",2.1,2.3333333333333335,35,0,0.0,22.7,150,794.4617885471567,3064.4,2024,26.644943333993194,1.1826517211902399,474
686747,"La Sorsa, Joe",17.2,17.666666666666668,275,7,2.5,22.8,149,6271.071584545811,3194.7,2024,26.644943333993194,1.1826517211902399,474
622766,"Díaz, Miguel",1.0,1.0,10,0,0.0,22.9,148,228.54444184719569,2056.9,2024,26.644943333993194,1.1826517211902399,474
674944,"Guenther, Sean",21.0,21.0,243,9,3.7,22.9,147,5572.550521767453,2388.2,2024,26.644943333993194,1.1826517211902399,474
543391,"Kelly, Casey",5.1,5.333333333333333,78,3,3.8,23.0,147,1791.765240172993,3023.6,2024,26.644943333993194,1.1826517211902399,474
642528,"Loáisiga, Jonathan",4.0,4.0,61,0,0.0,23.0,146,1405.8796284204439,3163.2,2024,26.644943333993194,1.1826517211902399,474
680742,"Bowlan, Jonathan",2.2,2.6666666666666665,68,1,1.5,23.1,145,1572.5581968917797,5307.4,2024,26.644943333993194,1.1826517211902399,474
676428,"Hurter, Brant",45.1,45.333333333333336,645,26,4.0,23.3,143,15000.328979474416,2978.0,2024,26.644943333993194,1.1826517211902399,474
679358,"Orze, Eric",1.2,1.6666666666666665,42,0,0.0,23.3,143,976.8526002617746,5275.0,2024,26.644943333993194,1.1826517211902399,474
543305,"Hicks, Aaron",1.0,1.0,18,0,0.0,23.3,142,419.56650661360715,3776.1,2024,26.644943333993194,1.1826517211902399,474
680572,"Kloffenstein, Adam",1.0,1.0,15,2,13.3,23.6,139,353.2554359180343,3179.3,2024,26.644943333993194,1.1826517211902399,474
676568,"Vanasco, Ricky",4.0,4.0,45,3,6.7,23.8,136,1070.4903908632346,2408.6,2024,26.644943333993194,1.1826517211902399,474
623168,"Heineman, Tyler",1.0,1.0,8,0,0.0,23.8,136,190.58711278062745,1715.3,2024,26.644943333993194,1.1826517211902399,474
676661,"Lazar, Max",13.2,13.666666666666666,214,7,3.3,23.9,135,5118.3256958113625,3370.6,2024,26.644943333993194,1.1826517211902399,474
622268,"Walton, Donovan",1.0,1.0,13,0,0.0,24.0,134,311.74538203393934,2805.7,2024,26.644943333993194,1.1826517211902399,474
608638,"Chargois, JT",36.1,36.333333333333336,530,26,4.9,24.0,134,12715.759390407746,3149.8,2024,26.644943333993194,1.1826517211902399,474
678020,"Halvorsen, Seth",12.1,12.333333333333334,179,12,6.7,23.9,134,4286.079962562182,3127.7,2024,26.644943333993194,1.1826517211902399,474
663542,"Hudson, Bryan",62.1,62.333333333333336,929,44,4.7,24.0,134,22272.465001599045,3215.8,2024,26.644943333993194,1.1826517211902399,474
676614,"Sammons, Bryan",27.1,27.333333333333332,374,22,5.9,23.9,134,8950.075545945205,2947.0,2024,26.644943333993194,1.1826517211902399,474
683618,"Henriquez, Edgardo",3.1,3.3333333333333335,59,3,5.1,24.0,133,1418.0862165270312,3828.8,2024,26.644943333993194,1.1826517211902399,474
680732,"Burke, Sean",19.0,19.0,309,15,4.9,24.1,132,7453.185587751468,3530.5,2024,26.644943333993194,1.1826517211902399,474
642215,"Wilson, Weston",1.0,1.0,8,0,0.0,24.2,131,193.6447751712023,1742.8,2024,26.644943333993194,1.1826517211902399,474
669165,"Hurt, Kyle",6.2,6.666666666666667,58,4,6.9,24.2,131,1401.7072431210167,1892.3,2024,26.644943333993194,1.1826517211902399,474
656457,"Gilbert, Tyler",8.1,8.333333333333334,145,7,4.8,24.2,131,3504.969461444047,3785.4,2024,26.644943333993194,1.1826517211902399,474
656529,"Hentges, Sam",23.2,23.666666666666668,351,21,6.0,24.2,131,8496.505599383212,3231.1,2024,26.644943333993194,1.1826517211902399,474
661403,"Clase, Emmanuel",74.1,74.33333333333333,988,69,7.0,24.2,131,23908.237086636418,2894.7,2024,26.644943333993194,1.1826517211902399,474
700363,"Smith-Shawver, AJ",4.1,4.333333333333333,87,2,2.3,24.2,131,2108.439752937133,4379.1,2024,26.644943333993194,1.1826517211902399,474
622694,"Hernández, Elieser",15.2,15.666666666666666,252,13,5.2,24.2,131,6091.264918795096,3499.2,2024,26.644943333993194,1.1826517211902399,474
681870,"Sabrowski, Erik",12.2,12.666666666666666,198,9,4.5,24.3,130,4805.48598111251,3414.4,2024,26.644943333993194,1.1826517211902399,474
596001,"Junis, Jakob",67.0,67.0,944,57,6.0,24.2,130,22884.98038495918,3074.1,2024,26.644943333993194,1.1826517211902399,474
669302,"Gilbert, Logan",208.2,208.66666666666666,3043,177,5.8,24.2,130,73789.59407755997,3182.6,2024,26.644943333993194,1.1826517211902399,474
500743,"Rojas, Miguel",1.0,1.0,14,0,0.0,24.3,130,339.7142909340035,3057.4,2024,26.644943333993194,1.1826517211902399,474
641927,"Ober, Bailey",178.2,178.66666666666666,2697,169,6.3,24.3,130,65515.44651540604,3300.2,2024,26.644943333993194,1.1826517211902399,474
672391,"Ort, Kaleb",24.2,24.666666666666668,366,24,6.6,24.3,130,8896.636343,3246.1,2024,26.644943333993194,1.1826517211902399,474
681806,"Wantz, Andrew",1.1,1.3333333333333333,35,0,0.0,24.3,129,851.715727270724,5749.1,2024,26.644943333993194,1.1826517211902399,474
693433,"Woo, Bryan",121.1,121.33333333333333,1717,116,6.8,24.3,129,41761.24424938068,3097.7,2024,26.644943333993194,1.1826517211902399,474
689958,"Walters, Andrew",8.2,8.666666666666666,133,8,6.0,24.4,129,3239.170004353106,3363.8,2024,26.644943333993194,1.1826517211902399,474
680885,"Schwellenbach, Spencer",123.2,123.66666666666667,1891,126,6.7,24.5,128,46252.260486969164,3366.1,2024,26.644943333993194,1.1826517211902399,474
669373,"Skubal, Tarik",192.0,192.0,2868,198,6.9,24.5,128,70139.39984075724,3287.8,2024,26.644943333993194,1.1826517211902399,474
642216,"Winans, Allan",7.2,7.666666666666667,147,3,2.0,24.4,128,3587.6574512193397,4211.6,2024,26.644943333993194,1.1826517211902399,474
506433,"Darvish, Yu",81.2,81.66666666666667,1191,68,5.7,24.5,128,29124.683270727204,3209.7,2024,26.644943333993194,1.1826517211902399,474
543475,"Lyles, Jordan",5.0,5.0,72,3,4.2,24.5,128,1760.8920668070093,3169.6,2024,26.644943333993194,1.1826517211902399,474
502171,"Cobb, Alex",16.1,16.333333333333332,242,16,6.6,24.4,128,5908.447250259243,3255.7,2024,26.644943333993194,1.1826517211902399,474
657746,"Ryan, Joe",135.0,135.0,2108,153,7.3,24.5,128,51553.40714434,3436.9,2024,26.644943333993194,1.1826517211902399,474
621107,"Eflin, Zach",165.1,165.33333333333334,2447,153,6.3,24.4,128,59787.84078846338,3254.6,2024,26.644943333993194,1.1826517211902399,474
663989,"Vespi, Nick",12.1,12.333333333333334,169,14,8.3,24.5,127,4140.008725028741,3021.1,2024,26.644943333993194,1.1826517211902399,474
607644,"Means, John",20.2,20.666666666666668,320,23,7.2,24.5,127,7841.198634714607,3414.7,2024,26.644943333993194,1.1826517211902399,474
623451,"Stephens, Jackson",3.1,3.3333333333333335,51,3,5.9,24.5,127,1251.948296335212,3380.3,2024,26.644943333993194,1.1826517211902399,474
700669,"Graceffo, Gordon",7.2,7.666666666666667,105,4,3.8,24.5,127,2571.6928754615515,3018.9,2024,26.644943333993194,1.1826517211902399,474
669456,"Bieber, Shane",12.0,12.0,166,4,2.4,24.6,126,4088.580776833169,3066.4,2024,26.644943333993194,1.1826517211902399,474
641658,"Hampson, Garrett",1.0,1.0,13,0,0.0,24.6,126,319.79318793946896,2878.1,2024,26.644943333993194,1.1826517211902399,474
668676,"Plesac, Zach",12.0,12.0,209,14,6.7,24.6,126,5138.24953052568,3853.7,2024,26.644943333993194,1.1826517211902399,474
700241,"McGreevy, Michael",23.0,23.0,311,17,5.5,24.6,126,7643.234389016116,2990.8,2024,26.644943333993194,1.1826517211902399,474
680891,"Neely, Jack",6.0,6.0,98,7,7.1,24.7,125,2419.495635981264,3629.2,2024,26.644943333993194,1.1826517211902399,474
684007,"Imanaga, Shota",173.1,173.33333333333334,2594,156,6.0,24.7,125,63965.65399685674,3321.3,2024,26.644943333993194,1.1826517211902399,474
455119,"Martin, Chris",44.1,44.333333333333336,659,45,6.8,24.7,125,16253.905945269875,3299.7,2024,26.644943333993194,1.1826517211902399,474
571912,"Maile, Luke",3.2,3.6666666666666665,65,6,9.2,24.7,125,1603.8579032283812,3936.7,2024,26.644943333993194,1.1826517211902399,474
607536,"Freeland, Kyle",113.1,113.33333333333333,1769,113,6.4,24.8,124,43818.70642887404,3479.7,2024,26.644943333993194,1.1826517211902399,474
680570,"Rodriguez, Grayson",116.2,116.66666666666667,1879,102,5.4,24.8,124,46509.586421945,3587.9,2024,26.644943333993194,1.1826517211902399,474
685801,"Bigge, Hunter",17.1,17.333333333333332,300,16,5.3,24.7,124,7421.715885948151,3853.6,2024,26.644943333993194,1.1826517211902399,474
605335,"Leibrandt, Brandon",6.1,6.333333333333333,117,5,4.3,24.7,124,2894.5531239619995,4113.3,2024,26.644943333993194,1.1826517211902399,474
607192,"Glasnow, Tyler",134.0,134.0,1935,129,6.7,24.8,123,48078.87686030723,3229.2,2024,26.644943333993194,1.1826517211902399,474
592351,"Gray, Jon",102.2,102.66666666666667,1635,107,6.5,24.8,123,40570.77652292745,3556.5,2024,26.644943333993194,1.1826517211902399,474
659275,"Lamet, Dinelson",4.1,4.333333333333333,78,3,3.8,24.9,123,1939.5350107395786,4028.3,2024,26.644943333993194,1.1826517211902399,474
623149,"Sewald, Paul",39.2,39.666666666666664,633,43,6.8,24.9,123,15734.460025893748,3570.0,2024,26.644943333993194,1.1826517211902399,474
695243,"Miller, Mason",65.0,65.0,1037,92,8.9,24.8,123,25767.620961778674,3567.8,2024,26.644943333993194,1.1826517211902399,474
605397,"Musgrove, Joe",99.2,99.66666666666667,1522,115,7.6,24.8,123,37800.51667400003,3413.4,2024,26.644943333993194,1.1826517211902399,474
670102,"Francis, Bowden",103.2,103.66666666666667,1561,79,5.1,24.9,123,38808.23943953273,3369.2,2024,26.644943333993194,1.1826517211902399,474
676395,"Garcia, Robert",59.2,59.666666666666664,950,64,6.7,24.8,123,23590.255538759906,3558.3,2024,26.644943333993194,1.1826517211902399,474
674003,"Bradford, Cody",76.1,76.33333333333333,1176,78,6.6,24.8,123,29177.33667053884,3440.1,2024,26.644943333993194,1.1826517211902399,474
554340,"García, Yimi",39.0,39.0,632,53,8.4,24.9,122,15748.89825766539,3634.4,2024,26.644943333993194,1.1826517211902399,474
669270,"Kuhnel, Joel",10.0,10.0,159,12,7.5,24.9,122,3962.374284614404,3566.1,2024,26.644943333993194,1.1826517211902399,474
689017,"Knack, Landon",69.0,69.0,1149,73,6.4,24.9,122,28633.227810436878,3734.8,2024,26.644943333993194,1.1826517211902399,474
642016,"Robert, Daniel",5.2,5.666666666666667,104,4,3.8,24.9,122,2592.9407234481296,4118.2,2024,26.644943333993194,1.1826517211902399,474
656353,"Davidson, Tucker",4.2,4.666666666666667,67,0,0.0,24.9,122,1667.2787299882712,3215.5,2024,26.644943333993194,1.1826517211902399,474
669372,"Ginn, J.T.",34.0,34.0,520,29,5.6,24.9,122,12936.733284444264,3424.4,2024,26.644943333993194,1.1826517211902399,474
676710,"Crawford, Kutter",183.2,183.66666666666666,2823,209,7.4,24.9,122,70412.80172212767,3450.4,2024,26.644943333993194,1.1826517211902399,474
680689,"Richardson, Lyon",0.2,0.6666666666666666,26,0,0.0,24.9,122,648.3629305146218,8752.9,2024,26.644943333993194,1.1826517211902399,474
695549,"Jobe, Jackson",4.0,4.0,48,0,0.0,24.9,122,1194.1329617750387,2686.8,2024,26.644943333993194,1.1826517211902399,474
608718,"Suter, Brent",65.2,65.66666666666667,1022,77,7.5,24.9,122,25482.350130343748,3492.5,2024,26.644943333993194,1.1826517211902399,474
605447,"Romano, Jordan",13.2,13.666666666666666,219,14,6.4,24.9,122,5448.630723807198,3588.1,2024,26.644943333993194,1.1826517211902399,474
669276,"Lee, Dylan",59.2,59.666666666666664,879,70,8.0,24.9,122,21926.44165633984,3307.3,2024,26.644943333993194,1.1826517211902399,474
543056,"Coulombe, Danny",29.2,29.666666666666668,466,28,6.0,24.9,122,11617.378410946118,3524.4,2024,26.644943333993194,1.1826517211902399,474
543135,"Eovaldi, Nathan",170.2,170.66666666666666,2623,191,7.3,25.0,121,65595.18486833369,3459.1,2024,26.644943333993194,1.1826517211902399,474
669212,"Morgan, Eli",42.0,42.0,649,51,7.9,25.0,121,16210.252557138367,3473.6,2024,26.644943333993194,1.1826517211902399,474
663947,"Holton, Tyler",94.1,94.33333333333333,1344,85,6.3,25.0,121,33625.72210289738,3208.1,2024,26.644943333993194,1.1826517211902399,474
601713,"Pivetta, Nick",145.2,145.66666666666666,2392,176,7.4,25.0,121,59740.023477861156,3691.0,2024,26.644943333993194,1.1826517211902399,474
671922,"Smith, Cade",75.1,75.33333333333333,1166,87,7.5,25.0,121,29125.173431681025,3479.6,2024,26.644943333993194,1.1826517211902399,474
663423,"Thornton, Trent",72.1,72.33333333333333,1144,92,8.0,25.0,121,28599.838102635564,3558.5,2024,26.644943333993194,1.1826517211902399,474
687330,"Kelly, Kevin",70.2,70.66666666666667,1035,91,8.8,25.0,121,25863.963066871554,3294.0,2024,26.644943333993194,1.1826517211902399,474
571510,"Boyd, Matthew",39.2,39.666666666666664,669,40,6.0,25.0,121,16694.24848623696,3787.8,2024,26.644943333993194,1.1826517211902399,474
669724,"Hanifee, Brenan",29.1,29.333333333333332,447,25,5.6,25.0,121,11170.149502299213,3427.2,2024,26.644943333993194,1.1826517211902399,474
669923,"Kirby, George",191.0,191.0,2969,213,7.2,25.0,121,74179.14772418636,3495.4,2024,26.644943333993194,1.1826517211902399,474
657193,"Alvarez, Eddy",1.0,1.0,13,1,7.7,25.0,121,324.9491316286308,2924.5,2024,26.644943333993194,1.1826517211902399,474
666619,"Santos, Gregory",7.1,7.333333333333333,112,4,3.6,25.0,121,2796.341581055186,3431.9,2024,26.644943333993194,1.1826517211902399,474
669308,"Reynolds, Sean",11.0,11.0,225,10,4.4,25.0,121,5630.801251569111,4607.0,2024,26.644943333993194,1.1826517211902399,474
663158,"Suarez, Robert",65.0,65.0,957,64,6.7,25.1,120,24003.203436609834,3323.5,2024,26.644943333993194,1.1826517211902399,474
594798,"deGrom, Jacob",10.2,10.666666666666666,172,10,5.8,25.1,120,4309.145084539919,3635.8,2024,26.644943333993194,1.1826517211902399,474
682243,"Miller, Bryce",180.1,180.33333333333334,2753,190,6.9,25.0,120,68909.88471581611,3439.1,2024,26.644943333993194,1.1826517211902399,474
683769,"Gaddis, Hunter",74.2,74.66666666666667,1079,85,7.9,25.1,120,27068.07053881925,3262.7,2024,26.644943333993194,1.1826517211902399,474
695076,"Lowder, Rhett",30.2,30.666666666666668,498,29,5.8,25.0,120,12468.629611560089,3659.3,2024,26.644943333993194,1.1826517211902399,474
660825,"Bazardo, Eduard",27.2,27.666666666666668,441,31,7.0,25.0,120,11046.901553566311,3593.6,2024,26.644943333993194,1.1826517211902399,474
543339,"Hudson, Daniel",63.0,63.0,981,70,7.1,25.1,120,24594.219465976854,3513.5,2024,26.644943333993194,1.1826517211902399,474
594902,"Lively, Ben",151.0,151.0,2409,165,6.8,25.1,119,60510.32073040519,3606.6,2024,26.644943333993194,1.1826517211902399,474
605156,"Brooks, Aaron",26.2,26.666666666666668,403,26,6.5,25.2,119,10148.750779597462,3425.2,2024,26.644943333993194,1.1826517211902399,474
607237,"Garrett, Amir",5.1,5.333333333333333,104,10,9.6,25.1,119,2613.4751558930507,4410.2,2024,26.644943333993194,1.1826517211902399,474
489446,"Yates, Kirby",61.2,61.666666666666664,1045,75,7.2,25.1,119,26237.986366182882,3829.3,2024,26.644943333993194,1.1826517211902399,474
669211,"Akin, Keegan",78.2,78.66666666666667,1246,87,7.0,25.1,119,31307.20548751881,3581.8,2024,26.644943333993194,1.1826517211902399,474
663460,"Bubic, Kris",30.1,30.333333333333332,476,42,8.8,25.1,119,11967.374055870503,3550.8,2024,26.644943333993194,1.1826517211902399,474
660644,"Bruján, Vidal",1.2,1.6666666666666665,55,3,5.5,25.2,119,1383.5310148188482,7471.1,2024,26.644943333993194,1.1826517211902399,474
668390,"Winn, Cole",17.1,17.333333333333332,286,26,9.1,25.1,119,7188.76965946523,3732.6,2024,26.644943333993194,1.1826517211902399,474
623474,"Herget, Jimmy",12.1,12.333333333333334,189,9,4.8,25.2,119,4757.813010485438,3471.9,2024,26.644943333993194,1.1826517211902399,474
681871,"Villalobos, Eli",4.1,4.333333333333333,71,3,4.2,25.2,118,1789.3501317654914,3716.3,2024,26.644943333993194,1.1826517211902399,474
663321,"Hernandez, Nick",8.0,8.0,141,9,6.4,25.2,118,3555.1911294395304,3999.6,2024,26.644943333993194,1.1826517211902399,474
445276,"Jansen, Kenley",54.2,54.666666666666664,810,74,9.1,25.2,118,20446.994702222615,3366.3,2024,26.644943333993194,1.1826517211902399,474
608723,"Voth, Austin",61.0,61.0,976,72,7.4,25.2,118,24615.66226363039,3631.8,2024,26.644943333993194,1.1826517211902399,474
605488,"Springs, Jeffrey",33.0,33.0,565,48,8.5,25.2,118,14239.4004089376,3883.5,2024,26.644943333993194,1.1826517211902399,474
453286,"Scherzer, Max",43.1,43.333333333333336,670,56,8.4,25.3,118,16920.687333558868,3514.3,2024,26.644943333993194,1.1826517211902399,474
571945,"Mikolas, Miles",171.2,171.66666666666666,2705,224,8.3,25.2,118,68160.1001634763,3573.4,2024,26.644943333993194,1.1826517211902399,474
641302,"Alexander, Tyler",107.2,107.66666666666667,1673,121,7.2,25.3,118,42257.85671874006,3532.4,2024,26.644943333993194,1.1826517211902399,474
592791,"Taillon, Jameson",165.1,165.33333333333334,2483,177,7.1,25.2,118,62687.83087532998,3412.4,2024,26.644943333993194,1.1826517211902399,474
677960,"Weathers, Ryan",86.2,86.66666666666667,1417,85,6.0,25.2,118,35731.06347471511,3710.5,2024,26.644943333993194,1.1826517211902399,474
808967,"Yamamoto, Yoshinobu",90.0,90.0,1431,104,7.3,25.3,117,36177.265963363265,3617.7,2024,26.644943333993194,1.1826517211902399,474
676254,"Walker, Ryan",80.0,80.0,1225,91,7.4,25.3,117,31027.65459481362,3490.6,2024,26.644943333993194,1.1826517211902399,474
673380,"Núñez, Dedniel",35.0,35.0,526,46,8.7,25.3,117,13313.77876605677,3423.5,2024,26.644943333993194,1.1826517211902399,474
657006,"Steele, Justin",134.2,134.66666666666666,2047,153,7.5,25.3,117,51744.07911405597,3458.1,2024,26.644943333993194,1.1826517211902399,474
650960,"Duarte, Daniel",4.0,4.0,56,3,5.4,25.3,117,1415.5121416778532,3184.9,2024,26.644943333993194,1.1826517211902399,474
519242,"Sale, Chris",177.2,177.66666666666666,2818,233,8.3,25.3,117,71240.4346596767,3608.8,2024,26.644943333993194,1.1826517211902399,474
650489,"Castro, Willi",1.1,1.3333333333333333,15,2,13.3,25.3,117,379.272116356289,2560.1,2024,26.644943333993194,1.1826517211902399,474
669203,"Burnes, Corbin",194.1,194.33333333333334,2997,218,7.3,25.3,117,75920.30444838997,3516.0,2024,26.644943333993194,1.1826517211902399,474
674444,"Cruz, Steven",5.2,5.666666666666667,82,12,14.6,25.3,117,2074.24579382897,3294.4,2024,26.644943333993194,1.1826517211902399,474
656546,"Hoffman, Jeff",66.1,66.33333333333333,1004,66,6.6,25.3,117,25443.14764934607,3452.1,2024,26.644943333993194,1.1826517211902399,474
700187,"Taylor, Troy",19.1,19.333333333333332,329,22,6.7,25.3,117,8337.349777000394,3881.2,2024,26.644943333993194,1.1826517211902399,474
669854,"Blanco, Ronel",167.1,167.33333333333334,2753,202,7.3,25.3,117,69617.37431621212,3744.4,2024,26.644943333993194,1.1826517211902399,474
605400,"Nola, Aaron",199.1,199.33333333333334,3193,247,7.7,25.4,116,81013.48661446298,3657.8,2024,26.644943333993194,1.1826517211902399,474
675540,"Curry, Xzavion",42.2,42.666666666666664,642,64,10.0,25.4,116,16283.169885384594,3434.7,2024,26.644943333993194,1.1826517211902399,474
650644,"Civale, Aaron",161.0,161.0,2700,199,7.4,25.4,116,68510.59042281921,3829.8,2024,26.644943333993194,1.1826517211902399,474
656876,"Rasmussen, Drew",28.2,28.666666666666668,460,34,7.4,25.4,116,11682.1700099409,3667.7,2024,26.644943333993194,1.1826517211902399,474
656730,"Megill, Trevor",46.1,46.333333333333336,682,51,7.5,25.4,116,17302.698934104174,3361.0,2024,26.644943333993194,1.1826517211902399,474
671096,"Abbott, Andrew",138.0,138.0,2334,164,7.0,25.4,116,59188.601557132664,3860.1,2024,26.644943333993194,1.1826517211902399,474
682227,"Williamson, Brandon",14.1,14.333333333333334,256,19,7.4,25.4,116,6507.480613873789,4086.1,2024,26.644943333993194,1.1826517211902399,474
678606,"Ferrer, José A.",32.0,32.0,477,38,8.0,25.4,116,12103.745437753743,3404.2,2024,26.644943333993194,1.1826517211902399,474
541640,"Ramírez, Erasmo",20.2,20.666666666666668,304,25,8.2,25.4,116,7712.7073618674,3358.8,2024,26.644943333993194,1.1826517211902399,474
640455,"Manaea, Sean",181.2,181.66666666666666,2997,228,7.6,25.4,116,76029.08386898575,3766.6,2024,26.644943333993194,1.1826517211902399,474
660896,"Alcala, Jorge",58.1,58.333333333333336,935,76,8.1,25.4,116,23751.472599237844,3664.5,2024,26.644943333993194,1.1826517211902399,474
683003,"Jones, Jared",121.2,121.66666666666667,1916,168,8.8,25.5,115,48824.91977594107,3611.7,2024,26.644943333993194,1.1826517211902399,474
676440,"Bibee, Tanner",173.2,173.66666666666666,2853,241,8.4,25.5,115,72658.89449750677,3765.4,2024,26.644943333993194,1.1826517211902399,474
676979,"Crochet, Garrett",146.0,146.0,2395,198,8.3,25.5,115,60966.244692405504,3758.2,2024,26.644943333993194,1.1826517211902399,474
641745,"Keller, Brad",41.1,41.333333333333336,744,51,6.9,25.5,115,18967.727065602463,4130.1,2024,26.644943333993194,1.1826517211902399,474
670955,"Uceta, Edwin",41.2,41.666666666666664,674,62,9.2,25.5,115,17181.409379192686,3711.2,2024,26.644943333993194,1.1826517211902399,474
675911,"Strider, Spencer",9.0,9.0,178,7,3.9,25.5,115,4534.990848391376,4535.0,2024,26.644943333993194,1.1826517211902399,474
622786,"Tinoco, Jesus",40.2,40.666666666666664,648,58,9.0,25.5,115,16499.590188440976,3651.5,2024,26.644943333993194,1.1826517211902399,474
686563,"Cannon, Jonathan",124.1,124.33333333333333,2029,152,7.5,25.4,115,51594.819966156356,3734.7,2024,26.644943333993194,1.1826517211902399,474
628452,"Iglesias, Raisel",69.1,69.33333333333333,940,91,9.7,25.5,115,23963.346050049175,3110.6,2024,26.644943333993194,1.1826517211902399,474
552640,"Kittredge, Andrew",70.2,70.66666666666667,1038,90,8.7,25.4,115,26393.61647526715,3361.5,2024,26.644943333993194,1.1826517211902399,474
606303,"Payamps, Joel",59.0,59.0,916,82,9.0,25.5,115,23330.210584712015,3558.8,2024,26.644943333993194,1.1826517211902399,474
669060,"Wilson, Bryse",104.2,104.66666666666667,1643,123,7.5,25.5,115,41823.59928585896,3596.3,2024,26.644943333993194,1.1826517211902399,474
456501,"Cueto, Johnny",11.1,11.333333333333334,173,15,8.7,25.4,115,4398.213166438607,3492.7,2024,26.644943333993194,1.1826517211902399,474
594835,"Gonzales, Marco",33.2,33.666666666666664,546,31,5.7,25.5,115,13906.258393846841,3717.5,2024,26.644943333993194,1.1826517211902399,474
643377,"Jax, Griffin",71.0,71.0,1072,104,9.7,25.5,114,27356.916559543475,3467.8,2024,26.644943333993194,1.1826517211902399,474
694813,"Stone, Gavin",140.1,140.33333333333334,2154,159,7.4,25.6,114,55076.28052807049,3532.2,2024,26.644943333993194,1.1826517211902399,474
656550,"Holmes, Grant",68.1,68.33333333333333,1029,88,8.6,25.5,114,26278.338778517238,3461.0,2024,26.644943333993194,1.1826517211902399,474
671737,"Bradley, Taj",138.0,138.0,2296,176,7.7,25.6,114,58697.66398504479,3828.1,2024,26.644943333993194,1.1826517211902399,474
805673,"Matthews, Zebby",37.2,37.666666666666664,717,42,5.9,25.5,114,18294.01743345487,4371.1,2024,26.644943333993194,1.1826517211902399,474
686752,"Pepiot, Ryan",130.0,130.0,2150,186,8.7,25.6,114,54985.826922586806,3806.7,2024,26.644943333993194,1.1826517211902399,474
671131,"Rutledge, Jackson",8.1,8.333333333333334,139,7,5.0,25.5,114,3548.7889190506194,3832.7,2024,26.644943333993194,1.1826517211902399,474
670161,"Dunshee, Parker",2.1,2.3333333333333335,51,2,3.9,25.5,114,1301.2099548397223,5019.0,2024,26.644943333993194,1.1826517211902399,474
663969,"Phillips, Tyler",36.2,36.666666666666664,578,44,7.6,25.6,113,14801.23129263179,3633.0,2024,26.644943333993194,1.1826517211902399,474
554430,"Wheeler, Zack",200.0,200.0,3136,269,8.6,25.7,113,80442.41399127421,3619.9,2024,26.644943333993194,1.1826517211902399,474
666200,"Luzardo, Jesús",66.2,66.66666666666667,1084,89,8.2,25.6,113,27795.39057460711,3752.4,2024,26.644943333993194,1.1826517211902399,474
663773,"Hoeing, Bryan",53.2,53.666666666666664,785,65,8.3,25.6,113,20127.79275964141,3375.5,2024,26.644943333993194,1.1826517211902399,474
687863,"Hodge, Porter",43.0,43.0,643,51,7.9,25.6,113,16478.97224617476,3449.1,2024,26.644943333993194,1.1826517211902399,474
666157,"Lodolo, Nick",115.1,115.33333333333333,1865,149,8.0,25.6,113,47797.67947484557,3729.9,2024,26.644943333993194,1.1826517211902399,474
692285,"Guerrero, Luis",10.0,10.0,133,12,9.0,25.6,113,3403.203909225216,3062.9,2024,26.644943333993194,1.1826517211902399,474
694973,"Skenes, Paul",133.0,133.0,2127,176,8.3,25.6,113,54505.63797999998,3688.4,2024,26.644943333993194,1.1826517211902399,474
682254,"Montgomery, Mason",9.2,9.666666666666666,159,19,11.9,25.6,113,4070.5594706718775,3789.8,2024,26.644943333993194,1.1826517211902399,474
656427,"Flaherty, Jack",162.0,162.0,2646,219,8.3,25.7,112,68061.70241434475,3781.2,2024,26.644943333993194,1.1826517211902399,474
641793,"Littell, Zack",156.1,156.33333333333334,2488,217,8.7,25.7,112,63921.09767945939,3679.9,2024,26.644943333993194,1.1826517211902399,474
678368,"Bellozo, Valente",68.2,68.66666666666667,1098,99,9.0,25.7,112,28216.139089587097,3698.2,2024,26.644943333993194,1.1826517211902399,474
669438,"Englert, Mason",21.2,21.666666666666668,369,29,7.9,25.7,112,9469.30608417396,3933.4,2024,26.644943333993194,1.1826517211902399,474
657697,"Nittoli, Vinny",12.0,12.0,178,13,7.3,25.7,112,4568.060632608424,3426.0,2024,26.644943333993194,1.1826517211902399,474
543294,"Hendricks, Kyle",130.2,130.66666666666666,2135,191,8.9,25.7,112,54891.60015558038,3780.8,2024,26.644943333993194,1.1826517211902399,474
700249,"Povich, Cade",79.2,79.66666666666667,1392,120,8.6,25.7,112,35816.36445581005,4046.2,2024,26.644943333993194,1.1826517211902399,474
669713,"Wesneski, Hayden",67.2,67.66666666666667,1077,92,8.5,25.7,112,27692.732313291643,3683.3,2024,26.644943333993194,1.1826517211902399,474
543351,"Jackson, Jay",26.1,26.333333333333332,453,35,7.7,25.7,112,11650.614586664247,3981.9,2024,26.644943333993194,1.1826517211902399,474
666142,"Ragans, Cole",186.1,186.33333333333334,3119,249,8.0,25.7,112,80208.96033695253,3874.1,2024,26.644943333993194,1.1826517211902399,474
656793,"Nelson, Nick",5.1,5.333333333333333,96,2,2.1,25.7,112,2470.6454044141665,4169.2,2024,26.644943333993194,1.1826517211902399,474
607259,"Martinez, Nick",142.1,142.33333333333334,2126,204,9.6,25.7,112,54620.67417230825,3453.8,2024,26.644943333993194,1.1826517211902399,474
573009,"Mantiply, Joe",59.2,59.666666666666664,897,92,10.3,25.7,112,23054.527762708025,3477.5,2024,26.644943333993194,1.1826517211902399,474
686580,"Slaten, Justin",55.1,55.333333333333336,812,76,9.4,25.7,112,20895.574814183714,3398.7,2024,26.644943333993194,1.1826517211902399,474
683155,"Estes, Joey",127.2,127.66666666666667,2031,203,10.0,25.7,112,52192.39911730575,3679.4,2024,26.644943333993194,1.1826517211902399,474
622503,"Crismatt, Nabil",7.0,7.0,93,7,7.5,25.8,111,2399.5850451233755,3085.2,2024,26.644943333993194,1.1826517211902399,474
681293,"Arrighetti, Spencer",145.0,145.0,2509,210,8.4,25.8,111,64674.76158448066,4014.3,2024,26.644943333993194,1.1826517211902399,474
669358,"Baz, Shane",79.1,79.33333333333333,1207,106,8.8,25.8,111,31113.87422380795,3529.7,2024,26.644943333993194,1.1826517211902399,474
660844,"Rivas, Leo",2.0,2.0,20,1,5.0,25.8,111,516.1014717517745,2322.5,2024,26.644943333993194,1.1826517211902399,474
624133,"Suarez, Ranger",150.2,150.66666666666666,2359,191,8.1,25.8,111,60890.777443074614,3637.3,2024,26.644943333993194,1.1826517211902399,474
625643,"López, Reynaldo",135.2,135.66666666666666,2117,185,8.7,25.7,111,54502.27473805235,3615.6,2024,26.644943333993194,1.1826517211902399,474
656896,"Rivera, Emmanuel",4.0,4.0,56,4,7.1,25.8,111,1443.5229105520405,3247.9,2024,26.644943333993194,1.1826517211902399,474
650633,"King, Michael",173.2,173.66666666666666,2827,228,8.1,25.8,111,72967.47848388598,3781.4,2024,26.644943333993194,1.1826517211902399,474
579328,"Kikuchi, Yusei",175.2,175.66666666666666,2926,259,8.9,25.7,111,75319.65405408118,3858.9,2024,26.644943333993194,1.1826517211902399,474
689690,"Jacob, Alek",14.2,14.666666666666666,232,20,8.6,25.7,111,5973.401871729172,3665.5,2024,26.644943333993194,1.1826517211902399,474
663978,"Paddack, Chris",88.1,88.33333333333333,1462,119,8.1,25.8,111,37741.67837322965,3845.4,2024,26.644943333993194,1.1826517211902399,474
642547,"Peralta, Freddy",173.2,173.66666666666666,3070,251,8.2,25.7,111,79030.1658248798,4095.6,2024,26.644943333993194,1.1826517211902399,474
677865,"Bruihl, Justin",5.2,5.666666666666667,100,10,10.0,25.8,111,2578.0319482243212,4094.5,2024,26.644943333993194,1.1826517211902399,474
656657,"Logue, Zach",2.0,2.0,43,4,9.3,25.7,111,1107.235344989641,4982.6,2024,26.644943333993194,1.1826517211902399,474
598264,"Barnes, Matt",13.1,13.333333333333334,237,19,8.0,25.9,110,6135.259465448439,4141.3,2024,26.644943333993194,1.1826517211902399,474
543037,"Cole, Gerrit",95.0,95.0,1541,119,7.7,25.9,110,39893.065976184334,3779.3,2024,26.644943333993194,1.1826517211902399,474
663767,"Shugart, Chase",8.2,8.666666666666666,142,16,11.3,25.9,110,3674.8479979589765,3816.2,2024,26.644943333993194,1.1826517211902399,474
593958,"Rodriguez, Eduardo",50.0,50.0,871,57,6.5,25.9,110,22541.715874880385,4057.5,2024,26.644943333993194,1.1826517211902399,474
657044,"Thompson, Ryan",66.1,66.33333333333333,985,83,8.4,25.9,110,25464.531020609367,3455.0,2024,26.644943333993194,1.1826517211902399,474
622491,"Castillo, Luis",175.1,175.33333333333334,2867,276,9.6,25.8,110,74040.16073988676,3800.5,2024,26.644943333993194,1.1826517211902399,474
657376,"Schmidt, Clarke",85.1,85.33333333333333,1456,107,7.3,25.8,110,37628.884013049246,3968.7,2024,26.644943333993194,1.1826517211902399,474
663485,"Sands, Cole",71.1,71.33333333333333,1154,115,10.0,25.8,110,29829.026020140966,3763.5,2024,26.644943333993194,1.1826517211902399,474
641729,"Jiménez, Joe",68.2,68.66666666666667,1093,101,9.2,25.8,110,28233.77755598791,3700.5,2024,26.644943333993194,1.1826517211902399,474
677944,"Cecconi, Slade",77.0,77.0,1298,113,8.7,25.8,110,33520.07750868899,3917.9,2024,26.644943333993194,1.1826517211902399,474
677955,"Hill, Jaden",10.2,10.666666666666666,151,14,9.3,25.8,110,3903.348180755432,3293.5,2024,26.644943333993194,1.1826517211902399,474
672860,"Berroa, Prelander",19.0,19.0,355,19,5.4,25.9,110,9186.928296802573,4351.7,2024,26.644943333993194,1.1826517211902399,474
670810,"Gillaspie, Logan",11.1,11.333333333333334,151,18,11.9,25.8,110,3901.432902169823,3098.2,2024,26.644943333993194,1.1826517211902399,474
596295,"Gomber, Austin",165.0,165.0,2622,219,8.4,25.9,110,67792.12706788568,3697.8,2024,26.644943333993194,1.1826517211902399,474
608032,"Estévez, Carlos",55.0,55.0,837,101,12.1,26.0,109,21723.494788678778,3554.8,2024,26.644943333993194,1.1826517211902399,474
687792,"Herz, DJ",88.2,88.66666666666667,1587,162,10.2,25.9,109,41137.42867501058,4175.6,2024,26.644943333993194,1.1826517211902399,474
641154,"López, Pablo",185.1,185.33333333333334,2986,284,9.5,25.9,109,77408.98579001878,3759.1,2024,26.644943333993194,1.1826517211902399,474
687396,"Headrick, Brent",3.0,3.0,60,2,3.3,26.0,109,1557.8769950720823,4673.6,2024,26.644943333993194,1.1826517211902399,474
641482,"Cortes, Nestor",174.1,174.33333333333334,2851,257,9.0,25.9,109,73961.60501320584,3818.3,2024,26.644943333993194,1.1826517211902399,474
663546,"Hjelle, Sean",80.2,80.66666666666667,1217,125,10.3,25.9,109,31558.405164154115,3521.0,2024,26.644943333993194,1.1826517211902399,474
665152,"Kremer, Dean",129.2,129.66666666666666,2171,198,9.1,25.9,109,56224.127580408676,3902.4,2024,26.644943333993194,1.1826517211902399,474
621053,"Ferguson, Tyler",51.1,51.333333333333336,827,76,9.2,25.9,109,21456.38761748313,3761.8,2024,26.644943333993194,1.1826517211902399,474
621381,"Strahm, Matt",62.2,62.666666666666664,987,101,10.2,25.9,109,25565.83352608706,3671.7,2024,26.644943333993194,1.1826517211902399,474
687362,"Gillispie, Connor",8.0,8.0,138,13,9.4,26.0,109,3582.0220576459374,4029.8,2024,26.644943333993194,1.1826517211902399,474
694297,"Pfaadt, Brandon",181.2,181.66666666666666,2801,277,9.9,26.0,109,72695.97473348195,3601.5,2024,26.644943333993194,1.1826517211902399,474
621345,"Minter, A.J.",34.1,34.333333333333336,526,55,10.5,26.0,109,13655.956311469847,3579.7,2024,26.644943333993194,1.1826517211902399,474
621242,"Díaz, Edwin",53.2,53.666666666666664,914,86,9.4,26.0,109,23728.76348646513,3979.4,2024,26.644943333993194,1.1826517211902399,474
686730,"Spiers, Carson",90.2,90.66666666666667,1554,124,8.0,25.9,109,40308.15117135309,4001.2,2024,26.644943333993194,1.1826517211902399,474
650556,"Abreu, Bryan",78.1,78.33333333333333,1302,112,8.6,26.0,109,33811.63942824852,3884.7,2024,26.644943333993194,1.1826517211902399,474
666159,"Manning, Matt",27.2,27.666666666666668,438,39,8.9,26.0,109,11376.720286133954,3700.9,2024,26.644943333993194,1.1826517211902399,474
571760,"Heaney, Andrew",160.0,160.0,2739,239,8.7,26.0,108,71257.92844540914,4008.3,2024,26.644943333993194,1.1826517211902399,474
571882,"Law, Derek",90.0,90.0,1371,135,9.8,26.0,108,35646.51561999783,3564.7,2024,26.644943333993194,1.1826517211902399,474
657024,"Swanson, Erik",39.1,39.333333333333336,667,58,8.7,26.0,108,17368.959976890514,3974.3,2024,26.644943333993194,1.1826517211902399,474
666745,"Brito, Jhony",43.2,43.666666666666664,625,52,8.3,26.0,108,16277.630825465163,3354.9,2024,26.644943333993194,1.1826517211902399,474
641540,"Dunning, Dane",95.0,95.0,1693,130,7.7,26.0,108,43982.93978614218,4166.8,2024,26.644943333993194,1.1826517211902399,474
657277,"Webb, Logan",204.2,204.66666666666666,3209,307,9.6,26.0,108,83430.41513443211,3668.8,2024,26.644943333993194,1.1826517211902399,474
669194,"Nelson, Ryne",150.2,150.66666666666666,2413,214,8.9,26.0,108,62853.798562412296,3754.5,2024,26.644943333993194,1.1826517211902399,474
688107,"Gasser, Robert",28.0,28.0,399,28,7.0,26.0,108,10374.739272879306,3334.7,2024,26.644943333993194,1.1826517211902399,474
657265,"Strzelecki, Peter",11.2,11.666666666666666,192,22,11.5,26.0,108,4993.25708628652,3851.9,2024,26.644943333993194,1.1826517211902399,474
623433,"Anderson, Nick",35.2,35.666666666666664,578,50,8.7,26.0,108,15030.846297519856,3792.8,2024,26.644943333993194,1.1826517211902399,474
676664,"Sears, JP",180.2,180.66666666666666,2858,248,8.7,26.0,108,74391.0625647994,3705.8,2024,26.644943333993194,1.1826517211902399,474
623352,"Hader, Josh",71.0,71.0,1168,120,10.3,26.0,108,30420.988143980434,3856.2,2024,26.644943333993194,1.1826517211902399,474
676106,"Hancock, Emerson",60.2,60.666666666666664,1015,89,8.8,26.0,108,26435.462303092012,3921.7,2024,26.644943333993194,1.1826517211902399,474
607067,"Rea, Colin",167.2,167.66666666666666,2656,243,9.1,26.0,108,69029.61296867988,3705.4,2024,26.644943333993194,1.1826517211902399,474
656671,"Maciejewski, Josh",7.0,7.0,96,9,9.4,26.1,108,2501.0684877180197,3215.7,2024,26.644943333993194,1.1826517211902399,474
608344,"Irvin, Cole",111.0,111.0,1772,159,9.0,26.0,108,46096.18491031635,3737.5,2024,26.644943333993194,1.1826517211902399,474
675627,"Grove, Michael",51.0,51.0,787,67,8.5,26.0,108,20488.939685635753,3615.7,2024,26.644943333993194,1.1826517211902399,474
622663,"Severino, Luis",182.0,182.0,2892,314,10.9,26.0,108,75169.22803451911,3717.2,2024,26.644943333993194,1.1826517211902399,474
621244,"Berríos, José",192.1,192.33333333333334,2920,288,9.9,26.0,108,75860.55568745472,3549.8,2024,26.644943333993194,1.1826517211902399,474
675989,"Bolton, Cody",18.2,18.666666666666668,313,26,8.3,26.0,108,8143.349782118362,3926.3,2024,26.644943333993194,1.1826517211902399,474
670871,"Zuñiga, Guillo",17.2,17.666666666666668,277,26,9.4,26.1,107,7229.273928663174,3682.8,2024,26.644943333993194,1.1826517211902399,474
543243,"Gray, Sonny",166.1,166.33333333333334,2486,248,10.0,26.1,107,64787.68515625788,3505.5,2024,26.644943333993194,1.1826517211902399,474
682120,"Herrin, Tim",65.2,65.66666666666667,1015,101,10.0,26.1,107,26508.04509070338,3633.1,2024,26.644943333993194,1.1826517211902399,474
669721,"Daniel, Davis",30.1,30.333333333333332,508,38,7.5,26.1,107,13245.755934686893,3930.1,2024,26.644943333993194,1.1826517211902399,474
519326,"Strickland, Hunter",73.1,73.33333333333333,1166,113,9.7,26.1,107,30442.921971522563,3736.2,2024,26.644943333993194,1.1826517211902399,474
656302,"Cease, Dylan",189.1,189.33333333333334,3188,293,9.2,26.1,107,83224.59364770622,3956.1,2024,26.644943333993194,1.1826517211902399,474
656557,"Houck, Tanner",178.2,178.66666666666666,2740,273,10.0,26.1,107,71391.33406707138,3596.2,2024,26.644943333993194,1.1826517211902399,474
683409,"Chivilli, Angel",31.2,31.666666666666668,514,43,8.4,26.1,107,13431.75764664601,3817.4,2024,26.644943333993194,1.1826517211902399,474
643511,"Rogers, Tyler",70.1,70.33333333333333,1010,98,9.7,26.1,107,26314.416752674668,3367.2,2024,26.644943333993194,1.1826517211902399,474
660600,"Paredes, Enoli",21.2,21.666666666666668,319,29,9.1,26.1,107,8314.823546334641,3453.8,2024,26.644943333993194,1.1826517211902399,474
681882,"Selby, Colin",7.0,7.0,112,12,10.7,26.1,107,2920.387748807586,3754.8,2024,26.644943333993194,1.1826517211902399,474
673513,"Matsui, Yuki",62.2,62.666666666666664,1045,77,7.4,26.1,107,27282.99914575837,3918.3,2024,26.644943333993194,1.1826517211902399,474
662253,"Muñoz, Andrés",59.1,59.333333333333336,964,105,10.9,26.1,107,25173.028750981677,3818.4,2024,26.644943333993194,1.1826517211902399,474
680694,"Bradish, Kyle",39.1,39.333333333333336,674,54,8.0,26.1,107,17578.0902934468,4022.1,2024,26.644943333993194,1.1826517211902399,474
667463,"King, John",60.0,60.0,860,87,10.1,26.1,107,22448.724261491676,3367.3,2024,26.644943333993194,1.1826517211902399,474
694350,"Brzykcy, Zach",5.2,5.666666666666667,105,9,8.6,26.1,107,2740.676240989129,4352.8,2024,26.644943333993194,1.1826517211902399,474
664854,"Helsley, Ryan",66.1,66.33333333333333,947,91,9.6,26.1,107,24738.407753232226,3356.5,2024,26.644943333993194,1.1826517211902399,474
607074,"Rodón, Carlos",175.0,175.0,3102,282,9.1,26.2,106,81184.44340950607,4175.2,2024,26.644943333993194,1.1826517211902399,474
573124,"Rogers, Taylor",60.0,60.0,1082,81,7.5,26.2,106,28311.661412946087,4246.7,2024,26.644943333993194,1.1826517211902399,474
607625,"Lugo, Seth",206.2,206.66666666666666,3116,293,9.4,26.2,106,81556.9116764421,3551.7,2024,26.644943333993194,1.1826517211902399,474
682990,"Priester, Quinn",49.2,49.666666666666664,811,82,10.1,26.2,106,21254.826718539633,3851.5,2024,26.644943333993194,1.1826517211902399,474
542881,"Anderson, Tyler",179.1,179.33333333333334,2921,259,8.9,26.2,106,76462.21465742179,3837.3,2024,26.644943333993194,1.1826517211902399,474
680730,"Parker, Mitchell",151.0,151.0,2404,229,9.5,26.2,106,62946.49664108949,3751.8,2024,26.644943333993194,1.1826517211902399,474
605513,"Turnbull, Spencer",54.1,54.333333333333336,920,87,9.5,26.2,106,24060.93230923659,3985.6,2024,26.644943333993194,1.1826517211902399,474
605483,"Snell, Blake",104.0,104.0,1774,193,10.9,26.2,106,46486.34328023368,4022.9,2024,26.644943333993194,1.1826517211902399,474
687765,"Spence, Mitch",151.1,151.33333333333334,2482,228,9.2,26.2,106,65016.59341954067,3866.6,2024,26.644943333993194,1.1826517211902399,474
656266,"Bukauskas, J.B.",6.0,6.0,88,9,10.2,26.2,106,2305.111961985972,3457.7,2024,26.644943333993194,1.1826517211902399,474
642121,"Sulser, Cole",16.1,16.333333333333332,296,22,7.4,26.1,106,7739.028747066598,4264.4,2024,26.644943333993194,1.1826517211902399,474
595014,"Treinen, Blake",46.2,46.666666666666664,737,75,10.2,26.1,106,19264.508988939026,3715.3,2024,26.644943333993194,1.1826517211902399,474
663562,"Davis, Noah",20.1,20.333333333333332,365,43,11.8,26.2,106,9565.542985637781,4233.9,2024,26.644943333993194,1.1826517211902399,474
682610,"Muñoz, Roddery",82.2,82.66666666666667,1486,124,8.3,26.2,106,38893.41085689047,4234.4,2024,26.644943333993194,1.1826517211902399,474
656849,"Peterson, David",121.0,121.0,1875,176,9.4,26.1,106,49024.138327409506,3646.4,2024,26.644943333993194,1.1826517211902399,474
663362,"Waldron, Matt",146.2,146.66666666666666,2451,213,8.7,26.2,106,64105.583911348665,3933.8,2024,26.644943333993194,1.1826517211902399,474
622065,"Young, Alex",15.2,15.666666666666666,268,25,9.3,26.2,106,7020.552997540094,4033.1,2024,26.644943333993194,1.1826517211902399,474
676092,"Snider, Collin",41.2,41.666666666666664,684,73,10.7,26.2,106,17920.92372676139,3870.9,2024,26.644943333993194,1.1826517211902399,474
689672,"Thorpe, Drew",44.1,44.333333333333336,721,70,9.7,26.2,106,18896.840621716965,3836.2,2024,26.644943333993194,1.1826517211902399,474
571670,"Floro, Dylan",68.2,68.66666666666667,1020,102,10.0,26.1,106,26658.81421727198,3494.1,2024,26.644943333993194,1.1826517211902399,474
677976,"Dobnak, Randy",9.2,9.666666666666666,184,18,9.8,26.2,106,4818.870664323503,4486.5,2024,26.644943333993194,1.1826517211902399,474
669330,"Wells, Tyler",15.1,15.333333333333334,259,20,7.7,26.2,106,6774.605027146,3976.4,2024,26.644943333993194,1.1826517211902399,474
656420,"Feyereisen, J.P.",11.0,11.0,156,19,12.2,26.3,105,4098.292210606046,3353.1,2024,26.644943333993194,1.1826517211902399,474
668941,"Romero, JoJo",59.0,59.0,921,95,10.3,26.3,105,24188.793959651117,3689.8,2024,26.644943333993194,1.1826517211902399,474
571657,"Farmer, Kyle",4.0,4.0,41,3,7.3,26.3,105,1076.9965217065928,2423.2,2024,26.644943333993194,1.1826517211902399,474
571927,"Matz, Steven",44.1,44.333333333333336,758,67,8.8,26.2,105,19868.58603270461,4033.5,2024,26.644943333993194,1.1826517211902399,474
668909,"Williams, Gavin",76.0,76.0,1368,131,9.6,26.3,105,35960.38581475102,4258.5,2024,26.644943333993194,1.1826517211902399,474
621389,"Blach, Ty",71.1,71.33333333333333,1133,125,11.0,26.2,105,29741.228834534766,3752.4,2024,26.644943333993194,1.1826517211902399,474
572955,"Johnson, Pierce",56.1,56.333333333333336,921,74,8.0,26.3,105,24211.046487617525,3868.0,2024,26.644943333993194,1.1826517211902399,474
592332,"Gausman, Kevin",181.0,181.0,2959,297,10.0,26.2,105,77605.32869732505,3858.8,2024,26.644943333993194,1.1826517211902399,474
608331,"Fried, Max",174.1,174.33333333333334,2766,271,9.8,26.3,105,72712.45979297918,3753.8,2024,26.644943333993194,1.1826517211902399,474
663623,"Irvin, Jake",187.2,187.66666666666666,3050,336,11.0,26.3,105,80142.16617368298,3843.4,2024,26.644943333993194,1.1826517211902399,474
656731,"Megill, Tylor",78.0,78.0,1367,120,8.8,26.3,105,35889.91043583801,4141.1,2024,26.644943333993194,1.1826517211902399,474
605154,"Brebbia, John",55.1,55.333333333333336,995,113,11.4,26.3,105,26124.510415996083,4249.2,2024,26.644943333993194,1.1826517211902399,474
663372,"Feltner, Ryan",162.1,162.33333333333334,2580,250,9.7,26.3,105,67826.44932067688,3760.4,2024,26.644943333993194,1.1826517211902399,474
643338,"Green, Chad",53.1,53.333333333333336,850,101,11.9,26.3,105,22338.45627998421,3769.6,2024,26.644943333993194,1.1826517211902399,474
680739,"Winder, Josh",9.0,9.0,141,16,11.3,26.3,105,3706.140741447046,3706.1,2024,26.644943333993194,1.1826517211902399,474
665896,"Marte, José",19.1,19.333333333333332,311,30,9.6,26.3,105,8165.228601047695,3801.1,2024,26.644943333993194,1.1826517211902399,474
547179,"Lorenzen, Michael",130.1,130.33333333333334,2093,183,8.7,26.2,105,54915.75223110509,3792.1,2024,26.644943333993194,1.1826517211902399,474
689981,"Ryan, River",20.1,20.333333333333332,296,25,8.4,26.2,105,7762.619860430141,3435.9,2024,26.644943333993194,1.1826517211902399,474
592094,"Adam, Jason",73.2,73.66666666666667,1121,125,11.2,26.3,104,29522.864057373186,3606.9,2024,26.644943333993194,1.1826517211902399,474
519043,"Moore, Matt",48.1,48.333333333333336,859,87,10.1,26.3,104,22600.43310014316,4208.4,2024,26.644943333993194,1.1826517211902399,474
608379,"Wacha, Michael",166.2,166.66666666666666,2605,233,8.9,26.3,104,68490.80032483175,3698.5,2024,26.644943333993194,1.1826517211902399,474
702352,"Bivens, Spencer",48.2,48.666666666666664,770,75,9.7,26.3,104,20270.13886254278,3748.6,2024,26.644943333993194,1.1826517211902399,474
663687,"Harris, Hogan",72.1,72.33333333333333,1213,111,9.2,26.3,104,31919.115983206848,3971.5,2024,26.644943333993194,1.1826517211902399,474
570257,"Rodríguez, Joely",13.2,13.666666666666666,249,24,9.6,26.3,104,6556.23391727297,4317.5,2024,26.644943333993194,1.1826517211902399,474
668338,"Miller, Tyson",62.0,62.0,934,105,11.2,26.3,104,24595.21497384027,3570.3,2024,26.644943333993194,1.1826517211902399,474
668881,"Greene, Hunter",150.1,150.33333333333334,2563,256,10.0,26.4,104,67575.57905534907,4045.5,2024,26.644943333993194,1.1826517211902399,474
518876,"Kelly, Merrill",73.2,73.66666666666667,1143,111,9.7,26.3,104,30076.086140616477,3674.5,2024,26.644943333993194,1.1826517211902399,474
641703,"Honeywell, Brent",37.2,37.666666666666664,595,67,11.3,26.3,104,15657.213141300088,3741.1,2024,26.644943333993194,1.1826517211902399,474
670970,"Morejon, Adrian",63.2,63.666666666666664,1058,110,10.4,26.4,104,27881.19362812138,3941.3,2024,26.644943333993194,1.1826517211902399,474
663941,"Beck, Tristan",16.0,16.0,242,20,8.3,26.3,104,6376.147204458406,3586.6,2024,26.644943333993194,1.1826517211902399,474
642232,"Yarbrough, Ryan",98.2,98.66666666666667,1489,147,9.9,26.3,104,39230.33289950819,3578.4,2024,26.644943333993194,1.1826517211902399,474
527048,"Pérez, Martín",135.0,135.0,2208,202,9.1,26.3,104,58061.24955091551,3870.7,2024,26.644943333993194,1.1826517211902399,474
650895,"Castillo, Diego",10.0,10.0,177,14,7.9,26.3,104,4655.288055336289,4189.8,2024,26.644943333993194,1.1826517211902399,474
657612,"Hill, Tim",67.0,67.0,993,104,10.5,26.3,104,26118.91576893935,3508.5,2024,26.644943333993194,1.1826517211902399,474
593423,"Montas, Frankie",150.2,150.66666666666666,2638,254,9.6,26.4,104,69560.7343051917,4155.2,2024,26.644943333993194,1.1826517211902399,474
547184,"Kelly, Michael",31.1,31.333333333333332,474,52,11.0,26.3,104,12486.632097869277,3586.6,2024,26.644943333993194,1.1826517211902399,474
640470,"Alzolay, Adbert",17.1,17.333333333333332,329,27,8.2,26.4,103,8681.805027319904,4507.9,2024,26.644943333993194,1.1826517211902399,474
669084,"Hall, DL",43.0,43.0,783,66,8.4,26.4,103,20702.30404263259,4333.0,2024,26.644943333993194,1.1826517211902399,474
445926,"Chavez, Jesse",63.1,63.333333333333336,1049,106,10.1,26.4,103,27677.699695722127,3933.1,2024,26.644943333993194,1.1826517211902399,474
656605,"Keller, Mitch",178.0,178.0,2852,303,10.6,26.4,103,75420.57777931413,3813.4,2024,26.644943333993194,1.1826517211902399,474
680736,"Wrobleski, Justin",36.1,36.333333333333336,593,50,8.4,26.4,103,15671.254015748007,3881.9,2024,26.644943333993194,1.1826517211902399,474
690986,"Harrison, Kyle",124.1,124.33333333333333,2078,203,9.8,26.4,103,54830.27788733204,3968.9,2024,26.644943333993194,1.1826517211902399,474
571946,"Miller, Shelby",55.2,55.666666666666664,853,88,10.3,26.4,103,22547.39163240443,3645.4,2024,26.644943333993194,1.1826517211902399,474
640451,"Harvey, Hunter",50.2,50.666666666666664,911,90,9.9,26.4,103,24039.647949887058,4270.2,2024,26.644943333993194,1.1826517211902399,474
681799,"Roberts, Ethan",26.2,26.666666666666668,474,41,8.6,26.4,103,12518.914310191769,4225.1,2024,26.644943333993194,1.1826517211902399,474
676702,"Stratton, Hunter",37.2,37.666666666666664,587,72,12.3,26.4,103,15518.554139719876,3708.0,2024,26.644943333993194,1.1826517211902399,474
674370,"Bido, Osvaldo",63.1,63.333333333333336,1057,104,9.8,26.5,102,28026.512770371388,3982.7,2024,26.644943333993194,1.1826517211902399,474
663738,"Lynch IV, Daniel",43.1,43.333333333333336,631,52,8.2,26.5,102,16693.946692366808,3467.2,2024,26.644943333993194,1.1826517211902399,474
670241,"Vines, Darius",13.2,13.666666666666666,257,23,8.9,26.5,102,6806.256602260809,4482.2,2024,26.644943333993194,1.1826517211902399,474
670036,"Festa, Matt",23.2,23.666666666666668,391,47,12.0,26.5,102,10351.369818124222,3936.4,2024,26.644943333993194,1.1826517211902399,474
664299,"Javier, Cristian",34.2,34.666666666666664,571,50,8.8,26.5,102,15107.865573556626,3922.2,2024,26.644943333993194,1.1826517211902399,474
671345,"Foley, Jason",60.0,60.0,914,109,11.9,26.5,102,24218.422721490508,3632.8,2024,26.644943333993194,1.1826517211902399,474
663878,"Pearson, Nate",66.1,66.33333333333333,1059,110,10.4,26.5,102,28086.211527717704,3810.7,2024,26.644943333993194,1.1826517211902399,474
680744,"Madden, Ty",23.0,23.0,403,49,12.2,26.5,102,10685.003732596788,4181.1,2024,26.644943333993194,1.1826517211902399,474
641816,"Mahle, Tyler",12.2,12.666666666666666,229,22,9.6,26.5,102,6063.269492643704,4308.1,2024,26.644943333993194,1.1826517211902399,474
656288,"Canning, Griffin",171.2,171.66666666666666,2876,292,10.2,26.5,102,76246.24173349346,3997.4,2024,26.644943333993194,1.1826517211902399,474
689147,"Kerkering, Orion",63.0,63.0,1087,103,9.5,26.5,102,28833.24468076,4119.0,2024,26.644943333993194,1.1826517211902399,474
518585,"Cruz, Fernando",66.2,66.66666666666667,1147,120,10.5,26.5,102,30400.04978899928,4104.0,2024,26.644943333993194,1.1826517211902399,474
676282,"Cantillo, Joey",38.2,38.666666666666664,711,52,7.3,26.5,102,18838.215244694835,4384.8,2024,26.644943333993194,1.1826517211902399,474
547973,"Chapman, Aroldis",61.2,61.666666666666664,1130,101,8.9,26.5,102,29948.205815621346,4370.8,2024,26.644943333993194,1.1826517211902399,474
694738,"Roupp, Landen",50.1,50.333333333333336,907,85,9.4,26.5,102,24047.7328028762,4299.9,2024,26.644943333993194,1.1826517211902399,474
676962,"Brown, Ben",55.1,55.333333333333336,849,80,9.4,26.6,101,22543.49725866061,3666.7,2024,26.644943333993194,1.1826517211902399,474
605135,"Bassitt, Chris",171.0,171.0,2976,302,10.1,26.6,101,79094.01053522536,4162.8,2024,26.644943333993194,1.1826517211902399,474
669674,"Long, Sam",42.2,42.666666666666664,706,72,10.2,26.6,101,18765.479049228128,3958.3,2024,26.644943333993194,1.1826517211902399,474
605463,"Scott, Tayler",68.2,68.66666666666667,1208,115,9.5,26.5,101,32053.040125232594,4201.1,2024,26.644943333993194,1.1826517211902399,474
592779,"Stewart, Brock",15.2,15.666666666666666,268,34,12.7,26.5,101,7114.855990164958,4087.3,2024,26.644943333993194,1.1826517211902399,474
592773,"Stanek, Ryne",55.1,55.333333333333336,985,107,10.9,26.5,101,26150.88140670586,4253.5,2024,26.644943333993194,1.1826517211902399,474
606965,"Devenski, Chris",26.2,26.666666666666668,534,61,11.4,26.5,101,14171.833738740606,4783.0,2024,26.644943333993194,1.1826517211902399,474
571527,"Buchanan, David",3.1,3.3333333333333335,58,8,13.8,26.6,101,1542.043906762365,4163.5,2024,26.644943333993194,1.1826517211902399,474
607200,"Fedde, Erick",177.1,177.33333333333334,2895,308,10.6,26.6,101,76971.87610982131,3906.5,2024,26.644943333993194,1.1826517211902399,474
666171,"Zeferjahn, Ryan",17.0,17.0,212,26,12.3,26.6,101,5638.14397521622,2984.9,2024,26.644943333993194,1.1826517211902399,474
672851,"Adon, Joan",10.2,10.666666666666666,178,21,11.8,26.6,101,4734.814989816548,3995.0,2024,26.644943333993194,1.1826517211902399,474
668964,"Myers, Tobias",138.0,138.0,2153,229,10.6,26.5,101,57133.47258353957,3726.1,2024,26.644943333993194,1.1826517211902399,474
640462,"Puk, A.J.",71.1,71.33333333333333,1181,144,12.2,26.6,101,31416.927019709667,3963.8,2024,26.644943333993194,1.1826517211902399,474
548384,"Raley, Brooks",7.0,7.0,119,11,9.2,26.5,101,3159.1718001927597,4061.8,2024,26.644943333993194,1.1826517211902399,474
666205,"Muller, Kyle",49.1,49.333333333333336,739,86,11.6,26.6,101,19650.194320926177,3584.8,2024,26.644943333993194,1.1826517211902399,474
690916,"Fitts, Richard",20.2,20.666666666666668,314,20,6.4,26.6,101,8350.977069393664,3636.7,2024,26.644943333993194,1.1826517211902399,474
681810,"Warren, Austin",10.2,10.666666666666666,173,12,6.9,26.6,101,4599.199279979583,3880.6,2024,26.644943333993194,1.1826517211902399,474
621363,"Poche, Colin",37.1,37.333333333333336,551,53,9.6,26.6,101,14635.343481687858,3528.2,2024,26.644943333993194,1.1826517211902399,474
650911,"Sánchez, Cristopher",181.2,181.66666666666666,2798,288,10.3,26.6,101,74377.6364072667,3684.8,2024,26.644943333993194,1.1826517211902399,474
676961,"Boushley, Caleb",4.0,4.0,63,4,6.3,26.6,101,1673.2429128601711,3764.8,2024,26.644943333993194,1.1826517211902399,474
572020,"Paxton, James",100.1,100.33333333333333,1708,155,9.1,26.5,101,45333.68729910971,4066.5,2024,26.644943333993194,1.1826517211902399,474
656234,"Bird, Jake",40.0,40.0,688,81,11.8,26.6,101,18283.517664696286,4113.8,2024,26.644943333993194,1.1826517211902399,474
547001,"Poteet, Cody",24.1,24.333333333333332,385,34,8.8,26.6,100,10248.340317159178,3790.5,2024,26.644943333993194,1.1826517211902399,474
669422,"Sauer, Matt",16.1,16.333333333333332,327,34,10.4,26.7,100,8719.251818281757,4804.5,2024,26.644943333993194,1.1826517211902399,474
701581,"Festa, David",64.1,64.33333333333333,1099,137,12.5,26.7,100,29296.79696671239,4098.5,2024,26.644943333993194,1.1826517211902399,474
685299,"Gordon, Tanner",34.1,34.333333333333336,607,66,10.9,26.7,100,16186.93474814668,4243.2,2024,26.644943333993194,1.1826517211902399,474
623465,"Phillips, Evan",54.2,54.666666666666664,909,109,12.0,26.6,100,24206.851614245155,3985.3,2024,26.644943333993194,1.1826517211902399,474
686613,"Brown, Hunter",170.0,170.0,2890,299,10.3,26.6,100,76949.73693733985,4073.8,2024,26.644943333993194,1.1826517211902399,474
681911,"Vesia, Alex",66.1,66.33333333333333,1105,114,10.3,26.6,100,29429.182738765034,3992.9,2024,26.644943333993194,1.1826517211902399,474
607455,"Banda, Anthony",49.2,49.666666666666664,797,77,9.7,26.7,100,21252.090177755643,3851.0,2024,26.644943333993194,1.1826517211902399,474
612434,"Castro, Miguel",13.2,13.666666666666666,233,23,9.9,26.6,100,6208.582365110257,4088.6,2024,26.644943333993194,1.1826517211902399,474
679525,"Marsh, Alec",129.0,129.0,2164,228,10.5,26.6,100,57635.80711621426,4021.1,2024,26.644943333993194,1.1826517211902399,474
678061,"Kerr, Ray",22.1,22.333333333333332,383,35,9.1,26.6,100,10191.321494570757,4107.0,2024,26.644943333993194,1.1826517211902399,474
571771,"Hernández, Enrique",4.1,4.333333333333333,45,4,8.9,26.6,100,1198.5869951041939,2489.4,2024,26.644943333993194,1.1826517211902399,474
676477,"Whitlock, Garrett",18.1,18.333333333333332,321,33,10.3,26.6,100,8550.266316204743,4197.4,2024,26.644943333993194,1.1826517211902399,474
676974,"Meyer, Max",57.0,57.0,968,100,10.3,26.7,100,25812.636409949966,4075.7,2024,26.644943333993194,1.1826517211902399,474
592866,"Williams, Trevor",66.2,66.66666666666667,1064,100,9.4,26.6,100,28352.91601843175,3827.6,2024,26.644943333993194,1.1826517211902399,474
592836,"Walker, Taijuan",83.2,83.66666666666667,1435,145,10.1,26.7,99,38341.8730712087,4124.4,2024,26.644943333993194,1.1826517211902399,474
666129,"Garrett, Braxton",37.0,37.0,589,57,9.7,26.8,99,15759.282178984435,3833.3,2024,26.644943333993194,1.1826517211902399,474
656786,"Mushinski, Parker",11.0,11.0,194,17,8.8,26.7,99,5189.134712401649,4245.7,2024,26.644943333993194,1.1826517211902399,474
663559,"Falter, Bailey",142.1,142.33333333333334,2140,225,10.5,26.7,99,57105.579672683896,3610.9,2024,26.644943333993194,1.1826517211902399,474
571578,"Corbin, Patrick",174.2,174.66666666666666,2889,316,10.9,26.8,99,77281.56500786767,3982.1,2024,26.644943333993194,1.1826517211902399,474
681857,"Olson, Reese",112.1,112.33333333333333,1855,199,10.7,26.8,99,49634.96266395159,3976.7,2024,26.644943333993194,1.1826517211902399,474
681517,"Leahy, Kyle",48.2,48.666666666666664,695,66,9.5,26.7,99,18555.45907963012,3431.5,2024,26.644943333993194,1.1826517211902399,474
677053,"Nardi, Andrew",49.2,49.666666666666664,910,97,10.7,26.7,99,24340.30416229866,4410.7,2024,26.644943333993194,1.1826517211902399,474
672456,"Montero, Keider",98.1,98.33333333333333,1540,164,10.6,26.7,99,41098.79152432426,3761.6,2024,26.644943333993194,1.1826517211902399,474
621112,"Blackburn, Paul",75.1,75.33333333333333,1212,115,9.5,26.7,99,32364.497992001692,3866.6,2024,26.644943333993194,1.1826517211902399,474
686799,"Kochanowicz, Jack",65.1,65.33333333333333,863,105,12.2,26.8,99,23090.935769047464,3180.9,2024,26.644943333993194,1.1826517211902399,474
641941,"Pagán, Emilio",38.0,38.0,594,61,10.3,26.7,99,15863.12596266076,3757.1,2024,26.644943333993194,1.1826517211902399,474
669622,"Bender, Anthony",53.0,53.0,959,87,9.1,26.7,99,25617.73060955547,4350.2,2024,26.644943333993194,1.1826517211902399,474
545121,"Vargas, Ildemaro",2.0,2.0,23,0,0.0,26.7,99,614.1047016199973,2763.5,2024,26.644943333993194,1.1826517211902399,474
672282,"Detmers, Reid",87.1,87.33333333333333,1559,153,9.8,26.8,99,41717.96538482839,4299.2,2024,26.644943333993194,1.1826517211902399,474
661563,"Gil, Luis",151.2,151.66666666666666,2666,269,10.1,26.7,99,71314.99051067782,4231.9,2024,26.644943333993194,1.1826517211902399,474
628317,"Maeda, Kenta",112.1,112.33333333333333,1960,218,11.1,26.7,99,52308.41472493789,4190.9,2024,26.644943333993194,1.1826517211902399,474
682847,"Ortiz, Luis",135.2,135.66666666666666,2158,238,11.0,26.7,99,57706.586573751454,3828.2,2024,26.644943333993194,1.1826517211902399,474
687924,"Aguiar, Julian",31.2,31.666666666666668,532,48,9.0,26.8,99,14233.87922389048,4045.4,2024,26.644943333993194,1.1826517211902399,474
663903,"Singer, Brady",179.2,179.66666666666666,2969,302,10.2,26.8,98,79486.50059671512,3981.7,2024,26.644943333993194,1.1826517211902399,474
668943,"Miller, Ryan",13.0,13.0,228,26,11.4,26.8,98,6111.99368939752,4231.4,2024,26.644943333993194,1.1826517211902399,474
669387,"Mlodzinski, Carmen",50.2,50.666666666666664,871,95,10.9,26.8,98,23358.639823401,4149.2,2024,26.644943333993194,1.1826517211902399,474
596133,"Weaver, Luke",84.0,84.0,1374,158,11.5,26.8,98,36796.227736612964,3942.5,2024,26.644943333993194,1.1826517211902399,474
656756,"Montgomery, Jordan",117.0,117.0,1941,194,10.0,26.8,98,52035.209089067605,4002.7,2024,26.644943333993194,1.1826517211902399,474
663568,"Kolek, Stephen",46.2,46.666666666666664,786,80,10.2,26.8,98,21094.68748454905,4068.3,2024,26.644943333993194,1.1826517211902399,474
656629,"Kopech, Michael",67.2,67.66666666666667,1150,126,11.0,26.8,98,30845.912517260407,4102.7,2024,26.644943333993194,1.1826517211902399,474
696131,"Black, Mason",36.1,36.333333333333336,663,81,12.2,26.8,98,17746.34392994412,4395.9,2024,26.644943333993194,1.1826517211902399,474
681035,"Scott, Christian",47.1,47.333333333333336,788,93,11.8,26.8,98,21108.208488782682,4013.5,2024,26.644943333993194,1.1826517211902399,474
664076,"Cleavinger, Garrett",60.0,60.0,1057,115,10.9,26.9,97,28428.423734548986,4264.3,2024,26.644943333993194,1.1826517211902399,474
570632,"Ureña, José",109.0,109.0,1769,170,9.6,26.9,97,47610.99153037322,3931.2,2024,26.644943333993194,1.1826517211902399,474
669111,"McMillon, John",12.0,12.0,180,23,12.8,26.9,97,4843.958658746637,3633.0,2024,26.644943333993194,1.1826517211902399,474
450203,"Morton, Charlie",165.1,165.33333333333334,2796,299,10.7,26.9,97,75218.25572155988,4094.5,2024,26.644943333993194,1.1826517211902399,474
493603,"Ottavino, Adam",56.0,56.0,1007,120,11.9,26.9,97,27071.774180889595,4350.8,2024,26.644943333993194,1.1826517211902399,474
665795,"Cabrera, Edward",96.1,96.33333333333333,1734,203,11.7,26.9,97,46583.13624981624,4352.1,2024,26.644943333993194,1.1826517211902399,474
678394,"Bello, Brayan",162.1,162.33333333333334,2713,295,10.9,26.9,97,72879.4608612502,4040.5,2024,26.644943333993194,1.1826517211902399,474
593974,"Peralta, Wandy",38.1,38.333333333333336,595,68,11.4,26.9,97,16008.599458209423,3758.5,2024,26.644943333993194,1.1826517211902399,474
680573,"Woods Richardson, Simeon",133.2,133.66666666666666,2298,244,10.6,26.9,97,61766.816488692704,4158.9,2024,26.644943333993194,1.1826517211902399,474
664849,"Young, Danny",37.2,37.666666666666664,700,70,10.0,26.9,97,18833.13473254275,4500.0,2024,26.644943333993194,1.1826517211902399,474
630023,"Chirinos, Yonny",30.0,30.0,516,56,10.9,26.9,97,13872.75785896339,4161.8,2024,26.644943333993194,1.1826517211902399,474
664285,"Valdez, Framber",176.1,176.33333333333334,2605,289,11.1,26.9,97,69987.58207227835,3572.1,2024,26.644943333993194,1.1826517211902399,474
641835,"Mayza, Tim",42.2,42.666666666666664,740,85,11.5,26.8,97,19867.102973781453,4190.7,2024,26.644943333993194,1.1826517211902399,474
621111,"Buehler, Walker",75.1,75.33333333333333,1336,141,10.6,26.9,97,35900.07038334958,4288.9,2024,26.644943333993194,1.1826517211902399,474
693821,"Elder, Bryce",49.2,49.666666666666664,864,92,10.6,26.9,97,23222.632116846307,4208.1,2024,26.644943333993194,1.1826517211902399,474
621237,"Alvarado, José",61.2,61.666666666666664,1057,112,10.6,26.9,97,28397.272614211175,4144.5,2024,26.644943333993194,1.1826517211902399,474
571948,"Milner, Hoby",64.2,64.66666666666667,1053,131,12.4,27.0,96,28393.803701259552,3951.7,2024,26.644943333993194,1.1826517211902399,474
673929,"Leasure, Jordan",31.1,31.333333333333332,560,46,8.2,26.9,96,15079.697211735705,4331.4,2024,26.644943333993194,1.1826517211902399,474
677161,"Kelly, Zack",56.2,56.666666666666664,969,105,10.8,27.0,96,26115.06965515977,4147.7,2024,26.644943333993194,1.1826517211902399,474
656464,"Ginkel, Kevin",70.0,70.0,1185,134,11.3,26.9,96,31909.17826614425,4102.6,2024,26.644943333993194,1.1826517211902399,474
621016,"Cuas, Jose",16.1,16.333333333333332,323,37,11.5,26.9,96,8703.826597566998,4796.0,2024,26.644943333993194,1.1826517211902399,474
688297,"Roycroft, Chris",34.1,34.333333333333336,596,73,12.2,27.0,96,16067.35154972282,4211.8,2024,26.644943333993194,1.1826517211902399,474
668868,"Thompson, Zack",17.0,17.0,317,41,12.9,27.0,96,8552.968450552906,4528.0,2024,26.644943333993194,1.1826517211902399,474
548389,"Stripling, Ross",85.1,85.33333333333333,1367,154,11.3,26.9,96,36822.492890456124,3883.6,2024,26.644943333993194,1.1826517211902399,474
592426,"Jackson, Luke",53.0,53.0,921,95,10.3,26.9,96,24802.786787457106,4211.8,2024,26.644943333993194,1.1826517211902399,474
542882,"Andriese, Matt",6.0,6.0,93,12,12.9,27.0,96,2509.4101875800784,3764.1,2024,26.644943333993194,1.1826517211902399,474
669199,"Bachar, Lake",9.1,9.333333333333334,161,16,9.9,26.9,96,4336.7233032766635,4181.8,2024,26.644943333993194,1.1826517211902399,474
657097,"Webb, Jacob",56.2,56.666666666666664,938,93,9.9,26.9,96,25278.66936533063,4014.8,2024,26.644943333993194,1.1826517211902399,474
676879,"Ashby, Aaron",28.1,28.333333333333332,484,54,11.2,27.0,96,13047.091205883446,4144.4,2024,26.644943333993194,1.1826517211902399,474
592454,"Kahnle, Tommy",42.2,42.666666666666664,754,83,11.0,27.0,95,20388.08238505101,4300.6,2024,26.644943333993194,1.1826517211902399,474
621383,"Banks, Tanner",72.1,72.33333333333333,1181,136,11.5,27.0,95,31936.310537272104,3973.6,2024,26.644943333993194,1.1826517211902399,474
672782,"Gómez, Yoendrys",11.1,11.333333333333334,214,27,12.6,27.0,95,5779.477196275559,4589.6,2024,26.644943333993194,1.1826517211902399,474
519293,"Smith, Will",41.1,41.333333333333336,681,74,10.9,27.1,95,18432.936692779225,4013.6,2024,26.644943333993194,1.1826517211902399,474
668968,"Crouse, Hans",25.1,25.333333333333332,441,38,8.6,27.0,95,11909.75312088521,4231.1,2024,26.644943333993194,1.1826517211902399,474
672335,"Pérez, Cionel",53.2,53.666666666666664,865,92,10.6,27.1,95,23407.402216797207,3925.5,2024,26.644943333993194,1.1826517211902399,474
669022,"Gore, MacKenzie",166.1,166.33333333333334,2995,325,10.9,27.1,95,81084.98180201901,4387.4,2024,26.644943333993194,1.1826517211902399,474
670059,"Holderman, Colin",51.1,51.333333333333336,870,89,10.2,27.0,95,23519.807452631096,4123.6,2024,26.644943333993194,1.1826517211902399,474
657649,"Koenig, Jared",62.0,62.0,1033,119,11.5,27.1,95,27945.772882700603,4056.6,2024,26.644943333993194,1.1826517211902399,474
543859,"Tonkin, Michael",79.1,79.33333333333333,1424,166,11.7,27.0,95,38487.34033460182,4366.2,2024,26.644943333993194,1.1826517211902399,474
500779,"Quintana, Jose",170.1,170.33333333333334,2826,294,10.4,27.1,95,76514.72310257099,4042.9,2024,26.644943333993194,1.1826517211902399,474
608371,"Sims, Lucas",49.1,49.333333333333336,885,97,11.0,27.1,95,23951.527068874264,4369.5,2024,26.644943333993194,1.1826517211902399,474
664139,"Gibaut, Ian",2.0,2.0,40,4,10.0,27.0,95,1080.7840770887635,4863.5,2024,26.644943333993194,1.1826517211902399,474
623211,"Brazobán, Huascar",51.2,51.666666666666664,903,111,12.3,27.1,95,24445.105044230295,4258.2,2024,26.644943333993194,1.1826517211902399,474
671106,"Allen, Logan",97.1,97.33333333333333,1665,170,10.2,27.0,95,44993.396603364694,4160.3,2024,26.644943333993194,1.1826517211902399,474
605452,"Ross, Joe",74.0,74.0,1202,142,11.8,27.0,95,32488.367270080005,3951.3,2024,26.644943333993194,1.1826517211902399,474
471911,"Carrasco, Carlos",103.2,103.66666666666667,1693,184,10.9,27.0,95,45786.21103957469,3975.0,2024,26.644943333993194,1.1826517211902399,474
668674,"Erceg, Lucas",61.2,61.666666666666664,955,114,11.9,27.1,95,25839.623239584005,3771.2,2024,26.644943333993194,1.1826517211902399,474
542888,"Armstrong, Shawn",66.2,66.66666666666667,1111,126,11.3,27.0,95,30050.67430422536,4056.8,2024,26.644943333993194,1.1826517211902399,474
554431,"Matzek, Tyler",10.0,10.0,179,15,8.4,27.0,95,4834.724649513229,4351.3,2024,26.644943333993194,1.1826517211902399,474
623167,"Flexen, Chris",160.0,160.0,2799,303,10.8,27.0,95,75662.00197100395,4256.0,2024,26.644943333993194,1.1826517211902399,474
661395,"Duran, Jhoan",54.1,54.333333333333336,890,108,12.1,27.1,95,24089.686288197772,3990.3,2024,26.644943333993194,1.1826517211902399,474
615698,"Quantrill, Cal",148.1,148.33333333333334,2645,278,10.5,27.0,95,71522.35767870858,4339.6,2024,26.644943333993194,1.1826517211902399,474
571656,"Farmer, Buck",71.0,71.0,1193,132,11.1,27.0,95,32220.485477113743,4084.3,2024,26.644943333993194,1.1826517211902399,474
518489,"Brasier, Ryan",28.0,28.0,364,38,10.4,27.0,95,9837.518120907658,3162.1,2024,26.644943333993194,1.1826517211902399,474
544150,"Suárez, Albert",133.2,133.66666666666666,2242,250,11.2,27.1,95,60696.21534490487,4086.8,2024,26.644943333993194,1.1826517211902399,474
621199,"Bowman, Matt",30.2,30.666666666666668,501,60,12.0,27.1,95,13559.136719650282,3979.3,2024,26.644943333993194,1.1826517211902399,474
656412,"Faedo, Alex",57.1,57.333333333333336,1007,123,12.2,27.1,94,27272.38940966578,4281.1,2024,26.644943333993194,1.1826517211902399,474
676105,"Criswell, Jeff",19.2,19.666666666666668,354,36,10.2,27.1,94,9588.542173690748,4388.0,2024,26.644943333993194,1.1826517211902399,474
667755,"Soriano, José",113.0,113.0,1743,194,11.1,27.1,94,47219.72987415191,3760.9,2024,26.644943333993194,1.1826517211902399,474
606160,"Montero, Rafael",38.1,38.333333333333336,683,89,13.0,27.1,94,18498.162673564297,4343.0,2024,26.644943333993194,1.1826517211902399,474
669062,"Miller, Erik",67.1,67.33333333333333,1271,141,11.1,27.1,94,34498.89155285393,4611.2,2024,26.644943333993194,1.1826517211902399,474
572143,"Smith, Burch",56.1,56.333333333333336,896,105,11.7,27.2,94,24327.509944119414,3886.6,2024,26.644943333993194,1.1826517211902399,474
605347,"López, Jorge",53.0,53.0,806,99,12.3,27.2,94,21886.67518263807,3716.6,2024,26.644943333993194,1.1826517211902399,474
605280,"Holmes, Clay",63.0,63.0,1087,123,11.3,27.1,94,29434.765186895776,4205.0,2024,26.644943333993194,1.1826517211902399,474
681347,"Burrows, Mike",3.1,3.3333333333333335,68,11,16.2,27.1,94,1844.2974981336663,4979.6,2024,26.644943333993194,1.1826517211902399,474
624647,"González, Victor",23.1,23.333333333333332,386,36,9.3,27.1,94,10465.557361498426,4036.7,2024,26.644943333993194,1.1826517211902399,474
663462,"Campbell, Isaiah",6.2,6.666666666666667,119,9,7.6,27.1,94,3228.349697661702,4358.3,2024,26.644943333993194,1.1826517211902399,474
687134,"Blalock, Bradley",30.2,30.666666666666668,554,42,7.6,27.1,94,15027.771727385441,4410.3,2024,26.644943333993194,1.1826517211902399,474
687911,"King, Bryan",26.1,26.333333333333332,416,44,10.6,27.1,94,11268.553613556975,3851.3,2024,26.644943333993194,1.1826517211902399,474
592155,"Booser, Cam",42.2,42.666666666666664,699,81,11.6,27.1,94,18963.252978340362,4000.1,2024,26.644943333993194,1.1826517211902399,474
594580,"Moll, Sam",37.2,37.666666666666664,632,79,12.5,27.1,94,17141.977489866127,4095.9,2024,26.644943333993194,1.1826517211902399,474
694462,"Waldrep, Hurston",7.0,7.0,133,17,12.8,27.2,93,3615.843913748117,4648.9,2024,26.644943333993194,1.1826517211902399,474
686973,"Varland, Louis",49.2,49.666666666666664,905,108,11.9,27.2,93,24637.4682740463,4464.5,2024,26.644943333993194,1.1826517211902399,474
669912,"Snead, Kirby",10.1,10.333333333333334,197,23,11.7,27.2,93,5360.735821194909,4669.0,2024,26.644943333993194,1.1826517211902399,474
687798,"Robertson, Nick",13.1,13.333333333333334,217,22,10.1,27.2,93,5908.203243900904,3988.0,2024,26.644943333993194,1.1826517211902399,474
686654,"Adcock, Ty",4.1,4.333333333333333,87,14,16.1,27.2,93,2365.4497072101526,4912.9,2024,26.644943333993194,1.1826517211902399,474
676604,"Zuber, Tyler",3.1,3.3333333333333335,75,6,8.0,27.2,93,2037.0517017419795,5500.0,2024,26.644943333993194,1.1826517211902399,474
434378,"Verlander, Justin",90.1,90.33333333333333,1580,183,11.6,27.2,93,42963.29864464028,4280.5,2024,26.644943333993194,1.1826517211902399,474
641329,"Baker, Bryan",23.1,23.333333333333332,371,47,12.7,27.2,93,10093.836769221887,3893.3,2024,26.644943333993194,1.1826517211902399,474
664208,"Maton, Phil",64.0,64.0,1085,128,11.8,27.2,93,29476.84409787273,4145.2,2024,26.644943333993194,1.1826517211902399,474
605121,"Anderson, Justin",53.1,53.333333333333336,949,99,10.4,27.2,93,25832.63530778214,4359.3,2024,26.644943333993194,1.1826517211902399,474
621114,"Burr, Ryan",32.2,32.666666666666664,570,74,13.0,27.2,93,15524.177490271992,4277.1,2024,26.644943333993194,1.1826517211902399,474
656945,"Scott, Tanner",72.0,72.0,1179,143,12.1,27.2,93,32083.70968040608,4010.5,2024,26.644943333993194,1.1826517211902399,474
641582,"Foster, Matt",6.2,6.666666666666667,108,5,4.6,27.2,93,2937.928809019329,3966.2,2024,26.644943333993194,1.1826517211902399,474
573204,"Thielbar, Caleb",47.1,47.333333333333336,895,103,11.5,27.2,93,24335.785528677927,4627.2,2024,26.644943333993194,1.1826517211902399,474
614179,"Ruiz, José",51.0,51.0,839,105,12.5,27.2,93,22812.492601741807,4025.7,2024,26.644943333993194,1.1826517211902399,474
663554,"Mize, Casey",102.1,102.33333333333333,1790,208,11.6,27.3,92,48782.46046560497,4290.3,2024,26.644943333993194,1.1826517211902399,474
690544,"Horn, Bailey",18.0,18.0,312,42,13.5,27.3,92,8502.427830755423,4251.2,2024,26.644943333993194,1.1826517211902399,474
573186,"Stroman, Marcus",154.2,154.66666666666666,2668,309,11.6,27.3,92,72831.02198654157,4238.0,2024,26.644943333993194,1.1826517211902399,474
592741,"Shreve, Chasen",1.0,1.0,10,0,0.0,27.2,92,272.40814780888513,2451.7,2024,26.644943333993194,1.1826517211902399,474
672710,"Contreras, Roansy",68.1,68.33333333333333,1103,133,12.1,27.3,92,30112.998413428453,3966.1,2024,26.644943333993194,1.1826517211902399,474
592767,"Smyly, Drew",58.2,58.666666666666664,1029,135,13.1,27.3,92,28064.443287976566,4305.3,2024,26.644943333993194,1.1826517211902399,474
663704,"McArthur, James",56.2,56.666666666666664,910,110,12.1,27.3,92,24826.248833074475,3943.0,2024,26.644943333993194,1.1826517211902399,474
605182,"Clevinger, Mike",16.0,16.0,307,50,16.3,27.3,92,8371.137943929445,4708.8,2024,26.644943333993194,1.1826517211902399,474
692230,"Rodriguez, Carlos",12.1,12.333333333333334,233,27,11.6,27.3,92,6363.840362081089,4643.9,2024,26.644943333993194,1.1826517211902399,474
661527,"Martinez, Seth",52.2,52.666666666666664,843,96,11.4,27.3,92,23019.75558931226,3933.8,2024,26.644943333993194,1.1826517211902399,474
600986,"Vieira, Thyago",38.0,38.0,742,91,12.3,27.3,92,20253.2639573861,4796.8,2024,26.644943333993194,1.1826517211902399,474
518886,"Kimbrel, Craig",52.1,52.333333333333336,969,136,14.0,27.3,92,26453.48946085148,4549.3,2024,26.644943333993194,1.1826517211902399,474
502624,"Anderson, Chase",58.1,58.333333333333336,1022,134,13.1,27.3,92,27889.26835987756,4302.9,2024,26.644943333993194,1.1826517211902399,474
489119,"Miley, Wade",7.0,7.0,118,9,7.6,27.3,92,3220.24086480082,4140.3,2024,26.644943333993194,1.1826517211902399,474
472610,"García, Luis",59.0,59.0,904,129,14.3,27.3,92,24672.14541639192,3763.5,2024,26.644943333993194,1.1826517211902399,474
678226,"Hernández, Daysbel",18.0,18.0,334,36,10.8,27.4,91,9141.710162595919,4570.9,2024,26.644943333993194,1.1826517211902399,474
643410,"Leiter Jr., Mark",58.0,58.0,1019,133,13.1,27.3,91,27848.70288263327,4321.4,2024,26.644943333993194,1.1826517211902399,474
642048,"Saucedo, Tayler",38.2,38.666666666666664,633,72,11.4,27.4,91,17326.350269516337,4032.9,2024,26.644943333993194,1.1826517211902399,474
664126,"Fairbanks, Pete",45.1,45.333333333333336,702,94,13.4,27.3,91,19186.714969246026,3809.1,2024,26.644943333993194,1.1826517211902399,474
676596,"Fleming, Josh",31.1,31.333333333333332,534,53,9.9,27.4,91,14625.01069781751,4200.8,2024,26.644943333993194,1.1826517211902399,474
605288,"Houser, Adrian",69.1,69.33333333333333,1131,145,12.8,27.4,91,30942.31450517583,4016.6,2024,26.644943333993194,1.1826517211902399,474
663893,"Little, Brendon",45.2,45.666666666666664,705,79,11.2,27.4,91,19304.757800669893,3804.6,2024,26.644943333993194,1.1826517211902399,474
663855,"Hicks, Jordan",109.2,109.66666666666667,1960,229,11.7,27.3,91,53559.997658794855,4395.5,2024,26.644943333993194,1.1826517211902399,474
663765,"Woodford, Jake",35.0,35.0,618,85,13.8,27.3,91,16884.351517156294,4341.7,2024,26.644943333993194,1.1826517211902399,474
622103,"Reyes, Gerardo",4.0,4.0,79,4,5.1,27.3,91,2159.8714429418533,4859.7,2024,26.644943333993194,1.1826517211902399,474
668678,"Gallen, Zac",148.0,148.0,2507,312,12.4,27.4,91,68615.81498821256,4172.6,2024,26.644943333993194,1.1826517211902399,474
660853,"De Los Santos, Enyel",64.0,64.0,1127,144,12.8,27.4,91,30830.91859962884,4335.6,2024,26.644943333993194,1.1826517211902399,474
685126,"Eisert, Brandon",6.2,6.666666666666667,110,4,3.6,27.4,91,3010.3962306551434,4064.0,2024,26.644943333993194,1.1826517211902399,474
684320,"Rodríguez, Yariel",86.2,86.66666666666667,1502,171,11.4,27.3,91,41032.3295771071,4261.0,2024,26.644943333993194,1.1826517211902399,474
679845,"Loftin, Nick",1.0,1.0,8,0,0.0,27.3,91,218.62023194695976,1967.6,2024,26.644943333993194,1.1826517211902399,474
681190,"Vásquez, Randy",98.0,98.0,1692,170,10.0,27.4,91,46346.480950503224,4256.3,2024,26.644943333993194,1.1826517211902399,474
622250,"Sborz, Josh",16.1,16.333333333333332,284,27,9.5,27.3,91,7765.663070303341,4279.0,2024,26.644943333993194,1.1826517211902399,474
663465,"Allard, Kolby",27.0,27.0,436,60,13.8,27.4,91,11934.737731606401,3978.2,2024,26.644943333993194,1.1826517211902399,474
669467,"Pallante, Andre",121.1,121.33333333333333,1981,238,12.0,27.3,91,54167.018211546274,4017.9,2024,26.644943333993194,1.1826517211902399,474
608334,"Fulmer, Carson",86.2,86.66666666666667,1490,183,12.3,27.4,91,40797.32879807509,4236.6,2024,26.644943333993194,1.1826517211902399,474
642701,"Santana, Dennis",71.2,71.66666666666667,1109,138,12.4,27.3,91,30312.48664600348,3806.7,2024,26.644943333993194,1.1826517211902399,474
669461,"Liberatore, Matthew",86.0,86.0,1370,180,13.1,27.3,91,37449.0202576248,3919.1,2024,26.644943333993194,1.1826517211902399,474
664776,"Cousins, Jake",38.0,38.0,649,93,14.3,27.4,91,17750.44797444965,4204.1,2024,26.644943333993194,1.1826517211902399,474
458681,"Lynn, Lance",117.1,117.33333333333333,2040,255,12.5,27.4,91,55811.60256525294,4281.0,2024,26.644943333993194,1.1826517211902399,474
665871,"Assad, Javier",147.0,147.0,2538,307,12.1,27.3,91,69406.24051824195,4249.4,2024,26.644943333993194,1.1826517211902399,474
676684,"Vest, Will",70.1,70.33333333333333,1170,154,13.2,27.4,90,32101.94613063771,4107.8,2024,26.644943333993194,1.1826517211902399,474
679885,"Martinez, Justin",72.2,72.66666666666667,1201,145,12.1,27.4,90,32915.15866651544,4076.6,2024,26.644943333993194,1.1826517211902399,474
657240,"Merryweather, Julian",15.0,15.0,276,33,12.0,27.4,90,7565.845422340154,4539.5,2024,26.644943333993194,1.1826517211902399,474
607481,"Bummer, Aaron",55.1,55.333333333333336,983,109,11.1,27.4,90,26929.14232091439,4380.0,2024,26.644943333993194,1.1826517211902399,474
595345,"Okert, Steven",35.1,35.333333333333336,629,71,11.3,27.4,90,17243.064020439557,4392.1,2024,26.644943333993194,1.1826517211902399,474
669093,"Estrada, Jeremiah",61.0,61.0,982,121,12.3,27.5,90,26973.74907355296,3979.7,2024,26.644943333993194,1.1826517211902399,474
663992,"Lovelady, Richard",34.1,34.333333333333336,532,66,12.4,27.4,90,14587.395761369678,3823.9,2024,26.644943333993194,1.1826517211902399,474
681982,"Anderson, Grant",26.2,26.666666666666668,495,69,13.9,27.5,89,13626.68137917276,4599.0,2024,26.644943333993194,1.1826517211902399,474
663574,"Santillan, Tony",30.0,30.0,505,57,11.3,27.5,89,13906.396406011181,4171.9,2024,26.644943333993194,1.1826517211902399,474
676775,"Winn, Keaton",55.1,55.333333333333336,877,119,13.6,27.5,89,24109.25844940283,3921.4,2024,26.644943333993194,1.1826517211902399,474
667478,"Kravetz, Evan",0.2,0.6666666666666666,4,1,25.0,27.5,89,109.92118970660624,1483.9,2024,26.644943333993194,1.1826517211902399,474
676130,"Buttó, José",74.0,74.0,1223,152,12.4,27.5,89,33691.92220873243,4097.7,2024,26.644943333993194,1.1826517211902399,474
592662,"Ray, Robbie",30.2,30.666666666666668,568,78,13.7,27.5,89,15615.483107531805,4582.8,2024,26.644943333993194,1.1826517211902399,474
680704,"Sandlin, Nick",57.2,57.666666666666664,1010,128,12.7,27.5,89,27771.132195099908,4334.2,2024,26.644943333993194,1.1826517211902399,474
655889,"Rodríguez, Manuel",37.2,37.666666666666664,609,85,14.0,27.5,89,16740.43798926535,3999.9,2024,26.644943333993194,1.1826517211902399,474
663436,"Martin, Davis",50.0,50.0,892,107,12.0,27.5,89,24519.57073263813,4413.5,2024,26.644943333993194,1.1826517211902399,474
641149,"Parsons, Wes",9.0,9.0,148,17,11.5,27.5,89,4075.842610864368,4075.8,2024,26.644943333993194,1.1826517211902399,474
624522,"Thompson, Keegan",30.1,30.333333333333332,538,66,12.3,27.5,89,14788.799845600877,4387.9,2024,26.644943333993194,1.1826517211902399,474
502085,"Robertson, David",72.0,72.0,1228,157,12.8,27.5,89,33751.08586525063,4218.9,2024,26.644943333993194,1.1826517211902399,474
663776,"Sandoval, Patrick",79.2,79.66666666666667,1455,170,11.7,27.5,89,40083.778288106565,4528.3,2024,26.644943333993194,1.1826517211902399,474
669620,"Basso, Brady",22.1,22.333333333333332,350,47,13.4,27.5,89,9631.544929272884,3881.4,2024,26.644943333993194,1.1826517211902399,474
700270,"Díaz, Yilber",28.1,28.333333333333332,469,57,12.2,27.6,88,12947.539233034873,4112.7,2024,26.644943333993194,1.1826517211902399,474
502043,"Gibson, Kyle",169.2,169.66666666666666,2765,363,13.1,27.6,88,76377.42840807307,4051.5,2024,26.644943333993194,1.1826517211902399,474
669432,"Rogers, Trevor",124.1,124.33333333333333,2248,271,12.1,27.6,88,62054.51033538943,4491.9,2024,26.644943333993194,1.1826517211902399,474
678692,"Henriquez, Ronny",19.1,19.333333333333332,304,33,10.9,27.6,88,8392.78277302789,3907.0,2024,26.644943333993194,1.1826517211902399,474
678821,"Peralta, Luis",12.1,12.333333333333334,182,22,12.1,27.6,88,5017.9583051719,3661.8,2024,26.644943333993194,1.1826517211902399,474
663474,"McKenzie, Triston",75.2,75.66666666666667,1309,142,10.8,27.6,88,36100.10330822477,4293.8,2024,26.644943333993194,1.1826517211902399,474
666214,"Wentz, Joey",67.1,67.33333333333333,1229,163,13.3,27.6,88,33867.95804742865,4526.9,2024,26.644943333993194,1.1826517211902399,474
676714,"Hughes, Brandon",17.2,17.666666666666668,351,43,12.3,27.6,88,9671.761638036089,4927.1,2024,26.644943333993194,1.1826517211902399,474
642207,"Williams, Devin",21.2,21.666666666666668,395,56,14.2,27.6,88,10907.27400963473,4530.7,2024,26.644943333993194,1.1826517211902399,474
689225,"Brieske, Beau",67.2,67.66666666666667,1161,159,13.7,27.6,88,31997.45789581441,4255.8,2024,26.644943333993194,1.1826517211902399,474
642100,"Speier, Gabe",23.2,23.666666666666668,427,61,14.3,27.6,88,11766.634776435209,4474.6,2024,26.644943333993194,1.1826517211902399,474
650671,"Quijada, José",19.1,19.333333333333332,379,33,8.7,27.7,87,10496.906499488445,4886.5,2024,26.644943333993194,1.1826517211902399,474
669395,"Coleman, Dylan",1.0,1.0,16,1,6.2,27.7,87,442.6742660411363,3984.1,2024,26.644943333993194,1.1826517211902399,474
670124,"Oller, Adam",42.1,42.333333333333336,711,77,10.8,27.7,87,19666.966676306158,4181.2,2024,26.644943333993194,1.1826517211902399,474
681867,"Criswell, Cooper",99.1,99.33333333333333,1757,247,14.1,27.7,87,48683.287681329224,4410.9,2024,26.644943333993194,1.1826517211902399,474
682052,"Lopez, Jacob",10.1,10.333333333333334,178,27,15.2,27.6,87,4919.469024288399,4284.7,2024,26.644943333993194,1.1826517211902399,474
643493,"Pruitt, Austin",4.1,4.333333333333333,80,9,11.2,27.7,87,2214.146160823861,4598.6,2024,26.644943333993194,1.1826517211902399,474
671111,"Peralta, Sammy",15.0,15.0,283,37,13.1,27.7,87,7825.294758831571,4695.2,2024,26.644943333993194,1.1826517211902399,474
676508,"Casparius, Ben",8.1,8.333333333333334,156,19,12.2,27.7,87,4317.8889355072615,4663.3,2024,26.644943333993194,1.1826517211902399,474
675650,"Mercado, Michael",13.0,13.0,260,31,11.9,27.7,87,7203.7736865669385,4987.2,2024,26.644943333993194,1.1826517211902399,474
458677,"Wilson, Justin",46.2,46.666666666666664,822,113,13.7,27.7,86,22780.764490358066,4393.4,2024,26.644943333993194,1.1826517211902399,474
806185,"Birdsong, Hayden",72.0,72.0,1388,164,11.8,27.7,86,38514.694594367305,4814.3,2024,26.644943333993194,1.1826517211902399,474
656848,"Petersen, Michael",19.2,19.666666666666668,367,54,14.7,27.8,86,10193.640619209407,4664.9,2024,26.644943333993194,1.1826517211902399,474
647336,"Soroka, Michael",79.2,79.66666666666667,1447,176,12.2,27.8,86,40165.98908445418,4537.6,2024,26.644943333993194,1.1826517211902399,474
502179,"Espino, Paolo",8.2,8.666666666666666,158,16,10.1,27.8,86,4386.885835952797,4555.6,2024,26.644943333993194,1.1826517211902399,474
642397,"Soto, Gregory",53.0,53.0,971,118,12.2,27.7,86,26933.776050391705,4573.7,2024,26.644943333993194,1.1826517211902399,474
678495,"Rodríguez, Randy",52.1,52.333333333333336,879,109,12.4,27.7,86,24376.977944172122,4192.2,2024,26.644943333993194,1.1826517211902399,474
622253,"Tate, Dillon",36.2,36.666666666666664,591,85,14.4,27.8,86,16420.504546590328,4030.5,2024,26.644943333993194,1.1826517211902399,474
621051,"Wilson, Steven",34.2,34.666666666666664,643,82,12.8,27.8,86,17861.5641538938,4637.1,2024,26.644943333993194,1.1826517211902399,474
657571,"Ferguson, Caleb",54.1,54.333333333333336,948,139,14.7,27.8,86,26340.99544049518,4363.2,2024,26.644943333993194,1.1826517211902399,474
668933,"Ashcraft, Graham",77.1,77.33333333333333,1342,170,12.7,27.8,85,37354.04554441534,4347.2,2024,26.644943333993194,1.1826517211902399,474
661269,"Gutierrez, Vladimir",4.0,4.0,80,14,17.5,27.8,85,2227.970150510112,5012.9,2024,26.644943333993194,1.1826517211902399,474
608566,"Márquez, Germán",4.0,4.0,70,7,10.0,27.9,85,1949.7393467333422,4386.9,2024,26.644943333993194,1.1826517211902399,474
683004,"Leiter, Jack",35.2,35.666666666666664,669,90,13.5,27.8,85,18596.696429178824,4692.6,2024,26.644943333993194,1.1826517211902399,474
666201,"Manoah, Alek",24.1,24.333333333333332,394,45,11.4,27.8,85,10965.372808545702,4055.7,2024,26.644943333993194,1.1826517211902399,474
670174,"Winckowski, Josh",76.0,76.0,1252,174,13.9,27.8,85,34823.539332127315,4123.8,2024,26.644943333993194,1.1826517211902399,474
656271,"Burke, Brock",34.0,34.0,581,75,12.9,27.8,85,16150.50069494493,4275.1,2024,26.644943333993194,1.1826517211902399,474
675921,"Howard, Spencer",29.0,29.0,537,67,12.5,27.8,85,14950.6903466297,4639.9,2024,26.644943333993194,1.1826517211902399,474
671305,"Otañez, Michel",34.0,34.0,602,88,14.6,27.8,85,16737.58036692996,4430.5,2024,26.644943333993194,1.1826517211902399,474
641771,"Kuhl, Chad",53.1,53.333333333333336,984,131,13.3,27.8,85,27369.151093552606,4618.5,2024,26.644943333993194,1.1826517211902399,474
656794,"Newcomb, Sean",10.0,10.0,187,17,9.1,27.9,85,5208.539259700581,4687.7,2024,26.644943333993194,1.1826517211902399,474
674285,"Salazar, Eduardo",29.1,29.333333333333332,497,49,9.9,27.8,85,13813.9454032446,4238.4,2024,26.644943333993194,1.1826517211902399,474
686796,"Walston, Blake",18.1,18.333333333333332,343,40,11.7,27.9,84,9582.630501382206,4704.2,2024,26.644943333993194,1.1826517211902399,474
657585,"Garrett, Reed",57.1,57.333333333333336,984,137,13.9,27.9,84,27479.057279341032,4313.6,2024,26.644943333993194,1.1826517211902399,474
665620,"García, Deivi",14.0,14.0,286,38,13.3,27.9,84,7971.45588784564,5124.5,2024,26.644943333993194,1.1826517211902399,474
607179,"Weems, Jordan",41.2,41.666666666666664,734,111,15.1,27.9,84,20476.963931760565,4423.0,2024,26.644943333993194,1.1826517211902399,474
670167,"Schreiber, John",51.2,51.666666666666664,899,118,13.1,27.9,84,25102.395987413805,4372.7,2024,26.644943333993194,1.1826517211902399,474
621366,"Borucki, Ryan",11.0,11.0,174,21,12.1,27.9,84,4861.01493986409,3977.2,2024,26.644943333993194,1.1826517211902399,474
641712,"Hudson, Dakota",89.0,89.0,1512,208,13.8,27.9,84,42159.84728695651,4263.4,2024,26.644943333993194,1.1826517211902399,474
571539,"Carasiti, Matt",8.2,8.666666666666666,170,26,15.3,28.0,83,4757.12414503182,4940.1,2024,26.644943333993194,1.1826517211902399,474
622259,"Wingenter, Trey",8.1,8.333333333333334,179,28,15.6,28.0,83,5008.894758260518,5409.6,2024,26.644943333993194,1.1826517211902399,474
650893,"Cabrera, Génesis",62.2,62.666666666666664,1047,140,13.4,28.0,83,29265.598688100054,4203.0,2024,26.644943333993194,1.1826517211902399,474
658648,"Avila, Pedro",82.2,82.66666666666667,1427,191,13.4,28.0,83,39987.66016498841,4353.5,2024,26.644943333993194,1.1826517211902399,474
663432,"Rainey, Tanner",51.0,51.0,943,129,13.7,28.0,83,26361.147248603716,4652.0,2024,26.644943333993194,1.1826517211902399,474
519151,"Pressly, Ryan",56.2,56.666666666666664,969,147,15.2,28.0,83,27148.454690622817,4311.8,2024,26.644943333993194,1.1826517211902399,474
656232,"Bielak, Brandon",29.2,29.666666666666668,510,67,13.1,28.0,83,14285.418600023784,4333.8,2024,26.644943333993194,1.1826517211902399,474
622554,"Domínguez, Seranthony",58.2,58.666666666666664,1064,161,15.1,28.0,83,29742.20300848645,4562.7,2024,26.644943333993194,1.1826517211902399,474
670046,"Rosenberg, Kenny",24.0,24.0,404,58,14.4,28.0,82,11327.88851047401,4248.0,2024,26.644943333993194,1.1826517211902399,474
600917,"Leclerc, José",66.2,66.66666666666667,1207,179,14.8,28.1,82,33875.79310405688,4573.2,2024,26.644943333993194,1.1826517211902399,474
606930,"Barnes, Jacob",66.0,66.0,1125,139,12.4,28.1,82,31603.108346056473,4309.5,2024,26.644943333993194,1.1826517211902399,474
800049,"Mazur, Adam",33.2,33.666666666666664,585,70,12.0,28.1,82,16417.684807060108,4388.9,2024,26.644943333993194,1.1826517211902399,474
642546,"Hernández, Jonathan",43.1,43.333333333333336,767,109,14.2,28.1,82,21517.93053793103,4469.1,2024,26.644943333993194,1.1826517211902399,474
687424,"Maldonado, Anthony",19.0,19.0,309,40,12.9,28.0,82,8665.747805337507,4104.8,2024,26.644943333993194,1.1826517211902399,474
647315,"Pop, Zach",48.1,48.333333333333336,760,118,15.5,28.1,82,21349.573227934063,3975.4,2024,26.644943333993194,1.1826517211902399,474
613534,"Adams, Austin",41.1,41.333333333333336,813,105,12.9,28.1,82,22836.129059040675,4972.4,2024,26.644943333993194,1.1826517211902399,474
596117,"Stubbs, Garrett",4.0,4.0,65,7,10.8,28.0,82,1821.9503525181824,4099.4,2024,26.644943333993194,1.1826517211902399,474
672552,"O'Loughlin, Jack",9.2,9.666666666666666,176,21,11.9,28.1,82,4944.99475160743,4604.0,2024,26.644943333993194,1.1826517211902399,474
664350,"Sánchez, Sixto",35.2,35.666666666666664,622,83,13.3,28.1,82,17470.757592100534,4408.5,2024,26.644943333993194,1.1826517211902399,474
691951,"Aldegheri, Sam",13.0,13.0,222,26,11.7,28.0,82,6221.91457703357,4307.5,2024,26.644943333993194,1.1826517211902399,474
622075,"Almonte, Yency",15.2,15.666666666666666,272,41,15.1,28.1,82,7632.269216214679,4384.5,2024,26.644943333993194,1.1826517211902399,474
668984,"Legumina, Casey",9.1,9.333333333333334,166,18,10.8,28.0,82,4655.927863970636,4489.6,2024,26.644943333993194,1.1826517211902399,474
595978,"Hedges, Austin",2.0,2.0,20,2,10.0,28.1,82,561.0136036061037,2524.6,2024,26.644943333993194,1.1826517211902399,474
681676,"Fernandez, Ryan",66.2,66.66666666666667,1213,183,15.1,28.1,81,34133.207133434094,4608.0,2024,26.644943333993194,1.1826517211902399,474
642520,"Garabito, Gerson",26.1,26.333333333333332,492,76,15.4,28.2,81,13861.816108523508,4737.6,2024,26.644943333993194,1.1826517211902399,474
622098,"Smith, Drew",17.2,17.666666666666668,328,53,16.2,28.2,81,9237.382707860728,4705.8,2024,26.644943333993194,1.1826517211902399,474
814005,"Bloss, Jake",11.2,11.666666666666666,239,34,14.2,28.2,81,6730.484769650168,5192.1,2024,26.644943333993194,1.1826517211902399,474
676760,"Marinaccio, Ron",23.1,23.333333333333332,395,49,12.4,28.1,81,11109.509356769111,4285.1,2024,26.644943333993194,1.1826517211902399,474
669796,"Hernandez, Jose E.",5.1,5.333333333333333,93,12,12.9,28.1,81,2615.2636569673814,4413.3,2024,26.644943333993194,1.1826517211902399,474
663567,"Lambert, Peter",61.1,61.333333333333336,1044,150,14.4,28.2,81,29415.175214474075,4316.4,2024,26.644943333993194,1.1826517211902399,474
676534,"Faucher, Calvin",53.2,53.666666666666664,1000,128,12.8,28.1,81,28107.528340106852,4713.7,2024,26.644943333993194,1.1826517211902399,474
663531,"Allen, Logan",28.0,28.0,470,65,13.8,28.1,81,13219.493527816909,4249.1,2024,26.644943333993194,1.1826517211902399,474
642086,"Smith, Dominic",3.0,3.0,31,2,6.5,28.2,80,874.0043787332809,2622.0,2024,26.644943333993194,1.1826517211902399,474
642629,"Ramirez, Emmanuel",20.2,20.666666666666668,371,58,15.6,28.2,80,10465.669665982723,4557.6,2024,26.644943333993194,1.1826517211902399,474
694363,"Shuster, Jared",73.1,73.33333333333333,1290,162,12.6,28.3,80,36443.078821734845,4472.6,2024,26.644943333993194,1.1826517211902399,474
664747,"Díaz, Alexis",56.1,56.333333333333336,981,146,14.9,28.2,80,27670.815836869144,4420.8,2024,26.644943333993194,1.1826517211902399,474
519008,"McFarland, T.J.",56.2,56.666666666666664,857,122,14.2,28.2,80,24189.243308378987,3841.8,2024,26.644943333993194,1.1826517211902399,474
666204,"Jiménez, Dany",25.2,25.666666666666668,450,64,14.2,28.3,80,12716.87210454625,4459.2,2024,26.644943333993194,1.1826517211902399,474
518617,"Diekman, Jake",32.0,32.0,627,98,15.6,28.2,80,17680.369878045407,4972.6,2024,26.644943333993194,1.1826517211902399,474
666277,"Soriano, George",29.1,29.333333333333332,520,84,16.2,28.2,80,14672.563426353014,4501.8,2024,26.644943333993194,1.1826517211902399,474
666720,"Rodríguez, Yerry",21.2,21.666666666666668,442,61,13.8,28.2,80,12481.582913892411,5184.7,2024,26.644943333993194,1.1826517211902399,474
669952,"White, Mitch",23.2,23.666666666666668,421,71,16.9,28.3,80,11893.603366520332,4522.9,2024,26.644943333993194,1.1826517211902399,474
676680,"Cosgrove, Tom",14.2,14.666666666666666,299,28,9.4,28.2,80,8440.757076880123,5179.6,2024,26.644943333993194,1.1826517211902399,474
605130,"Barlow, Scott",55.0,55.0,1027,163,15.9,28.2,80,28961.997887077207,4739.2,2024,26.644943333993194,1.1826517211902399,474
656240,"Blewett, Scott",20.1,20.333333333333332,327,53,16.2,28.2,80,9219.389142190626,4080.7,2024,26.644943333993194,1.1826517211902399,474
664192,"Lucchesi, Joey",10.1,10.333333333333334,180,27,15.0,28.3,79,5099.665461414729,4441.6,2024,26.644943333993194,1.1826517211902399,474
681402,"Varland, Gus",26.1,26.333333333333332,457,65,14.2,28.3,79,12949.647715156414,4425.8,2024,26.644943333993194,1.1826517211902399,474
657514,"Bernardino, Brennan",51.0,51.0,883,124,14.0,28.3,79,24976.393158603536,4407.6,2024,26.644943333993194,1.1826517211902399,474
701542,"Warren, Will",22.2,22.666666666666668,458,59,12.9,28.3,79,12959.688336719535,5145.8,2024,26.644943333993194,1.1826517211902399,474
477132,"Kershaw, Clayton",30.0,30.0,508,78,15.4,28.3,79,14371.824152999307,4311.5,2024,26.644943333993194,1.1826517211902399,474
669169,"Heasley, Jonathan",5.1,5.333333333333333,108,17,15.7,28.3,79,3052.2772222968556,5150.7,2024,26.644943333993194,1.1826517211902399,474
687847,"Church, Marc",1.0,1.0,15,1,6.7,28.4,78,426.25402397976995,3836.3,2024,26.644943333993194,1.1826517211902399,474
672582,"Zerpa, Angel",53.2,53.666666666666664,959,141,14.7,28.4,78,27234.01276502669,4567.2,2024,26.644943333993194,1.1826517211902399,474
690829,"Joyce, Ben",34.2,34.666666666666664,541,76,14.0,28.4,78,15349.419974096238,3984.9,2024,26.644943333993194,1.1826517211902399,474
606149,"Gallegos, Giovanny",20.2,20.666666666666668,401,71,17.7,28.4,78,11383.281260147272,4957.2,2024,26.644943333993194,1.1826517211902399,474
685107,"Veneziano, Anthony",13.1,13.333333333333334,242,35,14.5,28.4,78,6873.813933765549,4639.8,2024,26.644943333993194,1.1826517211902399,474
693312,"Nicolas, Kyle",54.2,54.666666666666664,954,133,13.9,28.4,78,27102.160525240946,4461.9,2024,26.644943333993194,1.1826517211902399,474
640448,"Finnegan, Kyle",63.2,63.666666666666664,1087,178,16.4,28.4,78,30847.443673711594,4360.6,2024,26.644943333993194,1.1826517211902399,474
679156,"Pennington, Walter",18.0,18.0,330,48,14.5,28.5,77,9399.391159645764,4699.7,2024,26.644943333993194,1.1826517211902399,474
665625,"Peguero, Elvis",51.1,51.333333333333336,839,112,13.3,28.5,77,23886.822647507033,4187.9,2024,26.644943333993194,1.1826517211902399,474
681432,"Little, Luke",26.0,26.0,443,72,16.3,28.5,77,12612.910303556624,4366.0,2024,26.644943333993194,1.1826517211902399,474
680880,"Holman, Grant",15.2,15.666666666666666,296,38,12.8,28.4,77,8412.154717568124,4832.5,2024,26.644943333993194,1.1826517211902399,474
598286,"Ramirez, Nick",13.1,13.333333333333334,198,31,15.7,28.4,77,5631.166735400145,3801.0,2024,26.644943333993194,1.1826517211902399,474
622251,"Staumont, Josh",24.1,24.333333333333332,420,63,15.0,28.5,77,11951.489563358704,4420.4,2024,26.644943333993194,1.1826517211902399,474
667725,"Tyler, Kyle",31.2,31.666666666666668,581,82,14.1,28.5,77,16531.388190380774,4698.4,2024,26.644943333993194,1.1826517211902399,474
674072,"Henry, Tommy",38.1,38.333333333333336,706,105,14.9,28.5,77,20098.49542740029,4718.8,2024,26.644943333993194,1.1826517211902399,474
670280,"Bednar, David",57.2,57.666666666666664,1031,183,17.7,28.5,76,29422.068720250958,4591.9,2024,26.644943333993194,1.1826517211902399,474
670950,"Richards, Trevor",65.1,65.33333333333333,1182,186,15.7,28.5,76,33718.447531370766,4644.9,2024,26.644943333993194,1.1826517211902399,474
656924,"Ryan, Ryder",20.2,20.666666666666668,344,45,13.1,28.5,76,9806.350491259549,4270.5,2024,26.644943333993194,1.1826517211902399,474
593576,"Neris, Héctor",59.1,59.333333333333336,1013,155,15.3,28.5,76,28913.709619885496,4385.8,2024,26.644943333993194,1.1826517211902399,474
677020,"Walker, Josh",12.1,12.333333333333334,215,32,14.9,28.5,76,6132.03559369815,4474.7,2024,26.644943333993194,1.1826517211902399,474
696136,"Wicks, Jordan",46.0,46.0,852,124,14.6,28.6,76,24329.799661816392,4760.2,2024,26.644943333993194,1.1826517211902399,474
672578,"Hernández, Carlos",30.0,30.0,560,93,16.6,28.6,75,16004.229884352177,4801.3,2024,26.644943333993194,1.1826517211902399,474
686539,"Cronin, Declan",70.1,70.33333333333333,1109,162,14.6,28.6,75,31726.164290732297,4059.7,2024,26.644943333993194,1.1826517211902399,474
670242,"Wallner, Matt",1.1,1.3333333333333333,21,3,14.3,28.6,75,601.4550214217733,4059.8,2024,26.644943333993194,1.1826517211902399,474
641755,"Kinley, Tyler",64.0,64.0,1194,171,14.3,28.6,75,34131.04615951223,4799.7,2024,26.644943333993194,1.1826517211902399,474
680767,"Vodnik, Victor",73.2,73.66666666666667,1345,180,13.4,28.6,75,38472.53702050709,4700.3,2024,26.644943333993194,1.1826517211902399,474
670766,"McCaughan, Darren",42.0,42.0,714,98,13.7,28.7,74,20500.895573931815,4393.0,2024,26.644943333993194,1.1826517211902399,474
667297,"Nance, Tommy",22.0,22.0,326,56,17.2,28.7,74,9352.249246624158,3825.9,2024,26.644943333993194,1.1826517211902399,474
666974,"Cano, Yennier",60.0,60.0,1012,173,17.1,28.7,74,29073.826740518933,4361.1,2024,26.644943333993194,1.1826517211902399,474
523260,"Kelly, Joe",32.0,32.0,550,80,14.5,28.7,74,15778.820224877012,4437.8,2024,26.644943333993194,1.1826517211902399,474
686826,"Jarvis, Bryce",59.1,59.333333333333336,1024,164,16.0,28.7,74,29383.78954527146,4457.1,2024,26.644943333993194,1.1826517211902399,474
676272,"Miller, Bobby",56.0,56.0,1054,169,16.0,28.7,74,30206.700441553094,4854.6,2024,26.644943333993194,1.1826517211902399,474
656222,"Beeks, Jalen",70.0,70.0,1195,179,15.0,28.7,74,34286.68767919148,4408.3,2024,26.644943333993194,1.1826517211902399,474
669391,"White, Owen",3.0,3.0,69,11,15.9,28.7,74,1981.2609438686952,5943.8,2024,26.644943333993194,1.1826517211902399,474
641726,"Jefferies, Daulton",14.2,14.666666666666666,281,53,18.9,28.8,73,8082.009753835007,4959.4,2024,26.644943333993194,1.1826517211902399,474
657053,"Toussaint, Touki",23.0,23.0,491,64,13.0,28.8,73,14140.90479250498,5533.4,2024,26.644943333993194,1.1826517211902399,474
543518,"McGough, Scott",32.2,32.666666666666664,578,89,15.4,28.8,72,16668.319121962966,4592.3,2024,26.644943333993194,1.1826517211902399,474
683627,"Molina, Anthony",59.2,59.666666666666664,1053,171,16.2,28.8,72,30358.644412073263,4579.2,2024,26.644943333993194,1.1826517211902399,474
572971,"Keuchel, Dallas",16.2,16.666666666666668,308,47,15.3,28.9,71,8905.389937340986,4808.9,2024,26.644943333993194,1.1826517211902399,474
543238,"Gose, Anthony",4.1,4.333333333333333,79,18,22.8,28.9,71,2285.376340829376,4746.6,2024,26.644943333993194,1.1826517211902399,474
608648,"Duffey, Tyler",9.0,9.0,189,27,14.3,28.9,71,5471.191552511673,5471.2,2024,26.644943333993194,1.1826517211902399,474
641656,"Hamilton, Ian",37.2,37.666666666666664,620,109,17.6,28.9,71,17930.951751656026,4284.4,2024,26.644943333993194,1.1826517211902399,474
682989,"Mederos, Victor",5.1,5.333333333333333,108,20,18.5,29.0,70,3136.752031639061,5293.3,2024,26.644943333993194,1.1826517211902399,474
628708,"Marte, Yunior",26.0,26.0,485,74,15.3,29.0,70,14060.763079143868,4867.2,2024,26.644943333993194,1.1826517211902399,474
518397,"Alexander, Scott",38.2,38.666666666666664,596,92,15.4,29.0,70,17271.68351664798,4020.1,2024,26.644943333993194,1.1826517211902399,474
669459,"Nelson, Kyle",10.2,10.666666666666666,149,22,14.8,29.0,70,4320.0383433559455,3645.0,2024,26.644943333993194,1.1826517211902399,474
694646,"McDermott, Chayce",4.0,4.0,82,16,19.5,29.1,69,2384.528503878226,5365.2,2024,26.644943333993194,1.1826517211902399,474
683232,"Mears, Nick",57.2,57.666666666666664,1032,178,17.2,29.1,69,30001.113624754267,4682.3,2024,26.644943333993194,1.1826517211902399,474
656887,"Reid-Foley, Sean",21.2,21.666666666666668,385,69,17.9,29.1,69,11207.43437068056,4655.4,2024,26.644943333993194,1.1826517211902399,474
595881,"Beede, Tyler",14.0,14.0,271,57,21.0,29.1,69,7889.313084094208,5071.7,2024,26.644943333993194,1.1826517211902399,474
669711,"Weissert, Greg",63.1,63.333333333333336,1045,196,18.8,29.1,69,30367.67455154201,4315.4,2024,26.644943333993194,1.1826517211902399,474
643256,"Cimber, Adam",24.1,24.333333333333332,424,71,16.7,29.1,69,12320.00434159391,4556.7,2024,26.644943333993194,1.1826517211902399,474
528748,"Castellanos, Humberto",10.1,10.333333333333334,186,32,17.2,29.2,68,5430.157512664061,4729.5,2024,26.644943333993194,1.1826517211902399,474
665622,"Medina, Luis",40.0,40.0,724,115,15.9,29.2,68,21145.2011591974,4757.7,2024,26.644943333993194,1.1826517211902399,474
664351,"Contreras, Luis",6.0,6.0,105,8,7.6,29.1,68,3060.233390759344,4590.4,2024,26.644943333993194,1.1826517211902399,474
668873,"Kilian, Caleb",10.2,10.666666666666666,167,23,13.8,29.1,68,4867.241593538545,4106.7,2024,26.644943333993194,1.1826517211902399,474
656641,"Latz, Jacob",43.2,43.666666666666664,827,133,16.1,29.2,68,24150.332661676177,4977.5,2024,26.644943333993194,1.1826517211902399,474
681892,"Funderburk, Kody",34.2,34.666666666666664,653,108,16.5,29.2,67,19096.473420597704,4957.7,2024,26.644943333993194,1.1826517211902399,474
694037,"Palencia, Daniel",14.2,14.666666666666666,264,46,17.4,29.3,67,7722.80784771412,4739.0,2024,26.644943333993194,1.1826517211902399,474
657508,"Baumann, Mike",58.1,58.333333333333336,1069,179,16.7,29.3,66,31307.1629309226,4830.2,2024,26.644943333993194,1.1826517211902399,474
641360,"Bickford, Phil",8.1,8.333333333333334,154,23,14.9,29.3,66,4516.2189173345205,4877.5,2024,26.644943333993194,1.1826517211902399,474
656814,"Ortiz, Luis",0.2,0.6666666666666666,10,0,0.0,29.3,66,293.0232118537001,3955.8,2024,26.644943333993194,1.1826517211902399,474
657061,"Tucker, Cole",1.0,1.0,10,1,10.0,29.3,66,292.89651677442805,2636.1,2024,26.644943333993194,1.1826517211902399,474
680897,"Nastrini, Nick",35.2,35.666666666666664,736,110,14.9,29.3,66,21595.762827141647,5449.4,2024,26.644943333993194,1.1826517211902399,474
593934,"Sanó, Miguel",0.1,0.3333333333333333,3,0,0.0,29.4,65,88.12201957721379,2379.3,2024,26.644943333993194,1.1826517211902399,474
670990,"Ramírez, Yohan",45.0,45.0,774,126,16.3,29.4,65,22767.251709752898,4553.5,2024,26.644943333993194,1.1826517211902399,474
666808,"Doval, Camilo",59.0,59.0,1124,216,19.2,29.5,64,33161.86260352181,5058.6,2024,26.644943333993194,1.1826517211902399,474
641585,"France, J.P.",25.1,25.333333333333332,466,73,15.7,29.6,63,13776.823124376851,4894.4,2024,26.644943333993194,1.1826517211902399,474
608717,"Stratton, Chris",58.1,58.333333333333336,999,163,16.3,29.6,63,29559.175018808914,4560.6,2024,26.644943333993194,1.1826517211902399,474
593334,"Germán, Domingo",20.2,20.666666666666668,374,64,17.1,29.6,63,11060.059236010278,4816.5,2024,26.644943333993194,1.1826517211902399,474
622072,"Wood, Alex",39.1,39.333333333333336,760,134,17.6,29.6,63,22490.347409459486,5146.1,2024,26.644943333993194,1.1826517211902399,474
641312,"Anderson, Shaun",16.1,16.333333333333332,244,45,18.4,29.5,63,7208.634074977556,3972.1,2024,26.644943333993194,1.1826517211902399,474
605177,"Chafin, Andrew",56.1,56.333333333333336,979,152,15.5,29.6,63,28941.222172543814,4623.7,2024,26.644943333993194,1.1826517211902399,474
702674,"Dana, Caden",10.1,10.333333333333334,206,35,17.0,29.6,62,6107.582694183702,5319.5,2024,26.644943333993194,1.1826517211902399,474
687014,"Avila, Nick",11.2,11.666666666666666,225,48,21.3,29.7,62,6672.559717430137,5147.4,2024,26.644943333993194,1.1826517211902399,474
605155,"Brewer, Colten",20.2,20.666666666666668,392,79,20.2,29.7,62,11633.491820099833,5066.2,2024,26.644943333993194,1.1826517211902399,474
666149,"Fitzgerald, Tyler",3.0,3.0,36,5,13.9,29.7,61,1069.017208419935,3207.1,2024,26.644943333993194,1.1826517211902399,474
622608,"Senzatela, Antonio",12.1,12.333333333333334,218,38,17.4,29.7,61,6481.765089883056,4729.9,2024,26.644943333993194,1.1826517211902399,474
680686,"Gray, Josiah",8.1,8.333333333333334,176,24,13.6,29.7,61,5228.169907032779,5646.4,2024,26.644943333993194,1.1826517211902399,474
608678,"Leone, Dominic",19.0,19.0,365,68,18.6,29.7,61,10846.650935146125,5137.9,2024,26.644943333993194,1.1826517211902399,474
666208,"Speas, Alex",2.0,2.0,39,6,15.4,29.8,60,1161.6624166636977,5227.5,2024,26.644943333993194,1.1826517211902399,474
681217,"Silseth, Chase",8.0,8.0,167,30,18.0,29.9,59,4993.086503473335,5617.2,2024,26.644943333993194,1.1826517211902399,474
685116,"Kitchen, Austin",7.0,7.0,158,31,19.6,29.9,59,4723.122931069119,6072.6,2024,26.644943333993194,1.1826517211902399,474
683068,"Penrod, Zach",4.0,4.0,86,17,19.8,29.8,59,2566.362303735064,5774.3,2024,26.644943333993194,1.1826517211902399,474
622569,"Reyes, Pablo",1.0,1.0,18,0,0.0,29.9,59,538.0266889142513,4842.2,2024,26.644943333993194,1.1826517211902399,474
543766,"Shaw, Bryan",4.0,4.0,97,21,21.6,30.0,58,2908.6636921840905,6544.5,2024,26.644943333993194,1.1826517211902399,474
682073,"Hensley, David",2.0,2.0,26,3,11.5,29.9,58,778.2976293543545,3502.3,2024,26.644943333993194,1.1826517211902399,474
595897,"Burdi, Nick",9.2,9.666666666666666,210,41,19.5,30.0,58,6294.034971328661,5860.0,2024,26.644943333993194,1.1826517211902399,474
686642,"Ellard, Fraser",24.0,24.0,442,89,20.1,30.1,57,13291.040685604341,4984.1,2024,26.644943333993194,1.1826517211902399,474
686751,"Johnson, Seth",2.1,2.3333333333333335,58,8,13.8,30.1,57,1743.7137682532766,6725.8,2024,26.644943333993194,1.1826517211902399,474
663897,"Williams, Luke",4.0,4.0,59,11,18.6,30.1,56,1775.8625257204544,3995.7,2024,26.644943333993194,1.1826517211902399,474
592288,"Emanuel, Kent",17.2,17.666666666666668,302,65,21.5,30.1,56,9095.524253433921,4633.6,2024,26.644943333993194,1.1826517211902399,474
664129,"Hartlieb, Geoff",9.0,9.0,140,28,20.0,30.2,56,4221.311330874053,4221.3,2024,26.644943333993194,1.1826517211902399,474
620982,"Pinto, Ricardo",10.2,10.666666666666666,221,41,18.6,30.1,56,6650.741869752604,5611.6,2024,26.644943333993194,1.1826517211902399,474
664875,"Lawrence, Justin",59.2,59.666666666666664,1082,190,17.6,30.2,55,32652.638915519325,4925.3,2024,26.644943333993194,1.1826517211902399,474
687377,"Ribalta, Orlando",3.1,3.3333333333333335,97,17,17.5,30.2,55,2928.6160009352143,7907.3,2024,26.644943333993194,1.1826517211902399,474
640454,"Krook, Matt",1.0,1.0,27,5,18.5,30.3,54,816.9868436650032,7352.9,2024,26.644943333993194,1.1826517211902399,474
671212,"Boyle, Joe",47.2,47.666666666666664,966,180,18.6,30.3,53,29292.442928798228,5530.7,2024,26.644943333993194,1.1826517211902399,474
677958,"Rocker, Kumar",11.2,11.666666666666666,218,45,20.6,30.4,53,6624.263498036832,5110.1,2024,26.644943333993194,1.1826517211902399,474
642834,"Bermúdez, Jonathan",6.2,6.666666666666667,122,24,19.7,30.4,53,3705.7085519827706,5002.7,2024,26.644943333993194,1.1826517211902399,474
642028,"Rogers, Josh",11.0,11.0,174,35,20.1,30.4,52,5296.645130957055,4333.6,2024,26.644943333993194,1.1826517211902399,474
621097,"Waguespack, Jacob",10.0,10.0,221,39,17.6,30.4,52,6722.5803270467995,6050.3,2024,26.644943333993194,1.1826517211902399,474
641645,"Guillorme, Luis",3.0,3.0,43,10,23.3,30.4,52,1307.2622050105376,3921.8,2024,26.644943333993194,1.1826517211902399,474
621550,"Wisdom, Patrick",0.1,0.3333333333333333,13,0,0.0,30.4,52,395.15036393517073,10669.1,2024,26.644943333993194,1.1826517211902399,474
686993,"Sterner, Justin",4.0,4.0,68,10,14.7,30.5,51,2075.378810304395,4669.6,2024,26.644943333993194,1.1826517211902399,474
691172,"Zulueta, Yosver",16.1,16.333333333333332,288,64,22.2,30.5,51,8793.557962340827,4845.4,2024,26.644943333993194,1.1826517211902399,474
660761,"Suarez, José",52.1,52.333333333333336,990,196,19.8,30.6,49,30333.852111076343,5216.6,2024,26.644943333993194,1.1826517211902399,474
691441,"Mena, Cristian",3.0,3.0,70,10,14.3,30.8,48,2154.421156208393,6463.3,2024,26.644943333993194,1.1826517211902399,474
646242,"Díaz, Jhonathan",9.2,9.666666666666666,166,39,23.5,30.9,46,5129.503075587266,4775.7,2024,26.644943333993194,1.1826517211902399,474
687922,"Lucas, Easton",11.2,11.666666666666666,246,47,19.1,30.9,46,7604.1399272038925,5866.1,2024,26.644943333993194,1.1826517211902399,474
527054,"Teheran, Julio",2.2,2.6666666666666665,68,20,29.4,30.9,46,2099.578080695686,7086.1,2024,26.644943333993194,1.1826517211902399,474
681869,"Dubin, Shawn",45.1,45.333333333333336,840,177,21.1,30.9,46,25967.723303592895,5155.4,2024,26.644943333993194,1.1826517211902399,474
681066,"Bush, Ky",17.2,17.666666666666668,332,73,22.0,31.0,45,10278.908825875333,5236.4,2024,26.644943333993194,1.1826517211902399,474
641427,"Busenitz, Alan",4.0,4.0,75,15,20.0,31.1,44,2330.30593887434,5243.2,2024,26.644943333993194,1.1826517211902399,474
542585,"Cisnero, José",15.2,15.666666666666666,313,76,24.3,31.1,44,9729.56775901037,5589.3,2024,26.644943333993194,1.1826517211902399,474
668942,"Rojas, Josh",2.0,2.0,27,5,18.5,31.1,44,838.491674314955,3773.2,2024,26.644943333993194,1.1826517211902399,474
676969,"de Geus, Brett",11.1,11.333333333333334,194,39,20.1,31.2,42,6059.628036133671,4812.1,2024,26.644943333993194,1.1826517211902399,474
621399,"Feigl, Brady",1.2,1.6666666666666665,44,8,18.2,31.3,40,1379.228256497779,7447.8,2024,26.644943333993194,1.1826517211902399,474
624431,"Trevino, Jose",2.0,2.0,43,6,14.0,31.3,40,1347.9916202683085,6066.0,2024,26.644943333993194,1.1826517211902399,474
664079,"Jay, Tyler",7.2,7.666666666666667,153,34,22.2,31.4,40,4805.340569743153,5641.1,2024,26.644943333993194,1.1826517211902399,474
676083,"Junk, Janson",8.0,8.0,175,41,23.4,31.5,39,5509.096734715988,6197.7,2024,26.644943333993194,1.1826517211902399,474
678906,"Teng, Kai-Wei",11.0,11.0,204,53,26.0,31.5,39,6422.047518088771,5254.4,2024,26.644943333993194,1.1826517211902399,474
668800,"Knizner, Andrew",3.0,3.0,36,6,16.7,31.6,38,1136.0176594115483,3408.1,2024,26.644943333993194,1.1826517211902399,474
670223,"Mervis, Matt",0.2,0.6666666666666666,37,9,24.3,31.7,36,1173.138383109912,15837.4,2024,26.644943333993194,1.1826517211902399,474
687145,"Justice, Evan",0.1,0.3333333333333333,8,0,0.0,31.7,36,253.80786166690675,6852.8,2024,26.644943333993194,1.1826517211902399,474
656638,"Lange, Alex",18.2,18.666666666666668,377,99,26.3,31.8,35,11980.387849356941,5776.3,2024,26.644943333993194,1.1826517211902399,474
682175,"Jacques, Joe",3.0,3.0,50,11,22.0,31.7,35,1586.7448900879417,4760.2,2024,26.644943333993194,1.1826517211902399,474
676755,"Mattson, Isaac",5.1,5.333333333333333,100,24,24.0,31.7,35,3174.516224498499,5357.0,2024,26.644943333993194,1.1826517211902399,474
676617,"O'Brien, Riley",8.0,8.0,194,32,16.5,31.8,35,6167.901757472939,6938.9,2024,26.644943333993194,1.1826517211902399,474
666818,"Frías, Luis",9.2,9.666666666666666,230,53,23.0,31.9,33,7339.749965730286,6833.6,2024,26.644943333993194,1.1826517211902399,474
656186,"Altavilla, Dan",3.2,3.6666666666666665,83,18,21.7,31.9,33,2647.388868780214,6498.1,2024,26.644943333993194,1.1826517211902399,474
671109,"Eder, Jake",2.0,2.0,45,9,20.0,32.2,29,1449.7559163436554,6523.9,2024,26.644943333993194,1.1826517211902399,474
623520,"Bote, David",1.0,1.0,15,3,20.0,32.2,29,483.217891848308,4349.0,2024,26.644943333993194,1.1826517211902399,474
448179,"Hill, Rich",3.2,3.6666666666666665,71,19,26.8,32.3,28,2295.356957088238,5634.1,2024,26.644943333993194,1.1826517211902399,474
682842,"Uribe, Abner",14.1,14.333333333333334,260,61,23.5,32.3,28,8402.392941084885,5275.9,2024,26.644943333993194,1.1826517211902399,474
689266,"Dodd, Dylan",2.0,2.0,34,4,11.8,32.3,28,1098.5849799656633,4943.6,2024,26.644943333993194,1.1826517211902399,474
666163,"Rortvedt, Ben",2.0,2.0,36,5,13.9,32.3,28,1162.2314614793256,5230.0,2024,26.644943333993194,1.1826517211902399,474
686294,"Willingham, Amos",1.0,1.0,20,3,15.0,32.3,28,645.9341389931799,5813.4,2024,26.644943333993194,1.1826517211902399,474
665828,"Cabrera, Oswaldo",0.1,0.3333333333333333,12,2,16.7,32.5,26,389.5509434241162,10517.9,2024,26.644943333993194,1.1826517211902399,474
643396,"Kiner-Falefa, Isiah",2.0,2.0,18,4,22.2,32.6,25,586.747200124826,2640.4,2024,26.644943333993194,1.1826517211902399,474
666215,"Whitley, Forrest",3.1,3.3333333333333335,94,22,23.4,32.6,24,3068.91881261104,8286.1,2024,26.644943333993194,1.1826517211902399,474
683822,"Uwasawa, Naoyuki",4.0,4.0,63,22,34.9,32.6,24,2055.5655542159907,4625.0,2024,26.644943333993194,1.1826517211902399,474
701643,"Hartwig, Grant",6.2,6.666666666666667,118,33,28.0,32.7,23,3860.059937905966,5211.1,2024,26.644943333993194,1.1826517211902399,474
694361,"Klein, Will",7.1,7.333333333333333,146,35,24.0,32.8,22,4784.128013495497,5871.4,2024,26.644943333993194,1.1826517211902399,474
656354,"Davis, Austin",7.0,7.0,142,32,22.5,32.9,21,4672.159734111101,6007.1,2024,26.644943333993194,1.1826517211902399,474
683568,"Iriarte, Jairo",6.0,6.0,137,37,27.0,33.0,20,4516.458843879883,6774.7,2024,26.644943333993194,1.1826517211902399,474
666207,"Pint, Riley",3.1,3.3333333333333335,102,31,30.4,33.2,17,3382.7109863196783,9133.3,2024,26.644943333993194,1.1826517211902399,474
676391,"Clement, Ernie",1.0,1.0,16,6,37.5,33.3,16,532.0213698890636,4788.2,2024,26.644943333993194,1.1826517211902399,474
680911,"Miller, Owen",2.0,2.0,37,11,29.7,33.3,16,1231.9696773344936,5543.9,2024,26.644943333993194,1.1826517211902399,474
571863,"Koch, Matt",0.1,0.3333333333333333,23,4,17.4,33.6,11,773.63392792097,20888.1,2024,26.644943333993194,1.1826517211902399,474
677076,"Andrews, Clayton",0.1,0.3333333333333333,15,5,33.3,33.9,8,508.63342647937503,13733.1,2024,26.644943333993194,1.1826517211902399,474
641401,"Brogdon, Connor",3.0,3.0,97,22,22.7,33.9,8,3286.5185351337773,9859.6,2024,26.644943333993194,1.1826517211902399,474
621294,"Heller, Ben",12.0,12.0,259,71,27.4,34.1,5,8841.737592683792,6631.3,2024,26.644943333993194,1.1826517211902399,474
642133,"Tellez, Rowdy",2.2,2.6666666666666665,44,13,29.5,34.7,-2,1526.6619464691732,5152.5,2024,26.644943333993194,1.1826517211902399,474
664901,"Mendick, Danny",1.0,1.0,15,4,26.7,35.3,-10,529.5078881788988,4765.6,2024,26.644943333993194,1.1826517211902399,474
670219,"Kristofak, Zac",2.0,2.0,39,15,38.5,35.9,-18,1400.4737181255528,6302.1,2024,26.644943333993194,1.1826517211902399,474
641343,"Bauers, Jake",4.0,4.0,75,25,33.3,36.1,-20,2707.0338864793603,6090.8,2024,26.644943333993194,1.1826517211902399,474
664948,"Misiewicz, Anthony",1.0,1.0,30,10,33.3,36.5,-25,1095.9160638639862,9863.2,2024,26.644943333993194,1.1826517211902399,474
656458,"Gilbreath, Lucas",1.0,1.0,47,15,31.9,36.6,-26,1718.829323315309,15469.5,2024,26.644943333993194,1.1826517211902399,474
622088,"Antone, Tejay",2.0,2.0,47,21,44.7,38.0,-44,1786.3831644518561,8038.7,2024,26.644943333993194,1.1826517211902399,474
656976,"Smith, Pavin",1.0,1.0,17,7,41.2,38.3,-48,651.6156499028353,5864.5,2024,26.644943333993194,1.1826517211902399,474
668970,"Hollowell, Gavin",1.1,1.3333333333333333,29,14,48.3,38.9,-55,1128.234566326486,7615.6,2024,26.644943333993194,1.1826517211902399,474
685314,"Saalfrank, Andrew",1.0,1.0,30,13,43.3,38.9,-56,1167.887830195073,10511.0,2024,26.644943333993194,1.1826517211902399,474
640902,"Pereda, Jhonny",0.1,0.3333333333333333,5,3,60.0,40.5,-75,202.28584208969295,5461.7,2024,26.644943333993194,1.1826517211902399,474
703231,"Meeker, James",1.0,1.0,16,6,37.5,40.6,-78,650.3945311980693,5853.6,2024,26.644943333993194,1.1826517211902399,474
543063,"Crawford, Brandon",1.1,1.3333333333333333,35,12,34.3,43.1,-109,1509.5715065894444,10189.6,2024,26.644943333993194,1.1826517211902399,474
573262,"Yastrzemski, Mike",1.0,1.0,29,14,48.3,43.5,-114,1261.8274892021896,11356.4,2024,26.644943333993194,1.1826517211902399,474
670103,"Burgos, Raymond",1.0,1.0,25,17,68.0,50.4,-201,1259.8890919211901,11339.0,2024,26.644943333993194,1.1826517211902399,474
668874,"Henley, Blair",0.1,0.3333333333333333,40,33,82.5,56.6,-279,2262.0053915425815,61074.1,2024,26.644943333993194,1.1826517211902399,474
