pitcher,player_name,official_ip,ip_decimal,pitches,stressful_pitches,ps_pct,aps,aps_plus,total_stress,ss_per_9,season,aps_reference_mean,aps_reference_std,aps_reference_count
545121,"Vargas, Ildemaro",1.0,1.0,6,0,0.0,17.8,207,106.82543646851829,961.4,2022,26.672727786769045,1.244426581247673,473
608686,"Mayfield, Jack",1.0,1.0,13,0,0.0,19.3,189,251.22721157657153,2261.0,2022,26.672727786769045,1.244426581247673,473
657766,"St. John, Locke",2.0,2.0,29,0,0.0,19.3,188,560.9664059083206,2524.3,2022,26.672727786769045,1.244426581247673,473
666720,"Rodríguez, Yerry",1.0,1.0,18,0,0.0,19.8,182,357.0415671522522,3213.4,2022,26.672727786769045,1.244426581247673,473
665155,"Maton, Nick",1.1,1.3333333333333333,25,0,0.0,20.0,180,501.1974660186734,3383.1,2022,26.672727786769045,1.244426581247673,473
506702,"León, Sandy",2.0,2.0,17,0,0.0,20.3,177,344.5961113075651,1550.7,2022,26.672727786769045,1.244426581247673,473
624512,"McGuire, Reese",1.0,1.0,7,0,0.0,20.4,176,142.6023291130666,1283.4,2022,26.672727786769045,1.244426581247673,473
607054,"Peterson, Jace",1.0,1.0,8,0,0.0,20.9,169,167.2878679946504,1505.6,2022,26.672727786769045,1.244426581247673,473
593160,"Merrifield, Whit",1.0,1.0,13,0,0.0,21.1,167,274.7777918850768,2473.0,2022,26.672727786769045,1.244426581247673,473
572383,"Moran, Brian",0.1,0.3333333333333333,29,0,0.0,21.1,167,611.8757068695766,16520.6,2022,26.672727786769045,1.244426581247673,473
573131,"Ruf, Darin",2.0,2.0,14,0,0.0,21.4,164,299.38670081491466,1347.2,2022,26.672727786769045,1.244426581247673,473
682027,"Alldred, Cam",1.0,1.0,16,0,0.0,21.5,163,343.5796531712378,3092.2,2022,26.672727786769045,1.244426581247673,473
683232,"Mears, Nick",2.0,2.0,31,0,0.0,21.5,163,665.5584517506234,2995.0,2022,26.672727786769045,1.244426581247673,473
664670,"Lopez, Alejo",2.2,2.6666666666666665,26,0,0.0,21.5,162,559.4312273000693,1888.1,2022,26.672727786769045,1.244426581247673,473
676946,"Batten, Matthew",2.0,2.0,26,1,3.8,21.5,162,559.464279154781,2517.6,2022,26.672727786769045,1.244426581247673,473
571976,"Myers, Wil",3.2,3.6666666666666665,43,1,2.3,21.6,161,929.0270575759953,2280.3,2022,26.672727786769045,1.244426581247673,473
518586,"Culberson, Charlie",2.0,2.0,28,0,0.0,21.6,161,605.7065277496876,2725.7,2022,26.672727786769045,1.244426581247673,473
543901,"Weber, Ryan",10.2,10.666666666666666,127,2,1.6,21.6,161,2746.8312658331274,2317.6,2022,26.672727786769045,1.244426581247673,473
543351,"Jackson, Jay",1.1,1.3333333333333333,12,0,0.0,21.7,159,260.9427166074092,1761.4,2022,26.672727786769045,1.244426581247673,473
592169,"Brice, Austin",6.2,6.666666666666667,106,1,0.9,21.8,159,2305.745039665398,3112.8,2022,26.672727786769045,1.244426581247673,473
545341,"Grichuk, Randal",1.0,1.0,10,0,0.0,21.8,158,218.4074415531208,1965.7,2022,26.672727786769045,1.244426581247673,473
595014,"Treinen, Blake",5.0,5.0,69,0,0.0,22.1,155,1523.1210637415618,2741.6,2022,26.672727786769045,1.244426581247673,473
676617,"O'Brien, Riley",1.0,1.0,23,0,0.0,22.1,155,508.75221063479245,4578.8,2022,26.672727786769045,1.244426581247673,473
657697,"Nittoli, Vinny",2.0,2.0,40,1,2.5,22.2,154,886.8706489600326,3990.9,2022,26.672727786769045,1.244426581247673,473
571863,"Koch, Matt",4.1,4.333333333333333,72,2,2.8,22.2,154,1599.0383529380344,3321.1,2022,26.672727786769045,1.244426581247673,473
622766,"Díaz, Miguel",3.2,3.6666666666666665,56,1,1.8,22.2,154,1242.7501263980537,3050.4,2022,26.672727786769045,1.244426581247673,473
606993,"Hager, Jake",2.1,2.3333333333333335,28,1,3.6,22.2,154,622.3604331000315,2400.5,2022,26.672727786769045,1.244426581247673,473
571704,"Giles, Ken",4.1,4.333333333333333,67,0,0.0,22.6,149,1512.835724516892,3142.0,2022,26.672727786769045,1.244426581247673,473
663734,"Neidert, Nick",5.0,5.0,82,1,1.2,22.6,149,1856.6833272760186,3342.0,2022,26.672727786769045,1.244426581247673,473
643524,"Schwindel, Frank",3.0,3.0,42,0,0.0,22.7,148,952.0133910529826,2856.0,2022,26.672727786769045,1.244426581247673,473
621011,"Schrock, Max",1.0,1.0,26,0,0.0,22.8,147,592.0544645905499,5328.5,2022,26.672727786769045,1.244426581247673,473
656420,"Feyereisen, J.P.",24.1,24.333333333333332,344,8,2.3,22.7,147,7821.529554682052,2892.9,2022,26.672727786769045,1.244426581247673,473
592222,"Claudio, Alex",3.1,3.3333333333333335,50,0,0.0,22.8,146,1141.2850341979695,3081.5,2022,26.672727786769045,1.244426581247673,473
664202,"Cyr, Tyler",13.1,13.333333333333334,224,5,2.2,23.0,144,5162.504164100874,3484.7,2022,26.672727786769045,1.244426581247673,473
642659,"Espinal, Raynel",4.2,4.666666666666667,76,1,1.3,23.1,143,1755.3002199209186,3385.2,2022,26.672727786769045,1.244426581247673,473
645801,"Ford, Mike",1.0,1.0,15,0,0.0,23.1,143,346.82016447648147,3121.4,2022,26.672727786769045,1.244426581247673,473
672911,"Cruz, Jesus",8.2,8.666666666666666,163,6,3.7,23.2,141,3787.2682176604967,3932.9,2022,26.672727786769045,1.244426581247673,473
670032,"Lopez, Nicky",1.0,1.0,16,0,0.0,23.3,141,372.17579068202303,3349.6,2022,26.672727786769045,1.244426581247673,473
542194,"Bethancourt, Christian",4.0,4.0,52,0,0.0,23.4,140,1215.3329908993205,2734.5,2022,26.672727786769045,1.244426581247673,473
676974,"Meyer, Max",6.0,6.0,89,2,2.2,23.4,140,2081.002650935164,3121.5,2022,26.672727786769045,1.244426581247673,473
594798,"deGrom, Jacob",64.1,64.33333333333333,940,55,5.9,23.4,140,21981.386283812044,3075.1,2022,26.672727786769045,1.244426581247673,473
668665,"Nogosek, Stephen",22.0,22.0,377,9,2.4,23.3,140,8799.317637785982,3599.7,2022,26.672727786769045,1.244426581247673,473
641531,"Dozier, Hunter",1.0,1.0,23,0,0.0,23.5,138,540.0827988910175,4860.7,2022,26.672727786769045,1.244426581247673,473
572888,"Greene, Shane",3.0,3.0,50,4,8.0,23.6,137,1178.8700894934416,3536.6,2022,26.672727786769045,1.244426581247673,473
668868,"Thompson, Zack",34.2,34.666666666666664,575,23,4.0,23.6,136,13596.217554390754,3529.8,2022,26.672727786769045,1.244426581247673,473
660593,"Reyes, Denyi",7.2,7.666666666666667,117,7,6.0,23.7,136,2767.942989332882,3249.3,2022,26.672727786769045,1.244426581247673,473
547184,"Kelly, Michael",4.0,4.0,64,2,3.1,23.7,135,1518.6291228916878,3416.9,2022,26.672727786769045,1.244426581247673,473
667725,"Tyler, Kyle",4.0,4.0,40,2,5.0,23.8,135,950.5833739031168,2138.8,2022,26.672727786769045,1.244426581247673,473
669194,"Nelson, Ryne",18.1,18.333333333333332,255,8,3.1,23.8,134,6075.726101254076,2982.6,2022,26.672727786769045,1.244426581247673,473
518397,"Alexander, Scott",17.1,17.333333333333332,214,4,1.9,23.9,134,5109.014948645929,2652.8,2022,26.672727786769045,1.244426581247673,473
552640,"Kittredge, Andrew",20.0,20.0,233,13,5.6,24.0,133,5581.780611481802,2511.8,2022,26.672727786769045,1.244426581247673,473
623149,"Sewald, Paul",64.0,64.0,987,48,4.9,23.9,133,23608.85642449818,3320.0,2022,26.672727786769045,1.244426581247673,473
668834,"McGee, Easton",3.0,3.0,46,1,2.2,23.9,133,1099.7396455966814,3299.2,2022,26.672727786769045,1.244426581247673,473
661403,"Clase, Emmanuel",72.2,72.66666666666667,929,71,7.6,24.0,132,22328.27751160169,2765.4,2022,26.672727786769045,1.244426581247673,473
664126,"Fairbanks, Pete",24.0,24.0,352,18,5.1,24.1,131,8476.952656615294,3178.9,2022,26.672727786769045,1.244426581247673,473
656290,"Carlton, Drew",8.2,8.666666666666666,120,8,6.7,24.2,130,2906.0399058868834,3017.8,2022,26.672727786769045,1.244426581247673,473
676840,"Peacock, Matt",10.0,10.0,149,6,4.0,24.1,130,3597.271412481846,3237.5,2022,26.672727786769045,1.244426581247673,473
622569,"Reyes, Pablo",1.0,1.0,9,0,0.0,24.2,130,217.68165944166086,1959.1,2022,26.672727786769045,1.244426581247673,473
674681,"Plassmeyer, Michael",7.1,7.333333333333333,99,6,6.1,24.2,130,2390.8805535575057,2934.3,2022,26.672727786769045,1.244426581247673,473
453286,"Scherzer, Max",145.1,145.33333333333334,2167,128,5.9,24.4,128,52777.75223575121,3268.3,2022,26.672727786769045,1.244426581247673,473
641482,"Cortes, Nestor",158.1,158.33333333333334,2465,154,6.2,24.3,128,59992.47231978591,3410.1,2022,26.672727786769045,1.244426581247673,473
669212,"Morgan, Eli",66.2,66.66666666666667,1017,72,7.1,24.4,128,24783.741184307484,3345.8,2022,26.672727786769045,1.244426581247673,473
607609,"Ladwig, A.J.",3.1,3.3333333333333335,41,2,4.9,24.4,127,1000.8079742603667,2702.2,2022,26.672727786769045,1.244426581247673,473
669713,"Wesneski, Hayden",33.0,33.0,496,18,3.6,24.4,127,12118.513789830437,3305.0,2022,26.672727786769045,1.244426581247673,473
669456,"Bieber, Shane",200.0,200.0,2875,162,5.6,24.4,127,70205.72985006227,3159.3,2022,26.672727786769045,1.244426581247673,473
670810,"Gillaspie, Logan",17.1,17.333333333333332,262,15,5.7,24.4,127,6405.888619363774,3326.1,2022,26.672727786769045,1.244426581247673,473
572125,"Selman, Sam",18.1,18.333333333333332,295,10,3.4,24.5,126,7241.035531675939,3554.7,2022,26.672727786769045,1.244426581247673,473
656986,"Sousa, Bennett",20.1,20.333333333333332,368,29,7.9,24.5,126,9023.703075401507,3994.1,2022,26.672727786769045,1.244426581247673,473
458677,"Wilson, Justin",3.2,3.6666666666666665,54,4,7.4,24.5,126,1321.9951423035402,3244.9,2022,26.672727786769045,1.244426581247673,473
640470,"Alzolay, Adbert",13.1,13.333333333333334,193,16,8.3,24.6,125,4753.522994705662,3208.6,2022,26.672727786769045,1.244426581247673,473
664054,"Stashak, Cody",16.1,16.333333333333332,227,20,8.8,24.6,125,5577.947021243393,3073.6,2022,26.672727786769045,1.244426581247673,473
571760,"Heaney, Andrew",72.2,72.66666666666667,1230,82,6.7,24.6,125,30233.216087021112,3744.5,2022,26.672727786769045,1.244426581247673,473
593334,"Germán, Domingo",72.1,72.33333333333333,1081,55,5.1,24.6,125,26595.842833776467,3309.2,2022,26.672727786769045,1.244426581247673,473
681885,"Lee, Evan",8.2,8.666666666666666,165,6,3.6,24.6,125,4053.8300698918342,4209.7,2022,26.672727786769045,1.244426581247673,473
663474,"McKenzie, Triston",191.1,191.33333333333334,2807,176,6.3,24.6,125,69014.76893200555,3246.3,2022,26.672727786769045,1.244426581247673,473
606273,"Elías, Roenis",7.2,7.666666666666667,114,7,6.1,24.6,125,2803.6409357489993,3291.2,2022,26.672727786769045,1.244426581247673,473
622075,"Almonte, Yency",35.1,35.333333333333336,470,25,5.3,24.6,124,11583.9943550303,2950.6,2022,26.672727786769045,1.244426581247673,473
613534,"Adams, Austin",2.1,2.3333333333333335,48,1,2.1,24.6,124,1183.1563552302869,4563.6,2022,26.672727786769045,1.244426581247673,473
548389,"Stripling, Ross",134.1,134.33333333333334,2033,142,7.0,24.7,124,50242.577343936246,3366.1,2022,26.672727786769045,1.244426581247673,473
605400,"Nola, Aaron",205.0,205.0,3041,214,7.0,24.7,124,75091.4552032835,3296.7,2022,26.672727786769045,1.244426581247673,473
669742,"Hall, Darick",0.1,0.3333333333333333,6,0,0.0,24.7,124,147.98839931276729,3995.7,2022,26.672727786769045,1.244426581247673,473
506433,"Darvish, Yu",194.2,194.66666666666666,2971,209,7.0,24.7,124,73438.54354639965,3395.3,2022,26.672727786769045,1.244426581247673,473
676477,"Whitlock, Garrett",78.1,78.33333333333333,1166,79,6.8,24.7,124,28760.30241407497,3304.4,2022,26.672727786769045,1.244426581247673,473
673258,"Baez, Michel",2.0,2.0,25,1,4.0,24.7,124,617.1922205970324,2777.4,2022,26.672727786769045,1.244426581247673,473
445276,"Jansen, Kenley",64.0,64.0,1013,70,6.9,24.7,124,24993.605488228855,3514.7,2022,26.672727786769045,1.244426581247673,473
669145,"Zimmermann, Bruce",73.2,73.66666666666667,1130,65,5.8,24.8,123,27987.377773111675,3419.3,2022,26.672727786769045,1.244426581247673,473
681867,"Criswell, Cooper",3.1,3.3333333333333335,45,5,11.1,24.8,123,1114.4361232999054,3009.0,2022,26.672727786769045,1.244426581247673,473
641729,"Jiménez, Joe",56.2,56.666666666666664,937,58,6.2,24.8,123,23237.06942591402,3690.6,2022,26.672727786769045,1.244426581247673,473
542881,"Anderson, Tyler",178.2,178.66666666666666,2576,179,6.9,24.7,123,63718.47337644845,3209.7,2022,26.672727786769045,1.244426581247673,473
621242,"Díaz, Edwin",62.0,62.0,932,59,6.3,24.8,123,23107.389634112373,3354.3,2022,26.672727786769045,1.244426581247673,473
664299,"Javier, Cristian",148.2,148.66666666666666,2554,158,6.2,24.7,123,63187.56516994435,3825.3,2022,26.672727786769045,1.244426581247673,473
641360,"Bickford, Phil",61.0,61.0,990,69,7.0,24.8,123,24514.19151952413,3616.8,2022,26.672727786769045,1.244426581247673,473
596271,"Lawrence, Casey",18.0,18.0,297,24,8.1,24.9,122,7390.365930414676,3695.2,2022,26.672727786769045,1.244426581247673,473
664062,"Gonsolin, Tony",130.1,130.33333333333334,2017,138,6.8,24.9,122,50179.247644119016,3465.1,2022,26.672727786769045,1.244426581247673,473
663559,"Falter, Bailey",84.0,84.0,1295,90,6.9,24.8,122,32153.125039569317,3445.0,2022,26.672727786769045,1.244426581247673,473
641914,"Neuse, Sheldon",3.2,3.6666666666666665,33,1,3.0,24.8,122,818.6280611153529,2009.4,2022,26.672727786769045,1.244426581247673,473
434378,"Verlander, Justin",175.0,175.0,2607,190,7.3,24.8,122,64765.101916310385,3330.8,2022,26.672727786769045,1.244426581247673,473
640462,"Puk, A.J.",66.1,66.33333333333333,1084,52,4.8,24.9,122,26951.391325353437,3656.7,2022,26.672727786769045,1.244426581247673,473
666201,"Manoah, Alek",196.2,196.66666666666666,2949,186,6.3,24.9,122,73359.35432307686,3357.1,2022,26.672727786769045,1.244426581247673,473
641755,"Kinley, Tyler",24.0,24.0,377,24,6.4,24.8,122,9358.113488985307,3509.3,2022,26.672727786769045,1.244426581247673,473
543037,"Cole, Gerrit",200.2,200.66666666666666,3274,217,6.6,24.9,122,81475.97546839139,3654.2,2022,26.672727786769045,1.244426581247673,473
628711,"Urías, Julio",175.0,175.0,2622,180,6.9,24.8,122,65100.55681633098,3348.0,2022,26.672727786769045,1.244426581247673,473
645261,"Alcantara, Sandy",228.2,228.66666666666666,3252,239,7.3,24.9,122,80878.14558127103,3183.3,2022,26.672727786769045,1.244426581247673,473
592094,"Adam, Jason",63.1,63.333333333333336,946,71,7.5,24.8,122,23506.368235216443,3340.4,2022,26.672727786769045,1.244426581247673,473
657024,"Swanson, Erik",53.2,53.666666666666664,882,45,5.1,24.9,122,21942.43082728757,3679.8,2022,26.672727786769045,1.244426581247673,473
641871,"Middleton, Keynan",17.0,17.0,241,13,5.4,24.9,121,6002.606971785081,3177.9,2022,26.672727786769045,1.244426581247673,473
656818,"Overton, Connor",33.0,33.0,469,26,5.5,25.0,121,11702.235982578539,3191.5,2022,26.672727786769045,1.244426581247673,473
630023,"Chirinos, Yonny",7.0,7.0,100,6,6.0,24.9,121,2492.6553238532315,3204.8,2022,26.672727786769045,1.244426581247673,473
444876,"Escobar, Alcides",1.2,1.6666666666666665,24,0,0.0,24.9,121,598.2369161962946,3230.5,2022,26.672727786769045,1.244426581247673,473
656814,"Ortiz, Luis",8.2,8.666666666666666,118,5,4.2,25.0,121,2944.8928759577893,3058.2,2022,26.672727786769045,1.244426581247673,473
608344,"Irvin, Cole",181.0,181.0,2622,183,7.0,24.9,121,65338.612686335764,3248.9,2022,26.672727786769045,1.244426581247673,473
642048,"Saucedo, Tayler",2.2,2.6666666666666665,48,4,8.3,25.0,121,1197.760962483991,4042.4,2022,26.672727786769045,1.244426581247673,473
456034,"Price, David",40.1,40.333333333333336,603,39,6.5,24.9,121,15025.193087602425,3352.7,2022,26.672727786769045,1.244426581247673,473
607229,"Gsellman, Robert",15.1,15.333333333333334,207,12,5.8,24.9,121,5157.675760246972,3027.3,2022,26.672727786769045,1.244426581247673,473
605488,"Springs, Jeffrey",135.1,135.33333333333334,2149,131,6.1,24.9,121,53566.654227372055,3562.3,2022,26.672727786769045,1.244426581247673,473
477132,"Kershaw, Clayton",126.1,126.33333333333333,1842,129,7.0,24.9,121,45873.441549728646,3268.0,2022,26.672727786769045,1.244426581247673,473
571927,"Matz, Steven",48.0,48.0,849,74,8.7,24.9,121,21146.756659042658,3965.0,2022,26.672727786769045,1.244426581247673,473
663947,"Holton, Tyler",9.0,9.0,159,7,4.4,25.0,120,3975.77333948463,3975.8,2022,26.672727786769045,1.244426581247673,473
608638,"Chargois, JT",22.1,22.333333333333332,334,22,6.6,25.0,120,8364.875069326654,3370.9,2022,26.672727786769045,1.244426581247673,473
593576,"Neris, Héctor",65.1,65.33333333333333,1012,63,6.2,25.0,120,25346.519001982673,3491.6,2022,26.672727786769045,1.244426581247673,473
571510,"Boyd, Matthew",13.1,13.333333333333334,204,14,6.9,25.0,120,5098.971825472997,3441.8,2022,26.672727786769045,1.244426581247673,473
548384,"Raley, Brooks",53.2,53.666666666666664,846,57,6.7,25.0,120,21154.40464060174,3547.6,2022,26.672727786769045,1.244426581247673,473
642547,"Peralta, Freddy",78.0,78.0,1353,85,6.3,25.0,120,33806.14321518122,3900.7,2022,26.672727786769045,1.244426581247673,473
656970,"Smeltzer, Devin",70.1,70.33333333333333,1129,89,7.9,25.1,119,28304.673949408498,3621.9,2022,26.672727786769045,1.244426581247673,473
675911,"Strider, Spencer",131.2,131.66666666666666,2278,183,8.0,25.1,119,57151.672208834716,3906.6,2022,26.672727786769045,1.244426581247673,473
592767,"Smyly, Drew",106.1,106.33333333333333,1814,140,7.7,25.1,119,45537.29730584579,3854.3,2022,26.672727786769045,1.244426581247673,473
656756,"Montgomery, Jordan",178.1,178.33333333333334,2715,190,7.0,25.1,119,68191.68822323924,3441.4,2022,26.672727786769045,1.244426581247673,473
663556,"McClanahan, Shane",166.1,166.33333333333334,2464,177,7.2,25.1,119,61891.41052745797,3348.8,2022,26.672727786769045,1.244426581247673,473
446372,"Kluber, Corey",164.0,164.0,2454,197,8.0,25.1,119,61610.27762193953,3381.1,2022,26.672727786769045,1.244426581247673,473
669203,"Burnes, Corbin",202.0,202.0,3274,251,7.7,25.1,119,82234.65550102245,3663.9,2022,26.672727786769045,1.244426581247673,473
607625,"Lugo, Seth",65.0,65.0,1083,75,6.9,25.1,119,27153.437345581966,3759.7,2022,26.672727786769045,1.244426581247673,473
649144,"Wells, Alex",3.2,3.6666666666666665,66,3,4.5,25.1,119,1653.9432215475974,4059.7,2022,26.672727786769045,1.244426581247673,473
664854,"Helsley, Ryan",64.2,64.66666666666667,966,73,7.6,25.1,119,24278.308344196197,3378.9,2022,26.672727786769045,1.244426581247673,473
605164,"Bundy, Dylan",140.0,140.0,2180,151,6.9,25.1,119,54627.74739540941,3511.8,2022,26.672727786769045,1.244426581247673,473
673316,"Barker, Luke",4.0,4.0,54,6,11.1,25.1,119,1357.3505198312535,3054.0,2022,26.672727786769045,1.244426581247673,473
670712,"Brosseau, Mike",3.0,3.0,44,2,4.5,25.2,118,1107.1967124952903,3321.6,2022,26.672727786769045,1.244426581247673,473
572362,"Erlin, Robbie",2.0,2.0,40,2,5.0,25.2,118,1007.5276832993941,4533.9,2022,26.672727786769045,1.244426581247673,473
456713,"Bush, Matt",59.2,59.666666666666664,917,82,8.9,25.2,118,23082.7715021046,3481.8,2022,26.672727786769045,1.244426581247673,473
592454,"Kahnle, Tommy",12.2,12.666666666666666,174,12,6.9,25.1,118,4375.133858748071,3108.6,2022,26.672727786769045,1.244426581247673,473
661395,"Duran, Jhoan",67.2,67.66666666666667,1033,87,8.4,25.2,118,26045.010006387645,3464.1,2022,26.672727786769045,1.244426581247673,473
657140,"Wright, Kyle",180.1,180.33333333333334,2697,192,7.1,25.1,118,67825.48795217335,3385.0,2022,26.672727786769045,1.244426581247673,473
605540,"Woodruff, Brandon",153.1,153.33333333333334,2538,201,7.9,25.2,118,63986.5685812415,3755.7,2022,26.672727786769045,1.244426581247673,473
607644,"Means, John",8.0,8.0,135,10,7.4,25.2,118,3401.719116685645,3826.9,2022,26.672727786769045,1.244426581247673,473
554430,"Wheeler, Zack",153.0,153.0,2362,170,7.2,25.2,118,59545.86052252406,3502.7,2022,26.672727786769045,1.244426581247673,473
571466,"Barnhart, Tucker",1.0,1.0,17,1,5.9,25.2,118,427.68780292987384,3849.2,2022,26.672727786769045,1.244426581247673,473
669330,"Wells, Tyler",103.2,103.66666666666667,1649,120,7.3,25.2,118,41472.72028547034,3600.5,2022,26.672727786769045,1.244426581247673,473
677865,"Bruihl, Justin",23.2,23.666666666666668,349,29,8.3,25.2,117,8802.477389216561,3347.4,2022,26.672727786769045,1.244426581247673,473
592332,"Gausman, Kevin",174.2,174.66666666666666,2783,235,8.4,25.3,117,70345.1309529236,3624.7,2022,26.672727786769045,1.244426581247673,473
541640,"Ramírez, Erasmo",86.1,86.33333333333333,1226,112,9.1,25.3,117,31021.626050512252,3233.9,2022,26.672727786769045,1.244426581247673,473
621345,"Minter, A.J.",70.0,70.0,1111,88,7.9,25.2,117,28047.41458522815,3606.1,2022,26.672727786769045,1.244426581247673,473
669302,"Gilbert, Logan",185.2,185.66666666666666,3023,231,7.6,25.3,117,76352.62721418292,3701.1,2022,26.672727786769045,1.244426581247673,473
622694,"Hernández, Elieser",62.1,62.333333333333336,1099,79,7.2,25.2,117,27741.020546406224,4005.4,2022,26.672727786769045,1.244426581247673,473
656786,"Mushinski, Parker",7.1,7.333333333333333,111,3,2.7,25.3,117,2803.4040249018785,3440.5,2022,26.672727786769045,1.244426581247673,473
660271,"Ohtani, Shohei",166.0,166.0,2629,178,6.8,25.3,117,66388.5343987898,3599.4,2022,26.672727786769045,1.244426581247673,473
669373,"Skubal, Tarik",117.2,117.66666666666667,1914,135,7.1,25.4,116,48560.784062942315,3714.3,2022,26.672727786769045,1.244426581247673,473
666129,"Garrett, Braxton",88.0,88.0,1440,95,6.6,25.4,116,36504.84654071046,3733.5,2022,26.672727786769045,1.244426581247673,473
643493,"Pruitt, Austin",55.1,55.333333333333336,809,71,8.8,25.3,116,20472.378147977142,3329.8,2022,26.672727786769045,1.244426581247673,473
666619,"Santos, Gregory",3.2,3.6666666666666665,67,5,7.5,25.3,116,1695.8825481591614,4162.6,2022,26.672727786769045,1.244426581247673,473
641302,"Alexander, Tyler",101.0,101.0,1595,123,7.7,25.3,116,40408.837341723476,3600.8,2022,26.672727786769045,1.244426581247673,473
686753,"Jameson, Drey",24.1,24.333333333333332,369,16,4.3,25.4,116,9364.483853042739,3463.6,2022,26.672727786769045,1.244426581247673,473
607572,"Howard, Sam",2.0,2.0,58,3,5.2,25.4,116,1472.1462796426524,6624.7,2022,26.672727786769045,1.244426581247673,473
668676,"Plesac, Zach",131.2,131.66666666666666,2153,142,6.6,25.3,116,54559.88794707052,3729.4,2022,26.672727786769045,1.244426581247673,473
448281,"Doolittle, Sean",5.1,5.333333333333333,55,6,10.9,25.4,116,1394.6578047836713,2353.5,2022,26.672727786769045,1.244426581247673,473
664294,"Moreta, Dauri",38.1,38.333333333333336,617,39,6.3,25.3,116,15613.40067516576,3665.8,2022,26.672727786769045,1.244426581247673,473
445926,"Chavez, Jesse",69.1,69.33333333333333,1202,96,8.0,25.3,116,30415.449254293424,3948.2,2022,26.672727786769045,1.244426581247673,473
660825,"Bazardo, Eduard",16.1,16.333333333333332,236,11,4.7,25.3,116,5974.825821290134,3292.3,2022,26.672727786769045,1.244426581247673,473
605397,"Musgrove, Joe",181.0,181.0,2838,201,7.1,25.3,116,71816.43458034279,3571.0,2022,26.672727786769045,1.244426581247673,473
672582,"Zerpa, Angel",11.0,11.0,159,8,5.0,25.3,116,4023.687955351701,3292.1,2022,26.672727786769045,1.244426581247673,473
676710,"Crawford, Kutter",77.1,77.33333333333333,1297,99,7.6,25.4,116,32902.13232626929,3829.1,2022,26.672727786769045,1.244426581247673,473
596117,"Stubbs, Garrett",3.2,3.6666666666666665,60,3,5.0,25.5,115,1527.025077694739,3748.2,2022,26.672727786769045,1.244426581247673,473
682171,"Murfee, Penn",69.1,69.33333333333333,1007,73,7.2,25.5,115,25632.60940811006,3327.3,2022,26.672727786769045,1.244426581247673,473
448179,"Hill, Rich",124.1,124.33333333333333,1990,154,7.7,25.4,115,50535.83643961016,3658.1,2022,26.672727786769045,1.244426581247673,473
455119,"Martin, Chris",56.0,56.0,860,72,8.4,25.4,115,21876.176832945468,3515.8,2022,26.672727786769045,1.244426581247673,473
641927,"Ober, Bailey",56.0,56.0,854,60,7.0,25.4,115,21700.157005622004,3487.5,2022,26.672727786769045,1.244426581247673,473
519151,"Pressly, Ryan",48.1,48.333333333333336,711,63,8.9,25.4,115,18061.430751517473,3363.2,2022,26.672727786769045,1.244426581247673,473
656876,"Rasmussen, Drew",146.0,146.0,2239,188,8.4,25.4,115,56852.80541963536,3504.6,2022,26.672727786769045,1.244426581247673,473
657746,"Ryan, Joe",147.0,147.0,2391,183,7.7,25.4,115,60781.06565884939,3721.3,2022,26.672727786769045,1.244426581247673,473
665152,"Kremer, Dean",125.1,125.33333333333333,1947,141,7.2,25.5,115,49579.52507588328,3560.2,2022,26.672727786769045,1.244426581247673,473
573186,"Stroman, Marcus",138.2,138.66666666666666,2181,169,7.7,25.4,115,55382.946934618536,3594.6,2022,26.672727786769045,1.244426581247673,473
669804,"De Jesus, Angel",12.2,12.666666666666666,192,15,7.8,25.5,115,4887.068420957766,3472.4,2022,26.672727786769045,1.244426581247673,473
643377,"Jax, Griffin",72.1,72.33333333333333,1167,97,8.3,25.4,115,29667.797123521963,3691.4,2022,26.672727786769045,1.244426581247673,473
542914,"Bass, Anthony",70.1,70.33333333333333,990,74,7.5,25.5,115,25204.539487236707,3225.2,2022,26.672727786769045,1.244426581247673,473
650530,"Garcia, Bryan",20.1,20.333333333333332,317,28,8.8,25.5,115,8069.392426443592,3571.7,2022,26.672727786769045,1.244426581247673,473
663558,"Morán, Jovani",40.2,40.666666666666664,672,45,6.7,25.4,115,17070.403598435394,3777.9,2022,26.672727786769045,1.244426581247673,473
571945,"Mikolas, Miles",202.1,202.33333333333334,3152,268,8.5,25.5,114,80464.39333274639,3579.1,2022,26.672727786769045,1.244426581247673,473
621107,"Eflin, Zach",75.2,75.66666666666667,1196,107,8.9,25.5,114,30517.023139009787,3629.8,2022,26.672727786769045,1.244426581247673,473
681217,"Silseth, Chase",28.2,28.666666666666668,501,32,6.4,25.5,114,12765.319056744744,4007.7,2022,26.672727786769045,1.244426581247673,473
660761,"Suarez, José",109.0,109.0,1791,132,7.4,25.5,114,45704.91651374861,3773.8,2022,26.672727786769045,1.244426581247673,473
669160,"May, Dustin",30.0,30.0,474,25,5.3,25.5,114,12079.114902405832,3623.7,2022,26.672727786769045,1.244426581247673,473
664942,"Naile, James",9.0,9.0,126,12,9.5,25.5,114,3218.8000838469175,3218.8,2022,26.672727786769045,1.244426581247673,473
607074,"Rodón, Carlos",178.0,178.0,2985,232,7.8,25.5,114,76194.63369319208,3852.5,2022,26.672727786769045,1.244426581247673,473
628452,"Iglesias, Raisel",62.0,62.0,983,83,8.4,25.5,114,25088.23101964622,3641.8,2022,26.672727786769045,1.244426581247673,473
518876,"Kelly, Merrill",200.1,200.33333333333334,3077,255,8.3,25.5,114,78540.2622028859,3528.4,2022,26.672727786769045,1.244426581247673,473
547001,"Poteet, Cody",28.0,28.0,448,32,7.1,25.5,114,11424.883312400183,3672.3,2022,26.672727786769045,1.244426581247673,473
501381,"Pineda, Michael",46.2,46.666666666666664,731,56,7.7,25.5,114,18653.464320294872,3597.5,2022,26.672727786769045,1.244426581247673,473
608716,"Steckenrider, Drew",14.1,14.333333333333334,286,8,2.8,25.5,114,7292.475318840249,4579.0,2022,26.672727786769045,1.244426581247673,473
606131,"Perdomo, Luis",23.2,23.666666666666668,285,17,6.0,25.5,114,7260.363167324286,2761.0,2022,26.672727786769045,1.244426581247673,473
665621,"García, Rony",51.0,51.0,885,72,8.1,25.5,114,22560.449526056054,3981.3,2022,26.672727786769045,1.244426581247673,473
668678,"Gallen, Zac",184.0,184.0,2935,252,8.6,25.6,113,75002.59177483284,3668.6,2022,26.672727786769045,1.244426581247673,473
608032,"Estévez, Carlos",57.0,57.0,1025,87,8.5,25.6,113,26212.84257004474,4138.9,2022,26.672727786769045,1.244426581247673,473
543294,"Hendricks, Kyle",84.1,84.33333333333333,1347,94,7.0,25.6,113,34498.78135739365,3681.7,2022,26.672727786769045,1.244426581247673,473
669211,"Akin, Keegan",81.2,81.66666666666667,1235,120,9.7,25.6,113,31594.99998404335,3481.9,2022,26.672727786769045,1.244426581247673,473
622491,"Castillo, Luis",150.1,150.33333333333334,2506,215,8.6,25.6,113,64185.6934774151,3842.6,2022,26.672727786769045,1.244426581247673,473
666214,"Wentz, Joey",32.2,32.666666666666664,555,48,8.6,25.6,113,14223.204735740574,3918.6,2022,26.672727786769045,1.244426581247673,473
572070,"Richards, Garrett",42.2,42.666666666666664,708,64,9.0,25.6,113,18115.946372040493,3821.3,2022,26.672727786769045,1.244426581247673,473
641726,"Jefferies, Daulton",39.1,39.333333333333336,611,52,8.5,25.6,113,15659.987247612273,3583.2,2022,26.672727786769045,1.244426581247673,473
675627,"Grove, Michael",29.1,29.333333333333332,476,31,6.5,25.6,113,12182.682778997476,3737.9,2022,26.672727786769045,1.244426581247673,473
592716,"Sampson, Adrian",104.1,104.33333333333333,1694,131,7.7,25.6,113,43301.88977432163,3735.3,2022,26.672727786769045,1.244426581247673,473
641778,"Lauer, Eric",158.2,158.66666666666666,2676,223,8.3,25.6,113,68493.98976030317,3885.2,2022,26.672727786769045,1.244426581247673,473
664871,"Dowdy, Kyle",6.1,6.333333333333333,95,8,8.4,25.6,113,2428.000683342434,3450.3,2022,26.672727786769045,1.244426581247673,473
670280,"Bednar, David",51.2,51.666666666666664,850,64,7.5,25.6,113,21737.07799530156,3786.5,2022,26.672727786769045,1.244426581247673,473
571946,"Miller, Shelby",7.0,7.0,131,17,13.0,25.6,113,3348.006055092629,4304.6,2022,26.672727786769045,1.244426581247673,473
677651,"Garcia, Luis",157.1,157.33333333333334,2468,199,8.1,25.6,113,63111.78974413576,3610.2,2022,26.672727786769045,1.244426581247673,473
669923,"Kirby, George",130.0,130.0,2092,177,8.5,25.6,113,53545.15129407864,3707.0,2022,26.672727786769045,1.244426581247673,473
686613,"Brown, Hunter",20.1,20.333333333333332,309,22,7.1,25.7,112,7938.699710002724,3513.9,2022,26.672727786769045,1.244426581247673,473
543548,"Milone, Tommy",16.2,16.666666666666668,238,25,10.5,25.7,112,6114.0792671581385,3301.6,2022,26.672727786769045,1.244426581247673,473
665019,"Clemens, Kody",7.0,7.0,88,6,6.8,25.7,112,2258.922470191065,2904.3,2022,26.672727786769045,1.244426581247673,473
663989,"Vespi, Nick",26.1,26.333333333333332,450,34,7.6,25.7,112,11546.14810698009,3946.2,2022,26.672727786769045,1.244426581247673,473
688010,"Fisher, Nate",3.0,3.0,50,3,6.0,25.7,112,1285.2929596196332,3855.9,2022,26.672727786769045,1.244426581247673,473
605612,"Castro, Harold",4.0,4.0,50,3,6.0,25.6,112,1281.8670437020312,2884.2,2022,26.672727786769045,1.244426581247673,473
664353,"Urquidy, José",164.1,164.33333333333334,2640,235,8.9,25.7,112,67826.93706260985,3714.7,2022,26.672727786769045,1.244426581247673,473
642585,"Bautista, Félix",65.2,65.66666666666667,996,90,9.0,25.7,112,25575.246916403878,3505.2,2022,26.672727786769045,1.244426581247673,473
592866,"Williams, Trevor",89.2,89.66666666666667,1411,114,8.1,25.6,112,36179.99392699562,3631.4,2022,26.672727786769045,1.244426581247673,473
596001,"Junis, Jakob",112.0,112.0,1802,141,7.8,25.7,112,46261.57543701034,3717.4,2022,26.672727786769045,1.244426581247673,473
592346,"González, Chi Chi",23.0,23.0,376,30,8.0,25.7,112,9661.797119380082,3780.7,2022,26.672727786769045,1.244426581247673,473
663436,"Martin, Davis",63.1,63.333333333333336,1048,88,8.4,25.7,112,26918.666224484896,3825.3,2022,26.672727786769045,1.244426581247673,473
488984,"Hunter, Tommy",22.1,22.333333333333332,349,27,7.7,25.7,112,8970.874220658512,3615.1,2022,26.672727786769045,1.244426581247673,473
656629,"Kopech, Michael",119.1,119.33333333333333,2011,168,8.4,25.7,112,51587.5124677452,3890.7,2022,26.672727786769045,1.244426581247673,473
624418,"Castellani, Ryan",2.2,2.6666666666666665,45,4,8.9,25.7,112,1156.1862367234069,3902.1,2022,26.672727786769045,1.244426581247673,473
641154,"López, Pablo",180.0,180.0,2912,252,8.7,25.7,112,74710.92315865625,3735.5,2022,26.672727786769045,1.244426581247673,473
657424,"Gage, Matt",13.0,13.0,191,18,9.4,25.7,112,4911.378402225471,3400.2,2022,26.672727786769045,1.244426581247673,473
663903,"Singer, Brady",153.1,153.33333333333334,2376,202,8.5,25.8,111,61294.56536008575,3597.7,2022,26.672727786769045,1.244426581247673,473
643361,"Herget, Kevin",7.0,7.0,111,9,8.1,25.7,111,2856.8435025114904,3673.1,2022,26.672727786769045,1.244426581247673,473
521230,"Hendriks, Liam",57.2,57.666666666666664,949,78,8.2,25.8,111,24458.09640478486,3817.2,2022,26.672727786769045,1.244426581247673,473
642545,"Barria, Jaime",79.1,79.33333333333333,1123,112,10.0,25.8,111,28954.713273006422,3284.8,2022,26.672727786769045,1.244426581247673,473
657571,"Ferguson, Caleb",34.2,34.666666666666664,580,39,6.7,25.7,111,14926.818202187927,3875.2,2022,26.672727786769045,1.244426581247673,473
620454,"Castillo, José",1.0,1.0,16,1,6.2,25.8,111,412.4543418007834,3712.1,2022,26.672727786769045,1.244426581247673,473
570666,"Cessa, Luis",80.2,80.66666666666667,1235,119,9.6,25.8,111,31853.38295080309,3553.9,2022,26.672727786769045,1.244426581247673,473
502179,"Espino, Paolo",113.1,113.33333333333333,1873,170,9.1,25.8,111,48322.17040459952,3837.3,2022,26.672727786769045,1.244426581247673,473
608648,"Duffey, Tyler",44.0,44.0,742,48,6.5,25.8,111,19140.277912927635,3915.1,2022,26.672727786769045,1.244426581247673,473
621383,"Banks, Tanner",53.0,53.0,897,96,10.7,25.8,111,23113.82298166889,3925.0,2022,26.672727786769045,1.244426581247673,473
669276,"Lee, Dylan",50.2,50.666666666666664,758,76,10.0,25.8,111,19528.504625425034,3468.9,2022,26.672727786769045,1.244426581247673,473
662253,"Muñoz, Andrés",65.0,65.0,1032,101,9.8,25.8,111,26601.75475866101,3683.3,2022,26.672727786769045,1.244426581247673,473
680739,"Winder, Josh",67.0,67.0,1114,93,8.3,25.9,110,28818.933401760332,3871.2,2022,26.672727786769045,1.244426581247673,473
670426,"Diehl, Phillip",5.2,5.666666666666667,122,8,6.6,25.8,110,3148.162756236197,5000.0,2022,26.672727786769045,1.244426581247673,473
676637,"Sanders, Phoenix",14.2,14.666666666666666,215,28,13.0,25.8,110,5550.883628822155,3406.2,2022,26.672727786769045,1.244426581247673,473
676720,"Romero, Tommy",8.1,8.333333333333334,191,16,8.4,25.9,110,4942.153215235059,5337.5,2022,26.672727786769045,1.244426581247673,473
621244,"Berríos, José",172.0,172.0,2721,231,8.5,25.8,110,70303.71221671223,3678.7,2022,26.672727786769045,1.244426581247673,473
693821,"Elder, Bryce",54.0,54.0,877,72,8.2,25.9,110,22700.572232742717,3783.4,2022,26.672727786769045,1.244426581247673,473
592662,"Ray, Robbie",189.0,189.0,3047,293,9.6,25.8,110,78640.99382814195,3744.8,2022,26.672727786769045,1.244426581247673,473
518489,"Brasier, Ryan",62.1,62.333333333333336,989,95,9.6,25.8,110,25523.117330370926,3685.2,2022,26.672727786769045,1.244426581247673,473
592351,"Gray, Jon",127.1,127.33333333333333,2062,200,9.7,25.8,110,53276.53384612929,3765.6,2022,26.672727786769045,1.244426581247673,473
502043,"Gibson, Kyle",167.2,167.66666666666666,2739,236,8.6,25.8,110,70758.57210980423,3798.2,2022,26.672727786769045,1.244426581247673,473
592791,"Taillon, Jameson",177.1,177.33333333333334,2805,238,8.5,25.8,110,72380.23063398144,3673.4,2022,26.672727786769045,1.244426581247673,473
543243,"Gray, Sonny",119.2,119.66666666666667,1872,150,8.0,25.8,110,48325.37554076266,3634.5,2022,26.672727786769045,1.244426581247673,473
656302,"Cease, Dylan",184.0,184.0,3125,259,8.3,26.0,109,81097.67605542523,3966.7,2022,26.672727786769045,1.244426581247673,473
605135,"Bassitt, Chris",181.2,181.66666666666666,2886,240,8.3,25.9,109,74822.76033542625,3706.8,2022,26.672727786769045,1.244426581247673,473
456501,"Cueto, Johnny",158.1,158.33333333333334,2374,219,9.2,25.9,109,61526.15129898879,3497.3,2022,26.672727786769045,1.244426581247673,473
458681,"Lynn, Lance",121.2,121.66666666666667,2022,208,10.3,25.9,109,52462.151438584835,3880.8,2022,26.672727786769045,1.244426581247673,473
642232,"Yarbrough, Ryan",80.0,80.0,1355,107,7.9,26.0,109,35177.40304056778,3957.5,2022,26.672727786769045,1.244426581247673,473
489119,"Miley, Wade",37.0,37.0,566,55,9.7,26.0,109,14689.783764799458,3573.2,2022,26.672727786769045,1.244426581247673,473
611093,"Bracho, Silvino",4.1,4.333333333333333,65,7,10.8,25.9,109,1684.9348409111556,3499.5,2022,26.672727786769045,1.244426581247673,473
592741,"Shreve, Chasen",26.1,26.333333333333332,478,34,7.1,25.9,109,12374.576999949008,4229.3,2022,26.672727786769045,1.244426581247673,473
672710,"Contreras, Roansy",95.0,95.0,1591,154,9.7,26.0,109,41302.60691248153,3912.9,2022,26.672727786769045,1.244426581247673,473
643290,"Dunn, Justin",31.0,31.0,540,38,7.0,25.9,109,13978.490723320354,4058.3,2022,26.672727786769045,1.244426581247673,473
641627,"Gott, Trevor",45.2,45.666666666666664,761,63,8.3,25.9,109,19709.867637813266,3884.4,2022,26.672727786769045,1.244426581247673,473
621112,"Blackburn, Paul",111.1,111.33333333333333,1768,158,8.9,25.9,109,45878.82684469688,3708.8,2022,26.672727786769045,1.244426581247673,473
621381,"Strahm, Matt",44.2,44.666666666666664,768,77,10.0,25.9,109,19902.472793741494,4010.2,2022,26.672727786769045,1.244426581247673,473
594835,"Gonzales, Marco",183.0,183.0,2842,236,8.3,25.9,109,73635.6278274609,3621.4,2022,26.672727786769045,1.244426581247673,473
661309,"Martinez, Adrián",57.2,57.666666666666664,1017,78,7.7,26.0,109,26398.80041369646,4120.0,2022,26.672727786769045,1.244426581247673,473
622253,"Tate, Dillon",73.2,73.66666666666667,1085,83,7.6,25.9,109,28128.955472331163,3436.6,2022,26.672727786769045,1.244426581247673,473
450203,"Morton, Charlie",172.0,172.0,2903,229,7.9,26.0,109,75358.29871146225,3943.2,2022,26.672727786769045,1.244426581247673,473
656548,"Holloway, Jordan",2.2,2.6666666666666665,47,3,6.4,25.9,109,1219.4249198835616,4115.6,2022,26.672727786769045,1.244426581247673,473
657277,"Webb, Logan",192.1,192.33333333333334,3006,261,8.7,25.9,109,77853.38935570698,3643.1,2022,26.672727786769045,1.244426581247673,473
682051,"Hill, Garrett",60.1,60.333333333333336,1019,65,6.4,26.0,109,26460.74970516716,3947.2,2022,26.672727786769045,1.244426581247673,473
605156,"Brooks, Aaron",9.1,9.333333333333334,154,17,11.0,26.0,108,4000.4010393696385,3857.5,2022,26.672727786769045,1.244426581247673,473
425794,"Wainwright, Adam",191.2,191.66666666666666,3135,282,9.0,26.0,108,81515.50417875088,3827.7,2022,26.672727786769045,1.244426581247673,473
665795,"Cabrera, Edward",71.2,71.66666666666667,1215,87,7.2,26.0,108,31650.72270080649,3974.7,2022,26.672727786769045,1.244426581247673,473
592836,"Walker, Taijuan",157.1,157.33333333333334,2504,228,9.1,26.0,108,65063.709957668754,3721.9,2022,26.672727786769045,1.244426581247673,473
664948,"Misiewicz, Anthony",29.0,29.0,473,32,6.8,26.0,108,12292.044816928377,3814.8,2022,26.672727786769045,1.244426581247673,473
543135,"Eovaldi, Nathan",109.1,109.33333333333333,1739,174,10.0,26.0,108,45186.954851435476,3719.7,2022,26.672727786769045,1.244426581247673,473
657093,"Watkins, Spenser",105.1,105.33333333333333,1642,143,8.7,26.0,108,42722.7462642728,3650.4,2022,26.672727786769045,1.244426581247673,473
592761,"Smith, Caleb",70.0,70.0,1236,102,8.3,26.0,108,32194.93250180533,4139.3,2022,26.672727786769045,1.244426581247673,473
643511,"Rogers, Tyler",75.2,75.66666666666667,1166,97,8.3,26.0,108,30355.430761772248,3610.6,2022,26.672727786769045,1.244426581247673,473
650339,"Palacios, Jermaine",0.2,0.6666666666666666,8,0,0.0,26.0,108,208.1271866744998,2809.7,2022,26.672727786769045,1.244426581247673,473
571446,"Appel, Mark",10.1,10.333333333333334,149,11,7.4,26.0,108,3879.799716996857,3379.2,2022,26.672727786769045,1.244426581247673,473
596112,"Stephenson, Robert",58.0,58.0,915,98,10.7,26.0,108,23762.736395193282,3687.3,2022,26.672727786769045,1.244426581247673,473
608566,"Márquez, Germán",181.2,181.66666666666666,2839,260,9.2,26.0,108,73939.94980077256,3663.1,2022,26.672727786769045,1.244426581247673,473
663423,"Thornton, Trent",46.0,46.0,664,55,8.3,26.0,108,17253.195850181302,3375.6,2022,26.672727786769045,1.244426581247673,473
643338,"Green, Chad",15.0,15.0,241,25,10.4,26.1,107,6284.396538432828,3770.6,2022,26.672727786769045,1.244426581247673,473
596295,"Gomber, Austin",124.2,124.66666666666667,2063,198,9.6,26.1,107,53848.643628756174,3887.5,2022,26.672727786769045,1.244426581247673,473
623465,"Phillips, Evan",63.0,63.0,927,90,9.7,26.1,107,24175.795624555427,3453.7,2022,26.672727786769045,1.244426581247673,473
621389,"Blach, Ty",44.1,44.333333333333336,680,65,9.6,26.1,107,17736.334654011895,3600.6,2022,26.672727786769045,1.244426581247673,473
623474,"Herget, Jimmy",69.0,69.0,1008,110,10.9,26.1,107,26301.282194145853,3430.6,2022,26.672727786769045,1.244426581247673,473
605182,"Clevinger, Mike",114.1,114.33333333333333,1931,179,9.3,26.1,107,50320.97158652181,3961.1,2022,26.672727786769045,1.244426581247673,473
666200,"Luzardo, Jesús",100.1,100.33333333333333,1644,150,9.1,26.1,107,42902.37157180033,3848.4,2022,26.672727786769045,1.244426581247673,473
640455,"Manaea, Sean",158.0,158.0,2486,254,10.2,26.1,107,64925.662017975876,3698.3,2022,26.672727786769045,1.244426581247673,473
641835,"Mayza, Tim",48.2,48.666666666666664,739,72,9.7,26.1,107,19277.320914356824,3565.0,2022,26.672727786769045,1.244426581247673,473
471911,"Carrasco, Carlos",152.0,152.0,2420,241,10.0,26.2,106,63304.58645070598,3748.3,2022,26.672727786769045,1.244426581247673,473
606149,"Gallegos, Giovanny",59.0,59.0,990,106,10.7,26.2,106,25942.353407388026,3957.3,2022,26.672727786769045,1.244426581247673,473
615698,"Quantrill, Cal",186.1,186.33333333333334,2920,288,9.9,26.2,106,76427.73285992251,3691.5,2022,26.672727786769045,1.244426581247673,473
665001,"Kelley, Trevor",23.2,23.666666666666668,460,45,9.8,26.2,106,12032.010540780528,4575.6,2022,26.672727786769045,1.244426581247673,473
665645,"Castro, Kervin",12.1,12.333333333333334,239,20,8.4,26.2,106,6250.091742381968,4560.9,2022,26.672727786769045,1.244426581247673,473
606160,"Montero, Rafael",68.1,68.33333333333333,1096,110,10.0,26.1,106,28645.323893990273,3772.8,2022,26.672727786769045,1.244426581247673,473
527048,"Pérez, Martín",196.1,196.33333333333334,2979,262,8.8,26.2,106,78074.89661112236,3579.0,2022,26.672727786769045,1.244426581247673,473
665871,"Assad, Javier",37.2,37.666666666666664,690,52,7.5,26.2,106,18075.560949663584,4318.9,2022,26.672727786769045,1.244426581247673,473
666721,"Castillo, Max",39.1,39.333333333333336,697,64,9.2,26.2,106,18268.388015144563,4180.1,2022,26.672727786769045,1.244426581247673,473
573009,"Mantiply, Joe",60.0,60.0,861,90,10.5,26.1,106,22503.625116333762,3375.5,2022,26.672727786769045,1.244426581247673,473
667465,"Fletcher, Aaron",11.2,11.666666666666666,173,15,8.7,26.2,106,4526.742199794896,3492.1,2022,26.672727786769045,1.244426581247673,473
689225,"Brieske, Beau",81.2,81.66666666666667,1287,117,9.1,26.2,106,33698.19495745267,3713.7,2022,26.672727786769045,1.244426581247673,473
519043,"Moore, Matt",74.0,74.0,1256,118,9.4,26.2,106,32885.000152074776,3999.5,2022,26.672727786769045,1.244426581247673,473
656457,"Gilbert, Tyler",34.1,34.333333333333336,568,54,9.5,26.1,106,14850.027911865081,3892.7,2022,26.672727786769045,1.244426581247673,473
573668,"Minaya, Juan",9.2,9.666666666666666,174,10,5.7,26.2,106,4561.604317693546,4247.0,2022,26.672727786769045,1.244426581247673,473
641501,"Danish, Tyler",40.1,40.333333333333336,664,48,7.2,26.2,106,17385.637830504715,3879.4,2022,26.672727786769045,1.244426581247673,473
663773,"Hoeing, Bryan",12.2,12.666666666666666,267,23,8.6,26.2,106,6991.537342023286,4967.7,2022,26.672727786769045,1.244426581247673,473
543606,"Odorizzi, Jake",106.1,106.33333333333333,1799,165,9.2,26.2,106,47111.340004942154,3987.5,2022,26.672727786769045,1.244426581247673,473
608379,"Wacha, Michael",127.1,127.33333333333333,1949,181,9.3,26.2,106,51072.03032357647,3609.8,2022,26.672727786769045,1.244426581247673,473
592789,"Syndergaard, Noah",134.2,134.66666666666666,2026,201,9.9,26.3,105,53245.40177572266,3558.5,2022,26.672727786769045,1.244426581247673,473
669854,"Blanco, Ronel",6.1,6.333333333333333,120,7,5.8,26.3,105,3154.6857259205203,4483.0,2022,26.672727786769045,1.244426581247673,473
573124,"Rogers, Taylor",64.1,64.33333333333333,1093,97,8.9,26.2,105,28670.808065814184,4010.9,2022,26.672727786769045,1.244426581247673,473
670036,"Festa, Matt",54.0,54.0,897,81,9.0,26.3,105,23553.47772134291,3925.6,2022,26.672727786769045,1.244426581247673,473
608337,"Giolito, Lucas",161.2,161.66666666666666,2757,236,8.6,26.2,105,72357.40916093496,4028.1,2022,26.672727786769045,1.244426581247673,473
665625,"Peguero, Elvis",17.1,17.333333333333332,308,27,8.8,26.3,105,8092.346224410005,4201.8,2022,26.672727786769045,1.244426581247673,473
542888,"Armstrong, Shawn",61.2,61.666666666666664,1055,101,9.6,26.3,105,27713.539071249317,4044.7,2022,26.672727786769045,1.244426581247673,473
608331,"Fried, Max",185.1,185.33333333333334,2823,256,9.1,26.3,105,74159.08166331999,3601.3,2022,26.672727786769045,1.244426581247673,473
676206,"Tarnok, Freddy",0.2,0.6666666666666666,10,0,0.0,26.3,105,262.6486423259657,3545.8,2022,26.672727786769045,1.244426581247673,473
502042,"Archer, Chris",102.2,102.66666666666667,1787,179,10.0,26.3,105,46959.196548371576,4116.6,2022,26.672727786769045,1.244426581247673,473
621248,"Garza Jr., Ralph",35.0,35.0,520,47,9.0,26.3,105,13659.298231039596,3512.4,2022,26.672727786769045,1.244426581247673,473
543521,"McHugh, Collin",69.1,69.33333333333333,1090,110,10.1,26.2,105,28603.266900055885,3712.9,2022,26.672727786769045,1.244426581247673,473
663432,"Rainey, Tanner",30.0,30.0,521,49,9.4,26.3,105,13683.697266028625,4105.1,2022,26.672727786769045,1.244426581247673,473
664875,"Lawrence, Justin",42.2,42.666666666666664,763,60,7.9,26.2,105,20025.726242209592,4224.2,2022,26.672727786769045,1.244426581247673,473
663738,"Lynch IV, Daniel",131.2,131.66666666666666,2443,214,8.8,26.2,105,64101.32107371976,4381.6,2022,26.672727786769045,1.244426581247673,473
674072,"Henry, Tommy",47.0,47.0,774,71,9.2,26.3,105,20322.04198924409,3891.5,2022,26.672727786769045,1.244426581247673,473
660853,"De Los Santos, Enyel",53.1,53.333333333333336,849,99,11.7,26.3,105,22289.768657170225,3761.4,2022,26.672727786769045,1.244426581247673,473
668881,"Greene, Hunter",125.2,125.66666666666667,2200,212,9.6,26.2,105,57701.33071243905,4132.5,2022,26.672727786769045,1.244426581247673,473
608678,"Leone, Dominic",49.1,49.333333333333336,844,92,10.9,26.2,105,22145.502970934875,4040.1,2022,26.672727786769045,1.244426581247673,473
661527,"Martinez, Seth",38.2,38.666666666666664,596,49,8.2,26.2,105,15643.389421708858,3641.1,2022,26.672727786769045,1.244426581247673,473
594577,"Mayers, Mike",50.2,50.666666666666664,890,77,8.7,26.3,105,23397.37061856855,4156.1,2022,26.672727786769045,1.244426581247673,473
595345,"Okert, Steven",51.1,51.333333333333336,976,87,8.9,26.3,105,25665.70049600243,4499.8,2022,26.672727786769045,1.244426581247673,473
476595,"Luetge, Lucas",57.1,57.333333333333336,975,71,7.3,26.4,104,25708.39441227349,4035.6,2022,26.672727786769045,1.244426581247673,473
642028,"Rogers, Josh",26.1,26.333333333333332,419,43,10.3,26.3,104,11024.48487528503,3767.9,2022,26.672727786769045,1.244426581247673,473
547943,"Ryu, Hyun Jin",27.0,27.0,395,43,10.9,26.3,104,10407.07306642673,3469.0,2022,26.672727786769045,1.244426581247673,473
656271,"Burke, Brock",82.1,82.33333333333333,1334,116,8.7,26.4,104,35162.11304520105,3843.6,2022,26.672727786769045,1.244426581247673,473
663465,"Allard, Kolby",21.0,21.0,303,27,8.9,26.3,104,7978.600019439349,3419.4,2022,26.672727786769045,1.244426581247673,473
502171,"Cobb, Alex",149.2,149.66666666666666,2418,227,9.4,26.3,104,63633.77466191113,3826.5,2022,26.672727786769045,1.244426581247673,473
493603,"Ottavino, Adam",65.2,65.66666666666667,1064,117,11.0,26.4,104,28047.358967032796,3844.1,2022,26.672727786769045,1.244426581247673,473
446321,"Detwiler, Ross",26.1,26.333333333333332,479,54,11.3,26.3,104,12617.223544811222,4312.2,2022,26.672727786769045,1.244426581247673,473
621051,"Wilson, Steven",53.0,53.0,874,91,10.4,26.3,104,23018.01971046742,3908.7,2022,26.672727786769045,1.244426581247673,473
660787,"De los Santos, Yerry",25.2,25.666666666666668,451,44,9.8,26.3,104,11877.432260706952,4164.8,2022,26.672727786769045,1.244426581247673,473
644374,"Chang, Yu",2.0,2.0,26,2,7.7,26.3,104,684.0984300711541,3078.4,2022,26.672727786769045,1.244426581247673,473
641816,"Mahle, Tyler",120.2,120.66666666666667,2101,179,8.5,26.3,104,55274.959950637436,4122.7,2022,26.672727786769045,1.244426581247673,473
605154,"Brebbia, John",68.0,68.0,1099,117,10.6,26.3,104,28926.680666118304,3828.5,2022,26.672727786769045,1.244426581247673,473
656234,"Bird, Jake",47.2,47.666666666666664,755,74,9.8,26.4,104,19909.098937326948,3759.1,2022,26.672727786769045,1.244426581247673,473
622268,"Walton, Donovan",1.0,1.0,21,0,0.0,26.3,104,552.3668766567041,4971.3,2022,26.672727786769045,1.244426581247673,473
664123,"Effross, Scott",56.2,56.666666666666664,827,80,9.7,26.3,104,21766.92143968169,3457.1,2022,26.672727786769045,1.244426581247673,473
664161,"Swarmer, Matt",34.0,34.0,658,57,8.7,26.4,104,17346.625710620363,4591.8,2022,26.672727786769045,1.244426581247673,473
656657,"Logue, Zach",57.0,57.0,1022,73,7.1,26.4,103,26988.132207856524,4261.3,2022,26.672727786769045,1.244426581247673,473
663776,"Sandoval, Patrick",148.2,148.66666666666666,2456,225,9.2,26.4,103,64926.66342540867,3930.5,2022,26.672727786769045,1.244426581247673,473
666157,"Lodolo, Nick",103.1,103.33333333333333,1779,174,9.8,26.5,103,47067.95231615093,4099.5,2022,26.672727786769045,1.244426581247673,473
663765,"Woodford, Jake",48.1,48.333333333333336,701,63,9.0,26.4,103,18507.541808162594,3446.2,2022,26.672727786769045,1.244426581247673,473
664076,"Cleavinger, Garrett",23.0,23.0,347,39,11.2,26.4,103,9170.613839047628,3588.5,2022,26.672727786769045,1.244426581247673,473
624522,"Thompson, Keegan",115.0,115.0,1878,197,10.5,26.5,103,49685.33187966647,3888.4,2022,26.672727786769045,1.244426581247673,473
664285,"Valdez, Framber",201.1,201.33333333333334,3018,291,9.6,26.4,103,79700.56863708199,3562.8,2022,26.672727786769045,1.244426581247673,473
571578,"Corbin, Patrick",152.2,152.66666666666666,2627,270,10.3,26.4,103,69339.53116879184,4087.7,2022,26.672727786769045,1.244426581247673,473
642770,"Guerra, Javy",18.0,18.0,338,30,8.9,26.4,103,8939.644454973426,4469.8,2022,26.672727786769045,1.244426581247673,473
622503,"Crismatt, Nabil",67.1,67.33333333333333,1064,110,10.3,26.4,103,28128.65571364234,3759.8,2022,26.672727786769045,1.244426581247673,473
623167,"Flexen, Chris",137.2,137.66666666666666,2212,178,8.0,26.4,103,58426.70931774302,3819.7,2022,26.672727786769045,1.244426581247673,473
672335,"Pérez, Cionel",57.2,57.666666666666664,905,115,12.7,26.5,103,23943.956039708384,3736.9,2022,26.672727786769045,1.244426581247673,473
672282,"Detmers, Reid",129.0,129.0,2185,220,10.1,26.4,103,57670.703703949504,4023.5,2022,26.672727786769045,1.244426581247673,473
670970,"Morejon, Adrian",34.0,34.0,544,61,11.2,26.4,103,14380.136039787925,3806.5,2022,26.672727786769045,1.244426581247673,473
607259,"Martinez, Nick",106.1,106.33333333333333,1720,174,10.1,26.5,103,45513.104450984414,3852.2,2022,26.672727786769045,1.244426581247673,473
675921,"Howard, Spencer",37.2,37.666666666666664,693,72,10.4,26.4,103,18287.552307701586,4369.6,2022,26.672727786769045,1.244426581247673,473
605447,"Romano, Jordan",64.0,64.0,1005,95,9.5,26.4,103,26520.222325767103,3729.4,2022,26.672727786769045,1.244426581247673,473
453178,"Kennedy, Ian",50.1,50.333333333333336,877,89,10.1,26.4,103,23169.34156767502,4142.9,2022,26.672727786769045,1.244426581247673,473
670174,"Winckowski, Josh",70.1,70.33333333333333,1197,119,9.9,26.4,103,31652.42775389559,4050.3,2022,26.672727786769045,1.244426581247673,473
553902,"Astudillo, Willians",2.0,2.0,23,1,4.3,26.5,102,610.4549047500905,2747.0,2022,26.672727786769045,1.244426581247673,473
680686,"Gray, Josiah",148.2,148.66666666666666,2599,238,9.2,26.5,102,68903.26778241742,4171.3,2022,26.672727786769045,1.244426581247673,473
642758,"Acevedo, Domingo",67.2,67.66666666666667,1021,100,9.8,26.5,102,27091.59705076469,3603.3,2022,26.672727786769045,1.244426581247673,473
666159,"Manning, Matt",63.0,63.0,990,117,11.8,26.5,102,26225.747624849562,3746.5,2022,26.672727786769045,1.244426581247673,473
593140,"Feliz, Michael",3.1,3.3333333333333335,61,4,6.6,26.5,102,1618.1111941174406,4368.9,2022,26.672727786769045,1.244426581247673,473
622098,"Smith, Drew",46.0,46.0,780,79,10.1,26.5,102,20660.065848937385,4042.2,2022,26.672727786769045,1.244426581247673,473
650644,"Civale, Aaron",97.0,97.0,1592,192,12.1,26.5,102,42205.045264307766,3915.9,2022,26.672727786769045,1.244426581247673,473
596043,"Mengden, Daniel",7.0,7.0,119,15,12.6,26.5,102,3155.808621929812,4057.5,2022,26.672727786769045,1.244426581247673,473
668948,"McCarty, Kirk",37.2,37.666666666666664,578,63,10.9,26.5,102,15306.331617854867,3657.3,2022,26.672727786769045,1.244426581247673,473
669022,"Gore, MacKenzie",70.0,70.0,1258,118,9.4,26.5,102,33298.053047290225,4281.2,2022,26.672727786769045,1.244426581247673,473
670768,"González, Luis",6.1,6.333333333333333,86,7,8.1,26.5,102,2279.133238289892,3238.8,2022,26.672727786769045,1.244426581247673,473
543238,"Gose, Anthony",21.0,21.0,393,39,9.9,26.5,102,10428.297133690032,4469.3,2022,26.672727786769045,1.244426581247673,473
641401,"Brogdon, Connor",44.0,44.0,710,66,9.3,26.6,101,18876.131343311903,3861.0,2022,26.672727786769045,1.244426581247673,473
592826,"Velasquez, Vince",75.1,75.33333333333333,1286,139,10.8,26.6,101,34228.718794081426,4089.3,2022,26.672727786769045,1.244426581247673,473
472610,"García, Luis",61.0,61.0,966,95,9.8,26.6,101,25680.019205141227,3788.9,2022,26.672727786769045,1.244426581247673,473
596057,"Norris, Daniel",58.2,58.666666666666664,1012,102,10.1,26.6,101,26903.337674491195,4127.2,2022,26.672727786769045,1.244426581247673,473
663378,"Szapucki, Thomas",15.0,15.0,291,30,10.3,26.6,101,7726.91579902977,4636.1,2022,26.672727786769045,1.244426581247673,473
657508,"Baumann, Mike",34.1,34.333333333333336,580,50,8.6,26.6,101,15421.266885062392,4042.5,2022,26.672727786769045,1.244426581247673,473
605130,"Barlow, Scott",74.1,74.33333333333333,1200,130,10.8,26.6,101,31862.996750229973,3857.9,2022,26.672727786769045,1.244426581247673,473
663158,"Suarez, Robert",47.2,47.666666666666664,801,82,10.2,26.6,101,21282.89656692188,4018.4,2022,26.672727786769045,1.244426581247673,473
643410,"Leiter Jr., Mark",67.2,67.66666666666667,1094,111,10.1,26.6,101,29134.29286067686,3875.0,2022,26.672727786769045,1.244426581247673,473
686973,"Varland, Louis",26.0,26.0,415,45,10.8,26.6,101,11043.562509849711,3822.8,2022,26.672727786769045,1.244426581247673,473
425844,"Greinke, Zack",137.0,137.0,2272,236,10.4,26.6,101,60454.33350410155,3971.5,2022,26.672727786769045,1.244426581247673,473
656794,"Newcomb, Sean",27.2,27.666666666666668,552,53,9.6,26.6,101,14669.686800245823,4772.1,2022,26.672727786769045,1.244426581247673,473
622786,"Tinoco, Jesus",20.2,20.666666666666668,350,44,12.6,26.6,101,9315.553129014288,4056.8,2022,26.672727786769045,1.244426581247673,473
660730,"Rodríguez, Elvin",29.2,29.666666666666668,538,45,8.4,26.6,101,14294.846075715344,4336.6,2022,26.672727786769045,1.244426581247673,473
570257,"Rodríguez, Joely",50.1,50.333333333333336,846,96,11.3,26.6,101,22507.80807105786,4024.6,2022,26.672727786769045,1.244426581247673,473
503285,"O'Day, Darren",21.2,21.666666666666668,390,46,11.8,26.6,101,10355.76639396272,4301.6,2022,26.672727786769045,1.244426581247673,473
554340,"García, Yimi",61.0,61.0,1051,111,10.6,26.6,101,27965.19270088671,4126.0,2022,26.672727786769045,1.244426581247673,473
669674,"Long, Sam",42.1,42.333333333333336,740,81,10.9,26.6,101,19689.402303252704,4185.9,2022,26.672727786769045,1.244426581247673,473
641540,"Dunning, Dane",153.1,153.33333333333334,2548,260,10.2,26.6,101,67839.09420720539,3981.9,2022,26.672727786769045,1.244426581247673,473
676050,"Naughton, Packy",32.0,32.0,566,55,9.7,26.7,100,15096.722638393556,4246.0,2022,26.672727786769045,1.244426581247673,473
678692,"Henriquez, Ronny",11.2,11.666666666666666,181,25,13.8,26.7,100,4829.911488099092,3725.9,2022,26.672727786769045,1.244426581247673,473
675912,"Lowther, Zac",5.1,5.333333333333333,100,10,10.0,26.7,100,2667.380462268356,4501.2,2022,26.672727786769045,1.244426581247673,473
601713,"Pivetta, Nick",179.2,179.66666666666666,3082,319,10.4,26.6,100,82089.34139625964,4112.1,2022,26.672727786769045,1.244426581247673,473
544931,"Strasburg, Stephen",4.2,4.666666666666667,83,6,7.2,26.6,100,2211.5205299315103,4265.1,2022,26.672727786769045,1.244426581247673,473
605507,"Thompson, Zach",121.2,121.66666666666667,2080,214,10.3,26.7,100,55502.27896303843,4105.6,2022,26.672727786769045,1.244426581247673,473
642203,"Widener, Taylor",17.1,17.333333333333332,333,34,10.2,26.7,100,8893.83134184537,4618.0,2022,26.672727786769045,1.244426581247673,473
676714,"Hughes, Brandon",57.2,57.666666666666664,982,98,10.0,26.7,100,26191.103497080447,4087.6,2022,26.672727786769045,1.244426581247673,473
605200,"Davies, Zach",134.1,134.33333333333334,2292,219,9.6,26.7,100,61117.921565184864,4094.7,2022,26.672727786769045,1.244426581247673,473
598287,"Ramirez, Noé",50.0,50.0,845,77,9.1,26.6,100,22512.112676819263,4052.2,2022,26.672727786769045,1.244426581247673,473
666142,"Ragans, Cole",40.0,40.0,706,56,7.9,26.7,100,18849.949468638428,4241.2,2022,26.672727786769045,1.244426581247673,473
621076,"Kaprielian, James",134.0,134.0,2230,234,10.5,26.6,100,59427.8825748929,3991.4,2022,26.672727786769045,1.244426581247673,473
669424,"Lambert, Jimmy",47.0,47.0,818,93,11.4,26.7,100,21815.77545109729,4177.5,2022,26.672727786769045,1.244426581247673,473
660813,"Graterol, Brusdar",49.2,49.666666666666664,679,86,12.7,26.8,99,18172.386109370047,3293.0,2022,26.672727786769045,1.244426581247673,473
518516,"Bumgarner, Madison",158.2,158.66666666666666,2715,305,11.2,26.7,99,72585.45531860359,4117.2,2022,26.672727786769045,1.244426581247673,473
518553,"Cishek, Steve",66.1,66.33333333333333,1179,118,10.0,26.7,99,31506.799298431502,4274.8,2022,26.672727786769045,1.244426581247673,473
572008,"Owings, Chris",1.0,1.0,10,1,10.0,26.8,99,267.6339094385182,2408.7,2022,26.672727786769045,1.244426581247673,473
593423,"Montas, Frankie",144.1,144.33333333333334,2336,272,11.6,26.8,99,62581.66828743688,3902.3,2022,26.672727786769045,1.244426581247673,473
621121,"McCullers Jr., Lance",47.2,47.666666666666664,759,84,11.1,26.7,99,20285.06991416559,3830.0,2022,26.672727786769045,1.244426581247673,473
625643,"López, Reynaldo",65.1,65.33333333333333,989,121,12.2,26.7,99,26438.2523657282,3642.0,2022,26.672727786769045,1.244426581247673,473
656232,"Bielak, Brandon",12.1,12.333333333333334,226,24,10.6,26.8,99,6050.456604174554,4415.2,2022,26.672727786769045,1.244426581247673,473
547179,"Lorenzen, Michael",97.2,97.66666666666667,1654,177,10.7,26.8,99,44311.989591686746,4083.4,2022,26.672727786769045,1.244426581247673,473
605280,"Holmes, Clay",63.2,63.666666666666664,986,93,9.4,26.7,99,26360.353487898057,3726.3,2022,26.672727786769045,1.244426581247673,473
664141,"Brubaker, JT",144.0,144.0,2381,276,11.6,26.8,99,63702.116777715004,3981.4,2022,26.672727786769045,1.244426581247673,473
669459,"Nelson, Kyle",37.0,37.0,593,56,9.4,26.7,99,15845.720766874201,3854.4,2022,26.672727786769045,1.244426581247673,473
608723,"Voth, Austin",101.2,101.66666666666667,1762,171,9.7,26.7,99,47118.871132039974,4171.2,2022,26.672727786769045,1.244426581247673,473
664849,"Young, Danny",6.1,6.333333333333333,126,11,8.7,26.7,99,3367.070823028301,4784.8,2022,26.672727786769045,1.244426581247673,473
643256,"Cimber, Adam",70.2,70.66666666666667,1048,124,11.8,26.8,98,28119.745517364714,3581.3,2022,26.672727786769045,1.244426581247673,473
607192,"Glasnow, Tyler",6.2,6.666666666666667,114,14,12.3,26.8,98,3058.7217758454376,4129.3,2022,26.672727786769045,1.244426581247673,473
606930,"Barnes, Jacob",22.1,22.333333333333332,361,51,14.1,26.8,98,9678.339734065275,3900.2,2022,26.672727786769045,1.244426581247673,473
606115,"Arcia, Orlando",1.0,1.0,10,1,10.0,26.9,98,268.7680823881898,2418.9,2022,26.672727786769045,1.244426581247673,473
621295,"Wittgren, Nick",29.0,29.0,481,45,9.4,26.8,98,12903.02076628929,4004.4,2022,26.672727786769045,1.244426581247673,473
686610,"Waldichuk, Ken",34.2,34.666666666666664,586,69,11.8,26.9,98,15740.553179953422,4086.5,2022,26.672727786769045,1.244426581247673,473
666808,"Doval, Camilo",67.2,67.66666666666667,1129,120,10.6,26.9,98,30316.96160676299,4032.3,2022,26.672727786769045,1.244426581247673,473
670912,"Oviedo, Johan",56.0,56.0,980,107,10.9,26.8,98,26302.17311079877,4227.1,2022,26.672727786769045,1.244426581247673,473
671345,"Foley, Jason",60.1,60.333333333333336,961,110,11.4,26.8,98,25754.320791939466,3841.8,2022,26.672727786769045,1.244426581247673,473
593958,"Rodriguez, Eduardo",91.0,91.0,1469,171,11.6,26.8,98,39385.27466520612,3895.2,2022,26.672727786769045,1.244426581247673,473
501985,"Minor, Mike",98.0,98.0,1766,157,8.9,26.8,98,47349.45583093044,4348.4,2022,26.672727786769045,1.244426581247673,473
502085,"Robertson, David",63.2,63.666666666666664,1064,123,11.6,26.8,98,28556.578185025854,4036.8,2022,26.672727786769045,1.244426581247673,473
600921,"Machado, Andrés",59.1,59.333333333333336,997,103,10.3,26.8,98,26728.494042563176,4054.3,2022,26.672727786769045,1.244426581247673,473
500779,"Quintana, Jose",165.2,165.66666666666666,2728,284,10.4,26.8,98,73198.08469027457,3976.6,2022,26.672727786769045,1.244426581247673,473
621111,"Buehler, Walker",65.0,65.0,1046,114,10.9,26.8,98,28042.173707491333,3882.8,2022,26.672727786769045,1.244426581247673,473
669270,"Kuhnel, Joel",58.0,58.0,938,117,12.5,27.0,97,25281.53276063093,3923.0,2022,26.672727786769045,1.244426581247673,473
543475,"Lyles, Jordan",179.0,179.0,2988,334,11.2,27.0,97,80536.19723978668,4049.3,2022,26.672727786769045,1.244426581247673,473
605177,"Chafin, Andrew",57.1,57.333333333333336,899,95,10.6,27.0,97,24236.289952625128,3804.5,2022,26.672727786769045,1.244426581247673,473
453268,"Bard, Daniel",60.1,60.333333333333336,957,114,11.9,26.9,97,25747.23143972428,3840.7,2022,26.672727786769045,1.244426581247673,473
656529,"Hentges, Sam",62.0,62.0,948,109,11.5,26.9,97,25537.193383879887,3707.0,2022,26.672727786769045,1.244426581247673,473
647315,"Pop, Zach",39.0,39.0,536,54,10.1,26.9,97,14437.991363132962,3331.8,2022,26.672727786769045,1.244426581247673,473
453343,"Melancon, Mark",56.0,56.0,894,85,9.5,26.9,97,24092.059248938443,3871.9,2022,26.672727786769045,1.244426581247673,473
675540,"Curry, Xzavion",9.1,9.333333333333334,165,15,9.1,26.9,97,4444.44015019913,4285.7,2022,26.672727786769045,1.244426581247673,473
670167,"Schreiber, John",65.0,65.0,1020,123,12.1,27.0,97,27497.638575562367,3807.4,2022,26.672727786769045,1.244426581247673,473
607536,"Freeland, Kyle",174.2,174.66666666666666,2839,300,10.6,26.9,97,76481.74972223464,3940.9,2022,26.672727786769045,1.244426581247673,473
666168,"Thompson, Mason",24.2,24.666666666666668,368,39,10.6,26.9,97,9903.47157365149,3613.4,2022,26.672727786769045,1.244426581247673,473
621348,"Clay, Sam",5.1,5.333333333333333,100,12,12.0,27.0,97,2696.0907051869863,4549.7,2022,26.672727786769045,1.244426581247673,473
656222,"Beeks, Jalen",61.0,61.0,999,117,11.7,26.9,97,26916.991111419866,3971.4,2022,26.672727786769045,1.244426581247673,473
663372,"Feltner, Ryan",97.1,97.33333333333333,1675,189,11.3,26.9,97,45107.7394721953,4170.9,2022,26.672727786769045,1.244426581247673,473
668933,"Ashcraft, Graham",105.0,105.0,1760,189,10.7,26.9,97,47418.779022935996,4064.5,2022,26.672727786769045,1.244426581247673,473
571710,"Givens, Mychal",61.1,61.333333333333336,1035,126,12.2,26.9,97,27863.26091166824,4088.6,2022,26.672727786769045,1.244426581247673,473
676879,"Ashby, Aaron",107.1,107.33333333333333,1878,196,10.4,27.0,97,50619.24058936697,4244.5,2022,26.672727786769045,1.244426581247673,473
657265,"Strzelecki, Peter",35.0,35.0,613,58,9.5,26.9,97,16515.146377408866,4246.8,2022,26.672727786769045,1.244426581247673,473
657248,"Otto Jr., Glenn",135.2,135.66666666666666,2229,218,9.8,26.9,97,60038.68329404319,3982.9,2022,26.672727786769045,1.244426581247673,473
663753,"Knehr, Reiss",13.2,13.666666666666666,242,23,9.5,26.9,97,6518.708592222253,4292.8,2022,26.672727786769045,1.244426581247673,473
593643,"Alberto, Hanser",11.0,11.0,152,14,9.2,26.9,97,4089.079531926881,3345.6,2022,26.672727786769045,1.244426581247673,473
657044,"Thompson, Ryan",42.2,42.666666666666664,687,84,12.2,27.0,96,18559.35046975742,3914.9,2022,26.672727786769045,1.244426581247673,473
682847,"Ortiz, Luis",16.0,16.0,275,35,12.7,27.0,96,7415.308789342222,4171.1,2022,26.672727786769045,1.244426581247673,473
518585,"Cruz, Fernando",14.2,14.666666666666666,260,26,10.0,27.0,96,7023.705403172153,4310.0,2022,26.672727786769045,1.244426581247673,473
572955,"Johnson, Pierce",14.1,14.333333333333334,280,37,13.2,27.0,96,7570.7945227724995,4753.8,2022,26.672727786769045,1.244426581247673,473
686752,"Pepiot, Ryan",36.1,36.333333333333336,737,73,9.9,27.0,96,19872.949947686287,4922.7,2022,26.672727786769045,1.244426581247673,473
621368,"Hearn, Taylor",100.0,100.0,1787,207,11.6,27.0,96,48280.394697806696,4345.2,2022,26.672727786769045,1.244426581247673,473
663485,"Sands, Cole",30.2,30.666666666666668,603,58,9.6,27.0,96,16283.932593353766,4779.0,2022,26.672727786769045,1.244426581247673,473
606303,"Payamps, Joel",55.2,55.666666666666664,960,113,11.8,27.0,96,25951.068668068125,4195.7,2022,26.672727786769045,1.244426581247673,473
606424,"García, Jarlín",65.0,65.0,1019,127,12.5,27.0,96,27494.576308002554,3806.9,2022,26.672727786769045,1.244426581247673,473
643400,"Knight, Dusten",11.0,11.0,196,26,13.3,27.0,96,5298.105166690634,4334.8,2022,26.672727786769045,1.244426581247673,473
592717,"Sanchez, Aaron",60.0,60.0,1008,119,11.8,27.0,96,27256.365250589595,4088.5,2022,26.672727786769045,1.244426581247673,473
681810,"Warren, Austin",16.0,16.0,274,36,13.1,27.0,96,7405.292219664169,4165.5,2022,26.672727786769045,1.244426581247673,473
669622,"Bender, Anthony",19.1,19.333333333333332,274,35,12.8,27.0,96,7396.554594324628,3443.2,2022,26.672727786769045,1.244426581247673,473
676265,"Abbott, Cory",48.0,48.0,845,90,10.7,27.0,96,22827.531364392347,4280.2,2022,26.672727786769045,1.244426581247673,473
641941,"Pagán, Emilio",63.0,63.0,1134,143,12.6,27.0,96,30604.063039424622,4372.0,2022,26.672727786769045,1.244426581247673,473
608718,"Suter, Brent",66.2,66.66666666666667,1070,136,12.7,27.1,95,29018.943634425275,3917.6,2022,26.672727786769045,1.244426581247673,473
672715,"Patiño, Luis",20.0,20.0,392,45,11.5,27.1,95,10612.36369286653,4775.6,2022,26.672727786769045,1.244426581247673,473
622554,"Domínguez, Seranthony",51.0,51.0,827,104,12.6,27.1,95,22413.271194992074,3955.3,2022,26.672727786769045,1.244426581247673,473
598264,"Barnes, Matt",39.2,39.666666666666664,697,83,11.9,27.1,95,18860.68263596319,4279.3,2022,26.672727786769045,1.244426581247673,473
571800,"Hutchison, Drew",105.1,105.33333333333333,1763,214,12.1,27.1,95,47815.93051855056,4085.5,2022,26.672727786769045,1.244426581247673,473
657006,"Steele, Justin",119.0,119.0,2032,209,10.3,27.1,95,55060.36136080185,4164.2,2022,26.672727786769045,1.244426581247673,473
669952,"White, Mitch",99.0,99.0,1715,185,10.8,27.1,95,46425.53986230592,4220.5,2022,26.672727786769045,1.244426581247673,473
622379,"Castillo, Luis F.",3.2,3.6666666666666665,60,6,10.0,27.1,95,1624.913011039711,3988.4,2022,26.672727786769045,1.244426581247673,473
650633,"King, Michael",51.0,51.0,784,101,12.9,27.1,95,21260.78423451449,3751.9,2022,26.672727786769045,1.244426581247673,473
669920,"Alexander, Jason",71.2,71.66666666666667,1160,143,12.3,27.1,95,31429.076807579346,3946.9,2022,26.672727786769045,1.244426581247673,473
676664,"Sears, JP",70.0,70.0,1083,127,11.7,27.1,95,29337.178888846156,3771.9,2022,26.672727786769045,1.244426581247673,473
640448,"Finnegan, Kyle",66.2,66.66666666666667,1059,149,14.1,27.1,95,28701.123788255994,3874.7,2022,26.672727786769045,1.244426581247673,473
570663,"Robles, Hansel",24.2,24.666666666666668,426,49,11.5,27.1,95,11536.927272479672,4209.4,2022,26.672727786769045,1.244426581247673,473
658648,"Avila, Pedro",4.0,4.0,70,11,15.7,27.1,95,1896.993304663154,4268.2,2022,26.672727786769045,1.244426581247673,473
573204,"Thielbar, Caleb",59.1,59.333333333333336,1000,138,13.8,27.1,95,27123.916537362846,4114.3,2022,26.672727786769045,1.244426581247673,473
663752,"Morris, Cody",23.2,23.666666666666668,404,39,9.7,27.2,94,10975.502727553037,4173.8,2022,26.672727786769045,1.244426581247673,473
669060,"Wilson, Bryse",115.2,115.66666666666667,1827,207,11.3,27.2,94,49698.05578396335,3867.0,2022,26.672727786769045,1.244426581247673,473
666120,"Anderson, Ian",111.2,111.66666666666667,2005,215,10.7,27.2,94,54469.69783121251,4390.1,2022,26.672727786769045,1.244426581247673,473
656731,"Megill, Tylor",47.1,47.333333333333336,791,103,13.0,27.2,94,21502.68939011446,4088.5,2022,26.672727786769045,1.244426581247673,473
661440,"Llovera, Mauricio",16.1,16.333333333333332,308,25,8.1,27.1,94,8361.110801119225,4607.1,2022,26.672727786769045,1.244426581247673,473
663893,"Little, Brendon",0.2,0.6666666666666666,22,1,4.5,27.2,94,597.341855858508,8064.1,2022,26.672727786769045,1.244426581247673,473
489334,"Stammen, Craig",40.2,40.666666666666664,701,86,12.3,27.2,94,19039.351476415075,4213.6,2022,26.672727786769045,1.244426581247673,473
661255,"López, Yoan",11.0,11.0,197,22,11.2,27.2,94,5353.574548795749,4380.2,2022,26.672727786769045,1.244426581247673,473
667373,"Rondón, Angel",5.0,5.0,86,5,5.8,27.1,94,2333.764944208197,4200.8,2022,26.672727786769045,1.244426581247673,473
605218,"Edwards Jr., Carl",62.0,62.0,1014,128,12.6,27.1,94,27524.16948498695,3995.4,2022,26.672727786769045,1.244426581247673,473
641771,"Kuhl, Chad",137.0,137.0,2379,267,11.2,27.2,94,64735.77893851914,4252.7,2022,26.672727786769045,1.244426581247673,473
605538,"Wisler, Matt",44.0,44.0,753,105,13.9,27.2,94,20457.48223012235,4184.5,2022,26.672727786769045,1.244426581247673,473
592473,"Kolarek, Adam",17.2,17.666666666666668,319,45,14.1,27.2,94,8670.978139619556,4417.3,2022,26.672727786769045,1.244426581247673,473
607179,"Weems, Jordan",39.2,39.666666666666664,742,99,13.3,27.2,94,20150.49548856024,4572.0,2022,26.672727786769045,1.244426581247673,473
607216,"Krehbiel, Joey",57.2,57.666666666666664,981,115,11.7,27.2,94,26640.81360971814,4157.8,2022,26.672727786769045,1.244426581247673,473
605483,"Snell, Blake",128.0,128.0,2341,299,12.8,27.2,94,63574.40231477065,4470.1,2022,26.672727786769045,1.244426581247673,473
650893,"Cabrera, Génesis",44.2,44.666666666666664,746,78,10.5,27.2,94,20257.565891561062,4081.7,2022,26.672727786769045,1.244426581247673,473
621363,"Poche, Colin",58.2,58.666666666666664,974,118,12.1,27.2,94,26470.360104843436,4060.8,2022,26.672727786769045,1.244426581247673,473
543339,"Hudson, Daniel",24.1,24.333333333333332,406,62,15.3,27.2,93,11055.615816128804,4089.1,2022,26.672727786769045,1.244426581247673,473
641447,"Castano, Daniel",35.2,35.666666666666664,577,70,12.1,27.3,93,15727.652252629958,3968.7,2022,26.672727786769045,1.244426581247673,473
571670,"Floro, Dylan",53.2,53.666666666666664,872,110,12.6,27.3,93,23778.956488842974,3987.8,2022,26.672727786769045,1.244426581247673,473
668684,"Tully, Tanner",6.0,6.0,120,6,5.0,27.3,93,3274.5793443320285,4911.9,2022,26.672727786769045,1.244426581247673,473
543507,"May, Trevor",25.0,25.0,465,54,11.6,27.2,93,12654.994310524284,4555.8,2022,26.672727786769045,1.244426581247673,473
594311,"Gustave, Jandel",28.0,28.0,466,52,11.2,27.3,93,12717.18326474632,4087.7,2022,26.672727786769045,1.244426581247673,473
622663,"Severino, Luis",102.0,102.0,1639,212,12.9,27.2,93,44607.257289588546,3935.9,2022,26.672727786769045,1.244426581247673,473
663978,"Paddack, Chris",22.1,22.333333333333332,367,56,15.3,27.2,93,9992.826909912617,4027.0,2022,26.672727786769045,1.244426581247673,473
572703,"Bard, Luke",15.0,15.0,241,24,10.0,27.2,93,6564.177917100412,3938.5,2022,26.672727786769045,1.244426581247673,473
622250,"Sborz, Josh",22.1,22.333333333333332,423,47,11.1,27.2,93,11513.377452661854,4639.7,2022,26.672727786769045,1.244426581247673,473
669432,"Rogers, Trevor",107.0,107.0,1940,228,11.8,27.3,93,52916.49501666905,4450.9,2022,26.672727786769045,1.244426581247673,473
571948,"Milner, Hoby",64.2,64.66666666666667,1088,126,11.6,27.3,93,29656.20518697135,4127.4,2022,26.672727786769045,1.244426581247673,473
624133,"Suarez, Ranger",155.1,155.33333333333334,2564,306,11.9,27.3,93,69874.20455193929,4048.5,2022,26.672727786769045,1.244426581247673,473
656730,"Megill, Trevor",45.0,45.0,774,93,12.0,27.3,93,21123.495616506065,4224.7,2022,26.672727786769045,1.244426581247673,473
656685,"Martin, Brett",50.0,50.0,762,87,11.4,27.2,93,20745.735214375924,3734.2,2022,26.672727786769045,1.244426581247673,473
596071,"Peters, Dillon",39.1,39.333333333333336,634,81,12.8,27.2,93,17265.095395445103,3950.5,2022,26.672727786769045,1.244426581247673,473
656412,"Faedo, Alex",53.2,53.666666666666664,967,108,11.2,27.3,93,26367.22256544491,4421.8,2022,26.672727786769045,1.244426581247673,473
608665,"Graveman, Kendall",65.0,65.0,1043,126,12.1,27.3,93,28447.547220033346,3938.9,2022,26.672727786769045,1.244426581247673,473
681911,"Vesia, Alex",54.1,54.333333333333336,955,113,11.8,27.2,93,26017.412744021385,4309.6,2022,26.672727786769045,1.244426581247673,473
676092,"Snider, Collin",34.1,34.333333333333336,583,71,12.2,27.3,93,15896.45711214358,4167.0,2022,26.672727786769045,1.244426581247673,473
644429,"Severino, Anderson",7.1,7.333333333333333,133,13,9.8,27.4,92,3639.1415534211847,4466.2,2022,26.672727786769045,1.244426581247673,473
434671,"Sánchez, Aníbal",69.1,69.33333333333333,1240,139,11.2,27.4,92,33935.612845581294,4405.1,2022,26.672727786769045,1.244426581247673,473
606625,"Moronta, Reyes",37.2,37.666666666666664,643,80,12.4,27.3,92,17553.262128215938,4194.1,2022,26.672727786769045,1.244426581247673,473
592712,"Sadzeck, Connor",3.0,3.0,48,8,16.7,27.3,92,1310.4656871129928,3931.4,2022,26.672727786769045,1.244426581247673,473
528748,"Castellanos, Humberto",44.1,44.333333333333336,748,85,11.4,27.3,92,20456.228569669052,4152.8,2022,26.672727786769045,1.244426581247673,473
621074,"Rucker, Michael",54.2,54.666666666666664,914,103,11.3,27.3,92,24970.02028232236,4110.9,2022,26.672727786769045,1.244426581247673,473
543766,"Shaw, Bryan",58.1,58.333333333333336,973,104,10.7,27.3,92,26570.05509903517,4099.4,2022,26.672727786769045,1.244426581247673,473
596133,"Weaver, Luke",35.2,35.666666666666664,721,85,11.8,27.3,92,19708.560530047358,4973.2,2022,26.672727786769045,1.244426581247673,473
622072,"Wood, Alex",130.2,130.66666666666666,2243,288,12.8,27.3,92,61304.07489626117,4222.5,2022,26.672727786769045,1.244426581247673,473
660896,"Alcala, Jorge",2.1,2.3333333333333335,40,4,10.0,27.4,91,1096.5505067138686,4229.6,2022,26.672727786769045,1.244426581247673,473
663546,"Hjelle, Sean",25.0,25.0,474,54,11.4,27.4,91,12999.95151129943,4680.0,2022,26.672727786769045,1.244426581247673,473
663460,"Bubic, Kris",129.0,129.0,2262,252,11.1,27.4,91,62037.34824751758,4328.2,2022,26.672727786769045,1.244426581247673,473
657376,"Schmidt, Clarke",57.2,57.666666666666664,938,113,12.0,27.4,91,25729.308608678424,4015.6,2022,26.672727786769045,1.244426581247673,473
641793,"Littell, Zack",44.1,44.333333333333336,758,94,12.4,27.5,91,20813.75736858033,4225.3,2022,26.672727786769045,1.244426581247673,473
661383,"Ortega, Oliver",34.0,34.0,567,77,13.6,27.4,91,15549.28257606136,4116.0,2022,26.672727786769045,1.244426581247673,473
518748,"Grimm, Justin",15.1,15.333333333333334,277,34,12.3,27.4,91,7601.980365202028,4462.0,2022,26.672727786769045,1.244426581247673,473
657053,"Toussaint, Touki",25.1,25.333333333333332,431,57,13.2,27.4,91,11829.510677827908,4202.6,2022,26.672727786769045,1.244426581247673,473
542947,"Bleier, Richard",50.2,50.666666666666664,780,107,13.7,27.4,91,21392.83110308749,3800.0,2022,26.672727786769045,1.244426581247673,473
622608,"Senzatela, Antonio",92.1,92.33333333333333,1521,186,12.2,27.5,91,41765.73595620642,4071.0,2022,26.672727786769045,1.244426581247673,473
594580,"Moll, Sam",43.1,43.333333333333336,761,98,12.9,27.5,91,20895.460626450924,4339.8,2022,26.672727786769045,1.244426581247673,473
608328,"De Jong, Chase",71.2,71.66666666666667,1178,162,13.8,27.4,91,32310.366367432038,4057.6,2022,26.672727786769045,1.244426581247673,473
607755,"Vasquez, Andrew",8.2,8.666666666666666,153,18,11.8,27.4,91,4196.97059915104,4358.4,2022,26.672727786769045,1.244426581247673,473
606965,"Devenski, Chris",14.2,14.666666666666666,241,37,15.4,27.4,91,6601.079354004676,4050.7,2022,26.672727786769045,1.244426581247673,473
664208,"Maton, Phil",65.2,65.66666666666667,1095,126,11.5,27.5,90,30131.547210476314,4129.7,2022,26.672727786769045,1.244426581247673,473
669467,"Pallante, Andre",108.0,108.0,1761,207,11.8,27.5,90,48404.11309373905,4033.7,2022,26.672727786769045,1.244426581247673,473
669618,"Barlow, Joe",35.0,35.0,554,72,13.0,27.5,90,15226.922491595085,3915.5,2022,26.672727786769045,1.244426581247673,473
642100,"Speier, Gabe",19.1,19.333333333333332,298,39,13.1,27.5,90,8201.3262835867,3817.9,2022,26.672727786769045,1.244426581247673,473
620443,"Torrens, Luis",2.0,2.0,34,5,14.7,27.5,90,934.5926560523295,4205.7,2022,26.672727786769045,1.244426581247673,473
676641,"Sulser, Beau",22.1,22.333333333333332,367,46,12.5,27.5,90,10092.929249415616,4067.3,2022,26.672727786769045,1.244426581247673,473
570632,"Ureña, José",97.0,97.0,1622,194,12.0,27.5,90,44543.20030336212,4132.9,2022,26.672727786769045,1.244426581247673,473
659275,"Lamet, Dinelson",32.1,32.333333333333336,583,77,13.2,27.5,90,16041.719523592175,4465.2,2022,26.672727786769045,1.244426581247673,473
656353,"Davidson, Tucker",52.0,52.0,912,101,11.1,27.5,90,25115.337879360406,4346.9,2022,26.672727786769045,1.244426581247673,473
657240,"Merryweather, Julian",26.2,26.666666666666668,421,56,13.3,27.5,90,11592.34576707134,3912.4,2022,26.672727786769045,1.244426581247673,473
656605,"Keller, Mitch",159.0,159.0,2665,294,11.0,27.5,90,73330.96854398811,4150.8,2022,26.672727786769045,1.244426581247673,473
405395,"Pujols, Albert",1.0,1.0,27,2,7.4,27.5,89,743.7564912620176,6693.8,2022,26.672727786769045,1.244426581247673,473
519293,"Smith, Will",59.0,59.0,994,139,14.0,27.6,89,27438.130272475828,4185.5,2022,26.672727786769045,1.244426581247673,473
663986,"Stephan, Trevor",63.2,63.666666666666664,1038,135,13.0,27.6,89,28616.27808164623,4045.2,2022,26.672727786769045,1.244426581247673,473
650556,"Abreu, Bryan",60.1,60.333333333333336,1019,123,12.1,27.6,89,28080.187645034515,4188.8,2022,26.672727786769045,1.244426581247673,473
641745,"Keller, Brad",139.2,139.66666666666666,2279,293,12.9,27.6,89,62945.81242953241,4056.2,2022,26.672727786769045,1.244426581247673,473
660906,"Pérez, Francisco",8.2,8.666666666666666,205,22,10.7,27.6,89,5653.696880582613,5871.1,2022,26.672727786769045,1.244426581247673,473
650895,"Castillo, Diego",54.1,54.333333333333336,859,116,13.5,27.6,89,23721.562855397133,3929.3,2022,26.672727786769045,1.244426581247673,473
640451,"Harvey, Hunter",39.1,39.333333333333336,661,92,13.9,27.6,89,18240.62960054114,4173.7,2022,26.672727786769045,1.244426581247673,473
666205,"Muller, Kyle",12.1,12.333333333333334,233,33,14.2,27.6,89,6428.481073039257,4691.1,2022,26.672727786769045,1.244426581247673,473
579328,"Kikuchi, Yusei",100.2,100.66666666666667,1844,224,12.1,27.6,89,50938.308842108,4554.1,2022,26.672727786769045,1.244426581247673,473
642528,"Loáisiga, Jonathan",48.0,48.0,765,112,14.6,27.6,89,21127.150599090754,3961.3,2022,26.672727786769045,1.244426581247673,473
571882,"Law, Derek",19.2,19.666666666666668,352,50,14.2,27.6,89,9710.544756541773,4443.8,2022,26.672727786769045,1.244426581247673,473
621219,"Mills, Alec",17.2,17.666666666666668,306,42,13.7,27.5,89,8429.822508267487,4294.4,2022,26.672727786769045,1.244426581247673,473
459429,"McGee, Jake",37.0,37.0,633,85,13.4,27.6,89,17473.72679061673,4250.4,2022,26.672727786769045,1.244426581247673,473
607200,"Fedde, Erick",127.0,127.0,2420,286,11.8,27.6,89,66726.80704384751,4728.7,2022,26.672727786769045,1.244426581247673,473
503449,"Peralta, Wily",38.1,38.333333333333336,694,86,12.4,27.6,88,19174.038169720097,4501.7,2022,26.672727786769045,1.244426581247673,473
670090,"Mills, Wyatt",29.1,29.333333333333332,510,73,14.3,27.7,88,14118.08403115362,4331.7,2022,26.672727786769045,1.244426581247673,473
676886,"Beasley, Jeremy",15.0,15.0,271,43,15.9,27.7,88,7502.358357901705,4501.4,2022,26.672727786769045,1.244426581247673,473
664776,"Cousins, Jake",13.1,13.333333333333334,271,35,12.9,27.6,88,7487.180836898136,5053.8,2022,26.672727786769045,1.244426581247673,473
664747,"Díaz, Alexis",63.2,63.666666666666664,1089,150,13.8,27.7,88,30127.977185366883,4258.9,2022,26.672727786769045,1.244426581247673,473
641682,"Hendrix, Ryan",8.1,8.333333333333334,147,10,6.8,27.6,88,4063.0660929093888,4388.1,2022,26.672727786769045,1.244426581247673,473
680573,"Woods Richardson, Simeon",5.0,5.0,91,14,15.4,27.7,88,2520.691588390394,4537.2,2022,26.672727786769045,1.244426581247673,473
605521,"Warren, Art",36.0,36.0,659,74,11.2,27.6,88,18207.001370871367,4551.8,2022,26.672727786769045,1.244426581247673,473
605347,"López, Jorge",71.0,71.0,1181,157,13.3,27.6,88,32644.598420653252,4138.0,2022,26.672727786769045,1.244426581247673,473
663562,"Davis, Noah",1.0,1.0,32,0,0.0,27.6,88,884.2473360541995,7958.2,2022,26.672727786769045,1.244426581247673,473
667427,"Jackson, Zach",48.0,48.0,898,111,12.4,27.6,88,24825.806053747296,4654.8,2022,26.672727786769045,1.244426581247673,473
657756,"Seabold, Connor",18.1,18.333333333333332,370,46,12.4,27.7,88,10233.329193819338,5023.6,2022,26.672727786769045,1.244426581247673,473
657745,"Rossman, Bubby",1.0,1.0,18,1,5.6,27.7,88,498.55370968472585,4487.0,2022,26.672727786769045,1.244426581247673,473
657612,"Hill, Tim",48.0,48.0,749,81,10.8,27.7,88,20710.78913318769,3883.3,2022,26.672727786769045,1.244426581247673,473
658551,"Fernández, Junior",18.2,18.666666666666668,333,40,12.0,27.6,88,9202.376517888231,4436.9,2022,26.672727786769045,1.244426581247673,473
683769,"Gaddis, Hunter",7.1,7.333333333333333,171,26,15.2,27.8,87,4752.54113440154,5832.7,2022,26.672727786769045,1.244426581247673,473
669169,"Heasley, Jonathan",104.0,104.0,1796,243,13.5,27.7,87,49835.50653211473,4312.7,2022,26.672727786769045,1.244426581247673,473
621079,"Wiles, Collin",9.2,9.666666666666666,154,17,11.0,27.7,87,4269.717919849676,3975.3,2022,26.672727786769045,1.244426581247673,473
664199,"Clarke, Taylor",49.0,49.0,859,124,14.4,27.7,87,23834.10467789012,4377.7,2022,26.672727786769045,1.244426581247673,473
676831,"Whitley, Kodi",12.2,12.666666666666666,272,43,15.8,27.8,87,7553.920894369848,5367.3,2022,26.672727786769045,1.244426581247673,473
543272,"Hand, Brad",45.0,45.0,821,106,12.9,27.7,87,22770.941747286317,4554.2,2022,26.672727786769045,1.244426581247673,473
676083,"Junk, Janson",8.1,8.333333333333334,159,22,13.8,27.8,87,4415.329964492663,4768.6,2022,26.672727786769045,1.244426581247673,473
592773,"Stanek, Ryne",54.2,54.666666666666664,899,99,11.0,27.7,87,24925.09449979575,4103.5,2022,26.672727786769045,1.244426581247673,473
641329,"Baker, Bryan",69.2,69.66666666666667,1183,144,12.2,27.7,87,32799.35778510401,4237.2,2022,26.672727786769045,1.244426581247673,473
542585,"Cisnero, José",25.0,25.0,430,46,10.7,27.7,87,11915.848827644391,4289.7,2022,26.672727786769045,1.244426581247673,473
656464,"Ginkel, Kevin",29.1,29.333333333333332,479,69,14.4,27.8,86,13330.928917642117,4090.2,2022,26.672727786769045,1.244426581247673,473
656557,"Houck, Tanner",60.0,60.0,930,125,13.4,27.8,86,25858.698674595842,3878.8,2022,26.672727786769045,1.244426581247673,473
628708,"Marte, Yunior",48.0,48.0,856,114,13.3,27.8,86,23803.658124372683,4463.2,2022,26.672727786769045,1.244426581247673,473
641712,"Hudson, Dakota",139.2,139.66666666666666,2253,284,12.6,27.8,86,62677.02385942171,4038.9,2022,26.672727786769045,1.244426581247673,473
670059,"Holderman, Colin",28.1,28.333333333333332,436,61,14.0,27.8,86,12128.180815535105,3852.5,2022,26.672727786769045,1.244426581247673,473
681806,"Wantz, Andrew",50.1,50.333333333333336,831,108,13.0,27.9,86,23157.717302049718,4140.8,2022,26.672727786769045,1.244426581247673,473
621366,"Borucki, Ryan",25.1,25.333333333333332,415,53,12.8,27.9,86,11562.929829825767,4107.9,2022,26.672727786769045,1.244426581247673,473
554431,"Matzek, Tyler",43.2,43.666666666666664,721,97,13.5,27.8,86,20071.416631591226,4136.9,2022,26.672727786769045,1.244426581247673,473
670950,"Richards, Trevor",64.0,64.0,1167,159,13.6,27.8,86,32447.103225791652,4562.9,2022,26.672727786769045,1.244426581247673,473
664337,"Yajure, Miguel",24.1,24.333333333333332,472,53,11.2,27.9,86,13150.383840042623,4863.8,2022,26.672727786769045,1.244426581247673,473
680694,"Bradish, Kyle",117.2,117.66666666666667,1993,259,13.0,27.8,86,55433.81876069202,4240.0,2022,26.672727786769045,1.244426581247673,473
642207,"Williams, Devin",60.2,60.666666666666664,1070,137,12.8,27.9,86,29807.03968723467,4421.9,2022,26.672727786769045,1.244426581247673,473
593974,"Peralta, Wandy",56.1,56.333333333333336,820,106,12.9,27.8,86,22803.656074301885,3643.2,2022,26.672727786769045,1.244426581247673,473
686972,"Waites, Cole",5.2,5.666666666666667,104,12,11.5,27.8,86,2892.3118561798997,4593.7,2022,26.672727786769045,1.244426581247673,473
489446,"Yates, Kirby",7.0,7.0,137,14,10.2,27.9,86,3816.1337182206335,4906.5,2022,26.672727786769045,1.244426581247673,473
681799,"Roberts, Ethan",7.2,7.666666666666667,177,15,8.5,27.9,85,4940.303238602321,5799.5,2022,26.672727786769045,1.244426581247673,473
663534,"Walters, Nash",0.1,0.3333333333333333,16,1,6.2,27.9,85,446.22346803515023,12048.0,2022,26.672727786769045,1.244426581247673,473
659262,"Espinoza, Anderson",18.1,18.333333333333332,375,39,10.4,27.9,85,10477.796319259176,5143.6,2022,26.672727786769045,1.244426581247673,473
621016,"Cuas, Jose",37.2,37.666666666666664,693,68,9.8,28.0,85,19372.78605836285,4628.9,2022,26.672727786769045,1.244426581247673,473
666374,"Brash, Matt",50.2,50.666666666666664,939,133,14.2,28.0,85,26247.593932709617,4662.4,2022,26.672727786769045,1.244426581247673,473
468504,"Chacín, Jhoulys",47.1,47.333333333333336,786,105,13.4,27.9,85,21941.752635353394,4172.0,2022,26.672727786769045,1.244426581247673,473
607359,"Patton, Spencer",7.0,7.0,111,12,10.8,28.0,85,3102.674202536619,3989.2,2022,26.672727786769045,1.244426581247673,473
607455,"Banda, Anthony",26.2,26.666666666666668,556,74,13.3,28.0,84,15545.67200781689,5246.7,2022,26.672727786769045,1.244426581247673,473
547973,"Chapman, Aroldis",36.1,36.333333333333336,679,102,15.0,28.0,84,19022.611758454957,4712.0,2022,26.672727786769045,1.244426581247673,473
656803,"Norwood, James",17.1,17.333333333333332,370,44,11.9,28.0,84,10370.71105179126,5384.8,2022,26.672727786769045,1.244426581247673,473
642701,"Santana, Dennis",58.2,58.666666666666664,995,122,12.3,28.0,84,27887.170523546403,4278.1,2022,26.672727786769045,1.244426581247673,473
676596,"Fleming, Josh",35.0,35.0,666,76,11.4,28.0,84,18671.515212296184,4801.2,2022,26.672727786769045,1.244426581247673,473
527055,"Vizcaíno, Arodys",5.2,5.666666666666667,115,11,9.6,28.0,84,3222.680715521897,5118.4,2022,26.672727786769045,1.244426581247673,473
517008,"Colomé, Alex",47.0,47.0,808,117,14.5,28.0,84,22656.45029930947,4338.5,2022,26.672727786769045,1.244426581247673,473
641582,"Foster, Matt",45.0,45.0,772,108,14.0,28.0,84,21607.36908915005,4321.5,2022,26.672727786769045,1.244426581247673,473
621114,"Burr, Ryan",9.0,9.0,149,23,15.4,28.1,83,4188.7628785442685,4188.8,2022,26.672727786769045,1.244426581247673,473
669358,"Baz, Shane",27.0,27.0,444,50,11.3,28.1,83,12474.195426026681,4158.1,2022,26.672727786769045,1.244426581247673,473
664042,"Lakins, Travis",10.1,10.333333333333334,208,24,11.5,28.1,83,5834.9773741288955,5082.1,2022,26.672727786769045,1.244426581247673,473
475479,"Phelps, David",63.2,63.666666666666664,1151,155,13.5,28.2,82,32406.442306266898,4581.0,2022,26.672727786769045,1.244426581247673,473
656849,"Peterson, David",105.2,105.66666666666667,1893,262,13.8,28.1,82,53279.33568411496,4538.0,2022,26.672727786769045,1.244426581247673,473
592390,"Hembree, Heath",22.0,22.0,402,55,13.7,28.2,82,11326.150229730547,4633.4,2022,26.672727786769045,1.244426581247673,473
656954,"Sheffield, Justus",11.2,11.666666666666666,179,18,10.1,28.2,82,5039.399424003362,3887.5,2022,26.672727786769045,1.244426581247673,473
543101,"DeSclafani, Anthony",19.0,19.0,329,47,14.3,28.2,82,9280.222738270279,4395.9,2022,26.672727786769045,1.244426581247673,473
669711,"Weissert, Greg",11.1,11.333333333333334,186,35,18.8,28.2,82,5240.566876698902,4161.6,2022,26.672727786769045,1.244426581247673,473
545343,"Head, Louis",28.2,28.666666666666668,549,81,14.8,28.2,82,15458.577893343585,4853.3,2022,26.672727786769045,1.244426581247673,473
605288,"Houser, Adrian",102.2,102.66666666666667,1852,258,13.9,28.1,82,52087.7140924822,4566.1,2022,26.672727786769045,1.244426581247673,473
676194,"Tetreault, Jackson",21.0,21.0,365,44,12.1,28.2,82,10286.64758283285,4408.6,2022,26.672727786769045,1.244426581247673,473
612434,"Castro, Miguel",29.0,29.0,522,71,13.6,28.1,82,14684.628737592098,4557.3,2022,26.672727786769045,1.244426581247673,473
667376,"Sánchez, Miguel",13.1,13.333333333333334,218,31,14.2,28.2,82,6146.786237856073,4149.1,2022,26.672727786769045,1.244426581247673,473
650204,"Ruiz, Norge",19.0,19.0,366,46,12.6,28.2,82,10311.960879848742,4884.6,2022,26.672727786769045,1.244426581247673,473
572193,"Tepera, Ryan",57.1,57.333333333333336,904,124,13.7,28.2,82,25483.734529572474,4000.4,2022,26.672727786769045,1.244426581247673,473
502202,"Boxberger, Brad",64.0,64.0,1094,165,15.1,28.1,82,30768.631939307463,4326.8,2022,26.672727786769045,1.244426581247673,473
621237,"Alvarado, José",51.0,51.0,892,130,14.6,28.2,82,25156.65627046296,4439.4,2022,26.672727786769045,1.244426581247673,473
642397,"Soto, Gregory",60.1,60.333333333333336,1106,162,14.6,28.3,81,31284.39413171351,4666.7,2022,26.672727786769045,1.244426581247673,473
605195,"Crick, Kyle",15.2,15.666666666666666,279,31,11.1,28.3,81,7886.748377691167,4530.7,2022,26.672727786769045,1.244426581247673,473
670955,"Uceta, Edwin",17.0,17.0,292,44,15.1,28.2,81,8244.988906682274,4365.0,2022,26.672727786769045,1.244426581247673,473
519008,"McFarland, T.J.",32.2,32.666666666666664,487,54,11.1,28.3,81,13773.935255063314,3794.9,2022,26.672727786769045,1.244426581247673,473
667463,"King, John",51.1,51.333333333333336,761,123,16.2,28.2,81,21479.02702597244,3765.8,2022,26.672727786769045,1.244426581247673,473
623352,"Hader, Josh",50.0,50.0,943,128,13.6,28.3,81,26660.455936155744,4798.9,2022,26.672727786769045,1.244426581247673,473
571901,"Loup, Aaron",58.2,58.666666666666664,979,157,16.0,28.3,80,27711.560328514246,4251.2,2022,26.672727786769045,1.244426581247673,473
666204,"Jiménez, Dany",34.1,34.333333333333336,552,79,14.3,28.3,80,15644.867985505312,4101.1,2022,26.672727786769045,1.244426581247673,473
656492,"Griffin, Foster",6.1,6.333333333333333,111,19,17.1,28.3,80,3140.329809764475,4462.6,2022,26.672727786769045,1.244426581247673,473
676760,"Marinaccio, Ron",44.0,44.0,757,117,15.5,28.3,80,21460.134706862704,4389.6,2022,26.672727786769045,1.244426581247673,473
670124,"Oller, Adam",74.1,74.33333333333333,1294,184,14.2,28.4,80,36687.71924553824,4442.0,2022,26.672727786769045,1.244426581247673,473
658431,"Medina, Adonis",23.2,23.666666666666668,414,65,15.7,28.4,80,11745.463834575554,4466.6,2022,26.672727786769045,1.244426581247673,473
664092,"Poppen, Sean",28.2,28.666666666666668,448,64,14.3,28.4,80,12708.25200947671,3989.8,2022,26.672727786769045,1.244426581247673,473
656638,"Lange, Alex",63.1,63.333333333333336,1050,149,14.2,28.4,80,29788.507893661223,4233.1,2022,26.672727786769045,1.244426581247673,473
489265,"Romo, Sergio",18.0,18.0,339,58,17.1,28.4,80,9617.37955711253,4808.7,2022,26.672727786769045,1.244426581247673,473
617228,"Sawamura, Hirokazu",50.2,50.666666666666664,848,127,15.0,28.3,80,24014.012961284006,4265.6,2022,26.672727786769045,1.244426581247673,473
669395,"Coleman, Dylan",68.0,68.0,1206,161,13.3,28.4,79,34254.44399897211,4533.7,2022,26.672727786769045,1.244426581247673,473
519326,"Strickland, Hunter",62.1,62.333333333333336,1103,149,13.5,28.4,79,31340.87266120169,4525.2,2022,26.672727786769045,1.244426581247673,473
518886,"Kimbrel, Craig",60.0,60.0,1085,175,16.1,28.4,79,30789.9554465463,4618.5,2022,26.672727786769045,1.244426581247673,473
572191,"Taylor, Michael A.",2.0,2.0,37,4,10.8,28.4,79,1051.1841912966302,4730.3,2022,26.672727786769045,1.244426581247673,473
663455,"Pilkington, Konnor",58.0,58.0,1039,167,16.1,28.4,79,29546.36588799156,4584.8,2022,26.672727786769045,1.244426581247673,473
675916,"Karinchak, James",39.0,39.0,704,92,13.1,28.4,79,19995.352558834227,4614.3,2022,26.672727786769045,1.244426581247673,473
657770,"Stout, Eric",22.1,22.333333333333332,454,66,14.5,28.4,79,12898.989233007253,5198.1,2022,26.672727786769045,1.244426581247673,473
571656,"Farmer, Buck",47.0,47.0,855,123,14.4,28.5,79,24327.237919453128,4658.4,2022,26.672727786769045,1.244426581247673,473
605525,"Wendelken, J.B.",29.0,29.0,488,77,15.8,28.5,79,13885.257998148629,4309.2,2022,26.672727786769045,1.244426581247673,473
663855,"Hicks, Jordan",61.1,61.333333333333336,1051,159,15.1,28.4,79,29877.618257688413,4384.2,2022,26.672727786769045,1.244426581247673,473
572403,"VerHagen, Drew",21.2,21.666666666666668,423,75,17.7,28.5,78,12041.956887579805,5002.0,2022,26.672727786769045,1.244426581247673,473
501925,"Smith, Joe",27.1,27.333333333333332,454,67,14.8,28.5,78,12952.036989376467,4264.7,2022,26.672727786769045,1.244426581247673,473
672391,"Ort, Kaleb",28.1,28.333333333333332,537,65,12.1,28.5,78,15286.751379152083,4855.8,2022,26.672727786769045,1.244426581247673,473
656257,"Brigham, Jeff",24.0,24.0,419,73,17.4,28.5,78,11923.405461826549,4471.3,2022,26.672727786769045,1.244426581247673,473
623451,"Stephens, Jackson",53.2,53.666666666666664,960,148,15.4,28.5,78,27349.421500669014,4586.5,2022,26.672727786769045,1.244426581247673,473
676660,"Solomon, Jared",8.1,8.333333333333334,157,21,13.4,28.5,78,4472.577971041926,4830.4,2022,26.672727786769045,1.244426581247673,473
544727,"Familia, Jeurys",44.1,44.333333333333336,825,108,13.1,28.5,78,23540.790084242824,4779.0,2022,26.672727786769045,1.244426581247673,473
600917,"Leclerc, José",47.2,47.666666666666664,782,97,12.4,28.5,78,22259.414865173607,4202.8,2022,26.672727786769045,1.244426581247673,473
656061,"Abreu, Albert",38.2,38.666666666666664,707,107,15.1,28.5,78,20158.755701254657,4692.1,2022,26.672727786769045,1.244426581247673,473
656354,"Davis, Austin",56.0,56.0,1122,164,14.6,28.5,77,32022.148703060917,5146.4,2022,26.672727786769045,1.244426581247673,473
621433,"Phillips, Brett",4.0,4.0,59,5,8.5,28.5,77,1684.3794648056985,3789.9,2022,26.672727786769045,1.244426581247673,473
669461,"Liberatore, Matthew",34.2,34.666666666666664,650,106,16.3,28.6,77,18578.60078332556,4823.3,2022,26.672727786769045,1.244426581247673,473
676917,"Cavalli, Cade",4.1,4.333333333333333,99,14,14.1,28.6,77,2830.857357564709,5879.5,2022,26.672727786769045,1.244426581247673,473
623437,"Topa, Justin",7.1,7.333333333333333,129,20,15.5,28.6,77,3686.9386056267554,4524.9,2022,26.672727786769045,1.244426581247673,473
640444,"Crowe, Wil",76.0,76.0,1380,207,15.0,28.6,77,39461.44492952884,4673.1,2022,26.672727786769045,1.244426581247673,473
666818,"Frías, Luis",17.0,17.0,356,47,13.2,28.6,77,10164.961996679518,5381.5,2022,26.672727786769045,1.244426581247673,473
608700,"Plawecki, Kevin",1.0,1.0,18,0,0.0,28.7,76,515.9150178153609,4643.2,2022,26.672727786769045,1.244426581247673,473
672851,"Adon, Joan",64.2,64.66666666666667,1208,172,14.2,28.6,76,34584.5234263841,4813.3,2022,26.672727786769045,1.244426581247673,473
642546,"Hernández, Jonathan",30.1,30.333333333333332,523,82,15.7,28.6,76,14983.831189676725,4445.8,2022,26.672727786769045,1.244426581247673,473
502624,"Anderson, Chase",24.0,24.0,493,67,13.6,28.7,76,14131.163755515121,5299.2,2022,26.672727786769045,1.244426581247673,473
605242,"Fulmer, Michael",63.2,63.666666666666664,1067,152,14.2,28.6,76,30566.077810053226,4320.9,2022,26.672727786769045,1.244426581247673,473
660600,"Paredes, Enoli",3.0,3.0,57,6,10.5,28.6,76,1631.601099585088,4894.8,2022,26.672727786769045,1.244426581247673,473
646242,"Díaz, Jhonathan",15.1,15.333333333333334,236,26,11.0,28.7,76,6768.521368032856,3972.8,2022,26.672727786769045,1.244426581247673,473
572971,"Keuchel, Dallas",60.2,60.666666666666664,1171,176,15.0,28.7,76,33586.84471104056,4982.7,2022,26.672727786769045,1.244426581247673,473
669912,"Snead, Kirby",44.2,44.666666666666664,792,120,15.2,28.7,76,22712.11618525984,4576.3,2022,26.672727786769045,1.244426581247673,473
672578,"Hernández, Carlos",56.0,56.0,1039,145,14.0,28.8,75,29894.257552876523,4804.4,2022,26.672727786769045,1.244426581247673,473
621249,"Underwood Jr., Duane",57.1,57.333333333333336,1008,172,17.1,28.7,75,28949.441951634923,4544.4,2022,26.672727786769045,1.244426581247673,473
677161,"Kelly, Zack",13.2,13.666666666666666,222,30,13.5,28.8,75,6384.344565092967,4204.3,2022,26.672727786769045,1.244426581247673,473
595881,"Beede, Tyler",61.1,61.333333333333336,1078,168,15.6,28.7,75,30989.629248628138,4547.4,2022,26.672727786769045,1.244426581247673,473
667498,"Dugger, Robert",16.0,16.0,284,48,16.9,28.7,75,8163.754778267188,4592.1,2022,26.672727786769045,1.244426581247673,473
656578,"Jackson, Andre",9.2,9.666666666666666,156,32,20.5,28.8,75,4490.743832152327,4181.0,2022,26.672727786769045,1.244426581247673,473
657272,"Uelmen, Erich",27.0,27.0,464,77,16.6,28.7,75,13326.954166775931,4442.3,2022,26.672727786769045,1.244426581247673,473
666974,"Cano, Yennier",18.0,18.0,394,59,15.0,28.7,75,11327.060725501977,5663.5,2022,26.672727786769045,1.244426581247673,473
656546,"Hoffman, Jeff",44.2,44.666666666666664,851,131,15.4,28.8,75,24492.860254054507,4935.1,2022,26.672727786769045,1.244426581247673,473
650911,"Sánchez, Cristopher",40.0,40.0,666,109,16.4,28.8,74,19207.77943792137,4321.8,2022,26.672727786769045,1.244426581247673,473
543056,"Coulombe, Danny",12.1,12.333333333333334,230,32,13.9,28.9,74,6640.153626961853,4845.5,2022,26.672727786769045,1.244426581247673,473
642152,"Trivino III, Lou",53.2,53.666666666666664,961,164,17.1,28.8,74,27679.07913744366,4641.8,2022,26.672727786769045,1.244426581247673,473
678394,"Bello, Brayan",57.1,57.333333333333336,1001,151,15.1,28.8,74,28866.545930966797,4531.4,2022,26.672727786769045,1.244426581247673,473
544365,"Banuelos, Manny",41.0,41.0,722,123,17.0,28.8,74,20819.4285380332,4570.1,2022,26.672727786769045,1.244426581247673,473
680704,"Sandlin, Nick",44.0,44.0,750,130,17.3,28.9,73,21672.44195844768,4433.0,2022,26.672727786769045,1.244426581247673,473
571479,"Bellatti, Andrew",54.1,54.333333333333336,967,148,15.3,28.9,73,27942.279311857823,4628.5,2022,26.672727786769045,1.244426581247673,473
592858,"Wick, Rowan",64.0,64.0,1161,198,17.1,28.9,73,33596.76568566131,4724.5,2022,26.672727786769045,1.244426581247673,473
656945,"Scott, Tanner",62.2,62.666666666666664,1277,192,15.0,28.9,73,36886.590339769056,5297.5,2022,26.672727786769045,1.244426581247673,473
665665,"Sanmartin, Reiver",57.0,57.0,1039,165,15.9,28.9,73,30031.046072433073,4741.7,2022,26.672727786769045,1.244426581247673,473
622251,"Staumont, Josh",37.2,37.666666666666664,731,112,15.3,28.9,73,21113.548997059675,5044.8,2022,26.672727786769045,1.244426581247673,473
605194,"Cotton, Jharel",43.0,43.0,741,107,14.4,29.0,72,21457.099559490074,4491.0,2022,26.672727786769045,1.244426581247673,473
657649,"Koenig, Jared",39.1,39.333333333333336,653,94,14.4,29.0,72,18934.148818857153,4332.4,2022,26.672727786769045,1.244426581247673,473
518617,"Diekman, Jake",57.2,57.666666666666664,1179,205,17.4,29.0,72,34206.46142903783,5338.6,2022,26.672727786769045,1.244426581247673,473
501625,"Alvarez, Jose",15.1,15.333333333333334,277,38,13.7,29.0,72,8035.79145169984,4716.7,2022,26.672727786769045,1.244426581247673,473
608717,"Stratton, Chris",63.1,63.333333333333336,1104,190,17.2,29.0,72,32044.644699117096,4553.7,2022,26.672727786769045,1.244426581247673,473
676684,"Vest, Will",63.0,63.0,1083,190,17.5,29.0,72,31376.848666477108,4482.4,2022,26.672727786769045,1.244426581247673,473
656686,"Martin, Corbin",22.1,22.333333333333332,429,70,16.3,29.0,71,12460.314602912731,5021.3,2022,26.672727786769045,1.244426581247673,473
642231,"Yacabonis, Jimmy",14.0,14.0,292,51,17.5,29.1,71,8483.800283940687,5453.9,2022,26.672727786769045,1.244426581247673,473
656458,"Gilbreath, Lucas",43.0,43.0,796,121,15.2,29.2,70,23208.0202948536,4857.5,2022,26.672727786769045,1.244426581247673,473
669935,"Alexy, A.J.",7.0,7.0,152,21,13.8,29.1,70,4427.875236788192,5693.0,2022,26.672727786769045,1.244426581247673,473
663804,"Kowar, Jackson",15.2,15.666666666666666,311,50,16.1,29.1,70,9064.343216446852,5207.2,2022,26.672727786769045,1.244426581247673,473
605151,"Bradley, Archie",18.2,18.666666666666668,308,57,18.5,29.2,70,8980.748121395069,4330.0,2022,26.672727786769045,1.244426581247673,473
656820,"Padilla, Nicholas",1.2,1.6666666666666665,39,3,7.7,29.1,70,1135.7765887737055,6133.2,2022,26.672727786769045,1.244426581247673,473
663531,"Allen, Logan",7.2,7.666666666666667,164,22,13.4,29.1,70,4775.906115952263,5606.5,2022,26.672727786769045,1.244426581247673,473
650671,"Quijada, José",40.2,40.666666666666664,707,112,15.8,29.2,69,20671.090283600763,4574.7,2022,26.672727786769045,1.244426581247673,473
682016,"Woods, William",2.0,2.0,31,4,12.9,29.2,69,906.1436654809788,4077.6,2022,26.672727786769045,1.244426581247673,473
614179,"Ruiz, José",60.2,60.666666666666664,1115,180,16.1,29.3,69,32618.09027207057,4838.9,2022,26.672727786769045,1.244426581247673,473
607237,"Garrett, Amir",45.1,45.333333333333336,804,127,15.8,29.3,69,23541.612400086553,4673.7,2022,26.672727786769045,1.244426581247673,473
622065,"Young, Alex",26.2,26.666666666666668,445,81,18.2,29.3,69,13029.686363988321,4397.5,2022,26.672727786769045,1.244426581247673,473
644364,"Arano, Víctor",42.0,42.0,678,124,18.3,29.2,69,19810.288161626464,4245.1,2022,26.672727786769045,1.244426581247673,473
668941,"Romero, JoJo",16.1,16.333333333333332,271,32,11.8,29.3,68,7950.992616280352,4381.2,2022,26.672727786769045,1.244426581247673,473
570488,"Valdez, Phillips",16.1,16.333333333333332,287,52,18.1,29.3,68,8408.880996865417,4633.5,2022,26.672727786769045,1.244426581247673,473
642121,"Sulser, Cole",34.0,34.0,623,111,17.8,29.3,68,18259.693404189413,4833.4,2022,26.672727786769045,1.244426581247673,473
608349,"Knebel, Corey",44.2,44.666666666666664,807,146,18.1,29.4,67,23749.835333289444,4785.4,2022,26.672727786769045,1.244426581247673,473
523260,"Kelly, Joe",37.0,37.0,703,124,17.6,29.4,67,20674.66677743502,5029.0,2022,26.672727786769045,1.244426581247673,473
621593,"Castro, Anthony",13.1,13.333333333333334,260,45,17.3,29.4,67,7639.4048008073405,5156.6,2022,26.672727786769045,1.244426581247673,473
425877,"Molina, Yadier",2.0,2.0,40,6,15.0,29.4,67,1177.0565024183254,5296.8,2022,26.672727786769045,1.244426581247673,473
676534,"Faucher, Calvin",21.1,21.333333333333332,433,69,15.9,29.5,66,12753.699866186183,5380.5,2022,26.672727786769045,1.244426581247673,473
670288,"Fishman, Jake",11.0,11.0,171,33,19.3,29.5,66,5049.775134573507,4131.6,2022,26.672727786769045,1.244426581247673,473
667297,"Nance, Tommy",43.2,43.666666666666664,763,126,16.5,29.5,66,22528.844627907194,4643.3,2022,26.672727786769045,1.244426581247673,473
642130,"Taylor, Blake",16.0,16.0,305,53,17.4,29.5,65,9009.547782832655,5067.9,2022,26.672727786769045,1.244426581247673,473
656427,"Flaherty, Jack",36.0,36.0,662,120,18.1,29.6,65,19577.52452059989,4894.4,2022,26.672727786769045,1.244426581247673,473
592848,"Weiss, Zack",13.1,13.333333333333334,217,40,18.4,29.7,64,6441.663412943683,4348.1,2022,26.672727786769045,1.244426581247673,473
671790,"Bolaños, Ronald",18.1,18.333333333333332,336,62,18.5,29.6,64,9952.543401668403,4885.8,2022,26.672727786769045,1.244426581247673,473
670329,"Garcia, Rico",8.0,8.0,136,22,16.2,29.7,63,4041.1955130045894,4546.3,2022,26.672727786769045,1.244426581247673,473
571439,"Alvarez, R.J.",2.1,2.3333333333333335,51,7,13.7,29.8,63,1517.7491079426522,5854.2,2022,26.672727786769045,1.244426581247673,473
650382,"Hernández, Darwinzon",6.2,6.666666666666667,182,37,20.3,29.8,62,5423.975384425311,7322.4,2022,26.672727786769045,1.244426581247673,473
669214,"Menez, Conner",1.0,1.0,24,3,12.5,29.8,62,716.3042739571442,6446.7,2022,26.672727786769045,1.244426581247673,473
501303,"Adrianza, Ehire",1.0,1.0,12,1,8.3,29.8,62,357.9061537953745,3221.2,2022,26.672727786769045,1.244426581247673,473
661269,"Gutierrez, Vladimir",36.2,36.666666666666664,687,123,17.9,29.8,62,20506.06113086276,5033.3,2022,26.672727786769045,1.244426581247673,473
656793,"Nelson, Nick",68.2,68.66666666666667,1204,237,19.7,29.8,62,35893.57189616486,4704.5,2022,26.672727786769045,1.244426581247673,473
607481,"Bummer, Aaron",26.2,26.666666666666668,457,73,16.0,29.8,62,13631.932037927141,4600.8,2022,26.672727786769045,1.244426581247673,473
664139,"Gibaut, Ian",36.0,36.0,694,115,16.6,29.9,62,20722.222927648654,5180.6,2022,26.672727786769045,1.244426581247673,473
670046,"Rosenberg, Kenny",10.2,10.666666666666666,193,33,17.1,29.9,61,5768.07270129768,4866.8,2022,26.672727786769045,1.244426581247673,473
676103,"Jones, Damon",4.2,4.666666666666667,105,17,16.2,29.9,61,3136.782249106616,6049.5,2022,26.672727786769045,1.244426581247673,473
663554,"Mize, Casey",10.0,10.0,169,35,20.7,29.9,61,5052.16330985772,4546.9,2022,26.672727786769045,1.244426581247673,473
572816,"Dickerson, Corey",1.0,1.0,18,3,16.7,30.0,60,539.9318129856348,4859.4,2022,26.672727786769045,1.244426581247673,473
656322,"Coonrod, Sam",12.2,12.666666666666666,236,52,22.0,30.0,60,7078.989125848945,5029.8,2022,26.672727786769045,1.244426581247673,473
623211,"Brazobán, Huascar",32.0,32.0,635,124,19.5,30.1,59,19115.422427404326,5376.2,2022,26.672727786769045,1.244426581247673,473
663629,"Small, Ethan",6.1,6.333333333333333,132,24,18.2,30.1,59,3968.2439348819294,5639.1,2022,26.672727786769045,1.244426581247673,473
624503,"Gordon, Nick",3.2,3.6666666666666665,85,15,17.6,30.1,59,2556.24930056261,6274.4,2022,26.672727786769045,1.244426581247673,473
655889,"Rodríguez, Manuel",13.2,13.666666666666666,203,43,21.2,30.1,59,6109.04292653577,4023.0,2022,26.672727786769045,1.244426581247673,473
424144,"Pérez, Oliver",4.0,4.0,73,16,21.9,30.1,59,2195.0071373967735,4938.8,2022,26.672727786769045,1.244426581247673,473
543829,"Strange-Gordon, Dee",1.0,1.0,28,4,14.3,30.1,59,842.1284447403245,7579.2,2022,26.672727786769045,1.244426581247673,473
596082,"Reed, Jake",16.2,16.666666666666668,307,52,16.9,30.1,58,9249.302086652078,4994.6,2022,26.672727786769045,1.244426581247673,473
642657,"Ogando, Cristofer",4.1,4.333333333333333,74,18,24.3,30.2,57,2237.0588525003636,4646.2,2022,26.672727786769045,1.244426581247673,473
571616,"Dermody, Matt",1.0,1.0,29,6,20.7,30.4,56,880.2673682597579,7922.4,2022,26.672727786769045,1.244426581247673,473
519242,"Sale, Chris",5.2,5.666666666666667,102,20,19.6,30.3,56,3090.945757106149,4909.1,2022,26.672727786769045,1.244426581247673,473
669084,"Hall, DL",13.2,13.666666666666666,269,46,17.1,30.4,55,8181.359150168303,5387.7,2022,26.672727786769045,1.244426581247673,473
677053,"Nardi, Andrew",14.2,14.666666666666666,374,90,24.1,30.5,54,11415.795630764893,7005.1,2022,26.672727786769045,1.244426581247673,473
676766,"Snyder, Nick",1.0,1.0,33,7,21.2,30.5,54,1006.938507503288,9062.4,2022,26.672727786769045,1.244426581247673,473
491624,"Valdez, César",1.0,1.0,16,5,31.2,30.5,54,488.1055896900207,4393.0,2022,26.672727786769045,1.244426581247673,473
623485,"Goudeau, Ashton",20.1,20.333333333333332,375,67,17.9,30.5,53,11452.438297456933,5069.1,2022,26.672727786769045,1.244426581247673,473
656755,"Montes de Oca, Bryce",3.1,3.3333333333333335,84,14,16.7,30.6,53,2566.388865842515,6929.2,2022,26.672727786769045,1.244426581247673,473
641853,"McKay, David",6.2,6.666666666666667,135,31,23.0,30.6,53,4132.601718580975,5579.0,2022,26.672727786769045,1.244426581247673,473
661563,"Gil, Luis",4.0,4.0,83,19,22.9,30.7,52,2546.72549223897,5730.1,2022,26.672727786769045,1.244426581247673,473
656887,"Reid-Foley, Sean",10.0,10.0,196,44,22.4,30.6,52,6000.923248430216,5400.8,2022,26.672727786769045,1.244426581247673,473
670990,"Ramírez, Yohan",37.1,37.333333333333336,624,134,21.5,30.7,52,19142.002794584216,4614.6,2022,26.672727786769045,1.244426581247673,473
641672,"Hatch, Thomas",4.2,4.666666666666667,71,15,21.1,30.7,51,2182.5794630975165,4209.3,2022,26.672727786769045,1.244426581247673,473
685503,"Arihara, Kohei",20.0,20.0,390,79,20.3,30.8,51,11994.064866731696,5397.3,2022,26.672727786769045,1.244426581247673,473
608652,"Farrell, Luke",15.0,15.0,285,62,21.8,30.8,50,8784.863069134522,5270.9,2022,26.672727786769045,1.244426581247673,473
608703,"Reynolds, Matt",1.1,1.3333333333333333,21,3,14.3,30.9,50,647.8820346015979,4373.2,2022,26.672727786769045,1.244426581247673,473
663385,"Smith, Chad",18.0,18.0,337,65,19.3,30.8,50,10391.965030790852,5196.0,2022,26.672727786769045,1.244426581247673,473
571917,"Markel, Parker",3.0,3.0,61,10,16.4,30.9,49,1884.1375056081463,5652.4,2022,26.672727786769045,1.244426581247673,473
650959,"Diplán, Marcos",5.2,5.666666666666667,122,31,25.4,31.0,48,3776.4840676859626,5997.9,2022,26.672727786769045,1.244426581247673,473
605446,"Rodríguez, Dereck",7.2,7.666666666666667,103,32,31.1,31.1,47,3200.3571705449062,3756.9,2022,26.672727786769045,1.244426581247673,473
663975,"Duron, Nick",1.0,1.0,16,1,6.2,31.1,47,497.3005597602432,4475.7,2022,26.672727786769045,1.244426581247673,473
676130,"Buttó, José",4.0,4.0,98,28,28.6,31.1,47,3048.3097115565924,6858.7,2022,26.672727786769045,1.244426581247673,473
622103,"Reyes, Gerardo",2.0,2.0,47,12,25.5,31.1,47,1462.094854074361,6579.4,2022,26.672727786769045,1.244426581247673,473
678061,"Kerr, Ray",5.0,5.0,88,24,27.3,31.1,46,2739.9260461663193,4931.9,2022,26.672727786769045,1.244426581247673,473
668970,"Hollowell, Gavin",7.0,7.0,143,33,23.1,31.2,46,4457.787217531944,5731.4,2022,26.672727786769045,1.244426581247673,473
592804,"Thornburg, Tyler",19.0,19.0,362,80,22.1,31.1,46,11272.85867842074,5339.8,2022,26.672727786769045,1.244426581247673,473
663630,"McKenna, Ryan",1.1,1.3333333333333333,31,3,9.7,31.1,46,965.4696550675575,6516.9,2022,26.672727786769045,1.244426581247673,473
642239,"Zastryzny, Rob",4.0,4.0,72,17,23.6,31.1,46,2240.6132620154203,5041.4,2022,26.672727786769045,1.244426581247673,473
668873,"Kilian, Caleb",11.1,11.333333333333334,237,52,21.9,31.1,46,7380.102839766361,5860.7,2022,26.672727786769045,1.244426581247673,473
643615,"Zeuch, T.J.",10.2,10.666666666666666,250,51,20.4,31.2,45,7805.158252077783,6585.6,2022,26.672727786769045,1.244426581247673,473
641656,"Hamilton, Ian",2.2,2.6666666666666665,42,11,26.2,31.4,44,1316.9286092363545,4444.6,2022,26.672727786769045,1.244426581247673,473
663574,"Santillan, Tony",19.2,19.666666666666668,412,85,20.6,31.3,44,12901.996273197665,5904.3,2022,26.672727786769045,1.244426581247673,473
461325,"Clippard, Tyler",5.0,5.0,113,28,24.8,31.3,44,3536.007320074089,6364.8,2022,26.672727786769045,1.244426581247673,473
605463,"Scott, Tayler",12.0,12.0,255,59,23.1,31.4,43,8006.5295497293055,6004.9,2022,26.672727786769045,1.244426581247673,473
642060,"Sedlock, Cody",3.0,3.0,71,15,21.1,31.4,43,2229.9875152717245,6690.0,2022,26.672727786769045,1.244426581247673,473
641312,"Anderson, Shaun",1.0,1.0,21,4,19.0,31.6,40,663.8496368624964,5974.6,2022,26.672727786769045,1.244426581247673,473
657585,"Garrett, Reed",9.1,9.333333333333334,200,50,25.0,31.8,39,6353.992193280027,6127.1,2022,26.672727786769045,1.244426581247673,473
593619,"Tapia, Domingo",17.0,17.0,365,75,20.5,31.8,38,11604.67307023906,6143.7,2022,26.672727786769045,1.244426581247673,473
642165,"VanMeter, Josh",3.0,3.0,74,16,21.6,31.8,38,2351.37199130161,7054.1,2022,26.672727786769045,1.244426581247673,473
643316,"Fry, Paul",13.0,13.0,232,45,19.4,31.9,37,7397.374016499228,5121.3,2022,26.672727786769045,1.244426581247673,473
607457,"Barraclough, Kyle",9.0,9.0,139,36,25.9,31.9,37,4433.6092186547885,4433.6,2022,26.672727786769045,1.244426581247673,473
677960,"Weathers, Ryan",3.2,3.6666666666666665,89,18,20.2,31.9,37,2840.5678716720345,6972.3,2022,26.672727786769045,1.244426581247673,473
621082,"Lemoine, Jake",16.1,16.333333333333332,302,68,22.5,32.1,35,9685.46702258726,5336.9,2022,26.672727786769045,1.244426581247673,473
614177,"Reyes, Franmil",1.0,1.0,10,4,40.0,32.2,33,322.1428081544041,2899.3,2022,26.672727786769045,1.244426581247673,473
518813,"Holland, Greg",4.2,4.666666666666667,80,23,28.8,32.3,32,2584.4602129265186,4984.3,2022,26.672727786769045,1.244426581247673,473
668338,"Miller, Tyson",10.2,10.666666666666666,228,52,22.8,32.3,32,7362.78017370633,6212.3,2022,26.672727786769045,1.244426581247673,473
503556,"Gonzalez, Marwin",0.1,0.3333333333333333,4,0,0.0,32.4,31,129.64869529537788,3500.5,2022,26.672727786769045,1.244426581247673,473
543281,"Harrison, Josh",3.0,3.0,57,13,22.8,32.4,30,1849.3667727168922,5548.1,2022,26.672727786769045,1.244426581247673,473
595191,"Eickhoff, Jerad",4.1,4.333333333333333,83,23,27.7,32.5,30,2698.6389208376986,5604.9,2022,26.672727786769045,1.244426581247673,473
650496,"Mejía, J.C.",2.1,2.3333333333333335,59,13,22.0,32.5,29,1918.942737995082,7401.6,2022,26.672727786769045,1.244426581247673,473
656008,"Zabala, Aneurys",2.2,2.6666666666666665,43,14,32.6,32.6,29,1401.7943236945225,4731.1,2022,26.672727786769045,1.244426581247673,473
668800,"Knizner, Andrew",0.2,0.6666666666666666,11,5,45.5,32.7,28,359.4636084588529,4852.8,2022,26.672727786769045,1.244426581247673,473
664584,"Romero, Jhon",5.0,5.0,90,21,23.3,32.7,27,2945.60756367758,5302.1,2022,26.672727786769045,1.244426581247673,473
681464,"German, Frank",4.0,4.0,84,22,26.2,32.8,27,2752.432396815283,6193.0,2022,26.672727786769045,1.244426581247673,473
650960,"Duarte, Daniel",2.2,2.6666666666666665,77,23,29.9,32.8,27,2522.6501679937437,8513.9,2022,26.672727786769045,1.244426581247673,473
668820,"Kranick, Max",5.0,5.0,76,23,30.3,32.8,26,2494.2497975166775,4489.6,2022,26.672727786769045,1.244426581247673,473
608348,"Kelly, Carson",4.2,4.666666666666667,68,14,20.6,32.8,26,2231.8734601890114,4304.3,2022,26.672727786769045,1.244426581247673,473
595939,"Ellis, Chris",4.1,4.333333333333333,83,18,21.7,32.8,26,2723.2265123685333,5655.9,2022,26.672727786769045,1.244426581247673,473
642068,"Sheffield, Jordan",2.0,2.0,37,8,21.6,33.0,24,1221.6379004238077,5497.4,2022,26.672727786769045,1.244426581247673,473
661531,"Serven, Brian",1.0,1.0,8,2,25.0,32.9,24,263.58078179045435,2372.2,2022,26.672727786769045,1.244426581247673,473
643230,"Brault, Steven",9.0,9.0,157,42,26.8,33.0,23,5184.7604020177205,5184.8,2022,26.672727786769045,1.244426581247673,473
672839,"Morales, Francisco",5.0,5.0,79,24,30.4,33.2,21,2623.56055656849,4722.4,2022,26.672727786769045,1.244426581247673,473
660623,"Ynoa, Huascar",6.2,6.666666666666667,147,44,29.9,33.4,19,4904.814810460908,6621.5,2022,26.672727786769045,1.244426581247673,473
641394,"Brentz, Jake",5.1,5.333333333333333,160,40,25.0,33.6,16,5377.376300959367,9074.3,2022,26.672727786769045,1.244426581247673,473
665896,"Marte, José",11.0,11.0,265,77,29.1,33.8,14,8966.094440120347,7335.9,2022,26.672727786769045,1.244426581247673,473
673904,"Walsh, Jake",2.2,2.6666666666666665,65,18,27.7,33.9,13,2200.5270835695324,7426.8,2022,26.672727786769045,1.244426581247673,473
607391,"Mazza, Chris",5.1,5.333333333333333,135,45,33.3,33.9,13,4574.381447060345,7719.3,2022,26.672727786769045,1.244426581247673,473
669093,"Estrada, Jeremiah",5.2,5.666666666666667,117,31,26.5,34.1,10,3995.3781832698082,6345.6,2022,26.672727786769045,1.244426581247673,473
608371,"Sims, Lucas",6.2,6.666666666666667,129,38,29.5,34.4,7,4435.435333682011,5987.8,2022,26.672727786769045,1.244426581247673,473
664944,"Vieaux, Cam",8.2,8.666666666666666,208,64,30.8,34.6,5,7187.1265369477105,7463.6,2022,26.672727786769045,1.244426581247673,473
657514,"Bernardino, Brennan",2.1,2.3333333333333335,45,14,31.1,34.7,3,1563.0813832872996,6029.0,2022,26.672727786769045,1.244426581247673,473
641743,"Kay, Anthony",2.0,2.0,39,16,41.0,35.8,-10,1395.9666945671647,6281.9,2022,26.672727786769045,1.244426581247673,473
598265,"Bradley Jr., Jackie",1.0,1.0,30,10,33.3,35.9,-11,1077.5650942827187,9698.1,2022,26.672727786769045,1.244426581247673,473
640461,"Pinder, Chad",1.0,1.0,26,8,30.8,36.2,-15,941.993237162559,8477.9,2022,26.672727786769045,1.244426581247673,473
642851,"Wynns, Austin",2.0,2.0,26,11,42.3,36.7,-21,953.5343486471934,4290.9,2022,26.672727786769045,1.244426581247673,473
594838,"Gosselin, Phil",1.0,1.0,5,3,60.0,36.8,-22,183.9683691321569,1655.7,2022,26.672727786769045,1.244426581247673,473
676391,"Clement, Ernie",2.0,2.0,42,14,33.3,37.0,-24,1552.5481801982858,6986.5,2022,26.672727786769045,1.244426581247673,473
605170,"Caratini, Victor",1.0,1.0,14,5,35.7,37.0,-24,517.4198809623206,4656.8,2022,26.672727786769045,1.244426581247673,473
641907,"Murphy, Patrick",5.2,5.666666666666667,142,52,36.6,37.1,-25,5261.81197060335,8357.0,2022,26.672727786769045,1.244426581247673,473
660636,"Castillo, Diego",2.0,2.0,60,19,31.7,37.5,-30,2247.655475145325,10114.4,2022,26.672727786769045,1.244426581247673,473
570560,"Sánchez, Yolmer",1.0,1.0,15,6,40.0,37.7,-33,565.205884350484,5086.9,2022,26.672727786769045,1.244426581247673,473
520980,"Báez, Pedro",2.1,2.3333333333333335,73,30,41.1,37.8,-34,2758.6165039278194,10640.4,2022,26.672727786769045,1.244426581247673,473
670102,"Francis, Bowden",0.2,0.6666666666666666,9,5,55.6,37.9,-35,341.20855602063625,4606.3,2022,26.672727786769045,1.244426581247673,473
502154,"Britton, Zack",0.2,0.6666666666666666,39,21,53.8,41.5,-79,1619.063527240498,21857.4,2022,26.672727786769045,1.244426581247673,473
592743,"Simmons, Andrelton",1.0,1.0,25,16,64.0,46.8,-143,1171.014388363437,10539.1,2022,26.672727786769045,1.244426581247673,473
