pitcher,player_name,official_ip,ip_decimal,pitches,stressful_pitches,ps_pct,aps,aps_plus,total_stress,ss_per_9,season,aps_reference_mean,aps_reference_std,aps_reference_count
670097,"Short, Zack",1.0,1.0,10,0,0.0,17.3,223,172.83498760338188,1555.5,2026,26.79524087397769,1.1569389297312271,472
624512,"McGuire, Reese",1.0,1.0,9,0,0.0,17.6,219,158.62419586229655,1427.6,2026,26.79524087397769,1.1569389297312271,472
605441,"Ríos, Yacksel",1.2,1.6666666666666665,13,0,0.0,17.7,218,230.20591845754777,1243.1,2026,26.79524087397769,1.1569389297312271,472
681432,"Little, Luke",1.0,1.0,19,0,0.0,18.6,206,353.12201143498146,3178.1,2026,26.79524087397769,1.1569389297312271,472
621389,"Blach, Ty",3.0,3.0,30,0,0.0,19.4,196,582.1995576904117,1746.6,2026,26.79524087397769,1.1569389297312271,472
686730,"Spiers, Carson",6.0,6.0,85,0,0.0,19.6,194,1662.5561647976144,2493.8,2026,26.79524087397769,1.1569389297312271,472
662144,"Keller, Brian",3.0,3.0,39,0,0.0,19.8,191,772.6598215400387,2318.0,2026,26.79524087397769,1.1569389297312271,472
571912,"Maile, Luke",1.0,1.0,8,0,0.0,19.9,189,159.4657736151014,1435.2,2026,26.79524087397769,1.1569389297312271,472
686747,"La Sorsa, Joe",0.1,0.3333333333333333,8,0,0.0,20.6,181,164.42129331784133,4439.4,2026,26.79524087397769,1.1569389297312271,472
663967,"Salazar, César",1.0,1.0,10,0,0.0,20.6,181,205.76965506230803,1851.9,2026,26.79524087397769,1.1569389297312271,472
670871,"Zuñiga, Guillo",1.0,1.0,18,0,0.0,20.7,180,371.8727665911313,3346.9,2026,26.79524087397769,1.1569389297312271,472
621139,"Kriske, Brooks",2.2,2.6666666666666665,38,0,0.0,21.2,172,806.1807508920026,2720.9,2026,26.79524087397769,1.1569389297312271,472
592826,"Velasquez, Vince",3.1,3.3333333333333335,43,1,2.3,21.5,169,922.648647915548,2491.2,2026,26.79524087397769,1.1569389297312271,472
682668,"Acuña, Luisangel",2.1,2.3333333333333335,28,0,0.0,21.6,167,605.8440189925959,2336.8,2026,26.79524087397769,1.1569389297312271,472
664731,"Higgins, P.J.",1.0,1.0,10,0,0.0,21.8,164,218.40302878779727,1965.6,2026,26.79524087397769,1.1569389297312271,472
664774,"Wade Jr., LaMonte",1.0,1.0,11,0,0.0,22.0,162,241.76027266897228,2175.8,2026,26.79524087397769,1.1569389297312271,472
675627,"Grove, Michael",7.0,7.0,89,7,7.9,22.0,162,1958.460731292534,2518.0,2026,26.79524087397769,1.1569389297312271,472
656557,"Houck, Tanner",3.0,3.0,50,1,2.0,22.4,157,1118.5634744068923,3355.7,2026,26.79524087397769,1.1569389297312271,472
673380,"Núñez, Dedniel",19.0,19.0,213,10,4.7,22.5,156,4792.423000011133,2270.1,2026,26.79524087397769,1.1569389297312271,472
681168,"Curvelo, Luis",10.1,10.333333333333334,195,4,2.1,22.6,155,4398.141390028818,3830.6,2026,26.79524087397769,1.1569389297312271,472
682769,"Castellano, Eiberson",3.0,3.0,35,1,2.9,22.6,154,792.0942855359355,2376.3,2026,26.79524087397769,1.1569389297312271,472
686780,"Pagés, Pedro",2.0,2.0,16,0,0.0,22.7,153,363.415789886741,1635.4,2026,26.79524087397769,1.1569389297312271,472
640451,"Harvey, Hunter",4.0,4.0,76,0,0.0,22.7,153,1725.4726416454694,3882.3,2026,26.79524087397769,1.1569389297312271,472
620443,"Torrens, Luis",2.1,2.3333333333333335,22,0,0.0,22.8,152,501.08161510084227,1932.7,2026,26.79524087397769,1.1569389297312271,472
702047,"Cook, Alex",5.2,5.666666666666667,98,0,0.0,22.9,151,2239.539823378832,3556.9,2026,26.79524087397769,1.1569389297312271,472
697811,"Ross, Dylan",1.0,1.0,11,0,0.0,22.9,150,251.99224096598937,2267.9,2026,26.79524087397769,1.1569389297312271,472
670103,"Burgos, Raymond",21.1,21.333333333333332,292,11,3.8,23.0,149,6728.474768232455,2838.6,2026,26.79524087397769,1.1569389297312271,472
666745,"Brito, Jhony",9.0,9.0,123,7,5.7,23.0,149,2832.828617446742,2832.8,2026,26.79524087397769,1.1569389297312271,472
621107,"Eflin, Zach",3.2,3.6666666666666665,74,1,1.4,23.3,146,1722.61303699286,4228.2,2026,26.79524087397769,1.1569389297312271,472
646242,"Díaz, Jhonathan",1.1,1.3333333333333333,25,2,8.0,23.4,144,585.4054481806663,3951.5,2026,26.79524087397769,1.1569389297312271,472
810938,"Williamson, Ben",5.0,5.0,50,0,0.0,23.5,143,1174.970462844734,2114.9,2026,26.79524087397769,1.1569389297312271,472
644433,"Tromp, Chadwick",1.0,1.0,16,1,6.2,23.4,143,375.15761853753736,3376.4,2026,26.79524087397769,1.1569389297312271,472
663795,"Hagenman, Justin",8.0,8.0,132,3,2.3,23.5,143,3095.4394567641552,3482.4,2026,26.79524087397769,1.1569389297312271,472
675919,"Raquet, Nick",3.2,3.6666666666666665,75,0,0.0,23.5,143,1761.6033727153263,4323.9,2026,26.79524087397769,1.1569389297312271,472
643361,"Herget, Kevin",1.0,1.0,11,1,9.1,23.7,141,260.33410278665974,2343.0,2026,26.79524087397769,1.1569389297312271,472
669920,"Alexander, Jason",18.1,18.333333333333332,300,13,4.3,23.8,139,7142.887981715384,3506.5,2026,26.79524087397769,1.1569389297312271,472
621053,"Ferguson, Tyler",18.2,18.666666666666668,293,13,4.4,24.0,137,7019.748149100696,3384.5,2026,26.79524087397769,1.1569389297312271,472
680880,"Holman, Grant",0.1,0.3333333333333333,34,1,2.9,24.1,135,818.371034413733,22096.0,2026,26.79524087397769,1.1569389297312271,472
573204,"Thielbar, Caleb",50.0,50.0,859,34,4.0,24.1,135,20720.718482670763,3729.7,2026,26.79524087397769,1.1569389297312271,472
672841,"Vargas, Carlos",19.0,19.0,282,13,4.6,24.1,135,6794.706447648941,3218.5,2026,26.79524087397769,1.1569389297312271,472
656577,"Jackson, Alex",2.0,2.0,26,1,3.8,24.2,134,629.262225418039,2831.7,2026,26.79524087397769,1.1569389297312271,472
676477,"Whitlock, Garrett",52.1,52.333333333333336,782,49,6.3,24.2,134,18927.824388504447,3255.1,2026,26.79524087397769,1.1569389297312271,472
622694,"Hernández, Elieser",12.0,12.0,221,12,5.4,24.1,134,5334.899444445505,4001.2,2026,26.79524087397769,1.1569389297312271,472
592155,"Booser, Cam",41.0,41.0,574,32,5.6,24.2,134,13895.092163435529,3050.1,2026,26.79524087397769,1.1569389297312271,472
689017,"Knack, Landon",11.2,11.666666666666666,187,9,4.8,24.3,133,4538.295409201743,3501.0,2026,26.79524087397769,1.1569389297312271,472
687287,"Monteverde, Patrick",4.0,4.0,65,2,3.1,24.3,133,1576.795252475539,3547.8,2026,26.79524087397769,1.1569389297312271,472
687134,"Blalock, Bradley",11.1,11.333333333333334,200,12,6.0,24.2,133,4843.963498546688,3846.7,2026,26.79524087397769,1.1569389297312271,472
663494,"Torres, Bryan",2.0,2.0,18,0,0.0,24.4,131,439.17562801088786,1976.3,2026,26.79524087397769,1.1569389297312271,472
666619,"Santos, Gregory",5.0,5.0,86,1,1.2,24.5,130,2106.579141259281,3791.8,2026,26.79524087397769,1.1569389297312271,472
694819,"Misiorowski, Jacob",174.2,174.66666666666666,2737,157,5.7,24.5,130,66982.04627520041,3451.4,2026,26.79524087397769,1.1569389297312271,472
690990,"Horton, Cade",7.1,7.333333333333333,92,4,4.3,24.5,130,2251.7900286449913,2763.6,2026,26.79524087397769,1.1569389297312271,472
701656,"Henderson, Logan",98.1,98.33333333333333,1577,98,6.2,24.5,130,38560.3249578001,3529.3,2026,26.79524087397769,1.1569389297312271,472
681320,"Lavender, Nate",21.2,21.666666666666668,294,14,4.8,24.6,129,7219.136162549238,2998.7,2026,26.79524087397769,1.1569389297312271,472
669373,"Skubal, Tarik",158.2,158.66666666666666,2451,154,6.3,24.5,129,60144.29610152024,3411.5,2026,26.79524087397769,1.1569389297312271,472
677053,"Nardi, Andrew",22.2,22.666666666666668,378,22,5.8,24.5,129,9274.816120020985,3682.6,2026,26.79524087397769,1.1569389297312271,472
664702,"Straw, Myles",4.0,4.0,54,3,5.6,24.7,128,1331.8184037172175,2996.6,2026,26.79524087397769,1.1569389297312271,472
676454,"Cellucci, Brendan",8.2,8.666666666666666,116,8,6.9,24.6,128,2854.4831657380446,2964.3,2026,26.79524087397769,1.1569389297312271,472
543037,"Cole, Gerrit",127.0,127.0,2035,126,6.2,24.6,128,50074.400066358976,3548.6,2026,26.79524087397769,1.1569389297312271,472
608348,"Kelly, Carson",3.0,3.0,29,1,3.4,24.7,127,716.1822019403912,2148.5,2026,26.79524087397769,1.1569389297312271,472
663158,"Suarez, Robert",34.0,34.0,514,40,7.8,24.7,127,12699.596738117003,3361.7,2026,26.79524087397769,1.1569389297312271,472
607259,"Martinez, Nick",180.0,180.0,2525,135,5.3,24.7,127,62462.15611284892,3123.1,2026,26.79524087397769,1.1569389297312271,472
683155,"Estes, Joey",7.1,7.333333333333333,125,9,7.2,24.7,127,3092.5347925773312,3795.4,2026,26.79524087397769,1.1569389297312271,472
669298,"Shook, TJ",7.2,7.666666666666667,135,13,9.6,24.8,126,3350.5088276207093,3933.2,2026,26.79524087397769,1.1569389297312271,472
669432,"Rogers, Trevor",169.2,169.66666666666666,2690,191,7.1,24.8,126,66644.3864679076,3535.2,2026,26.79524087397769,1.1569389297312271,472
656945,"Scott, Tanner",63.2,63.666666666666664,991,63,6.4,24.8,126,24574.485405885,3473.9,2026,26.79524087397769,1.1569389297312271,472
661527,"Martinez, Seth",1.0,1.0,22,0,0.0,24.8,126,545.0334217392029,4905.3,2026,26.79524087397769,1.1569389297312271,472
596133,"Weaver, Luke",60.1,60.333333333333336,908,59,6.5,24.8,126,22534.268229921898,3361.5,2026,26.79524087397769,1.1569389297312271,472
807739,"Anderson, Kade",35.2,35.666666666666664,541,31,5.7,24.8,126,13407.80426145527,3383.3,2026,26.79524087397769,1.1569389297312271,472
684007,"Imanaga, Shota",174.1,174.33333333333334,2811,172,6.1,24.9,125,69880.08129233151,3607.6,2026,26.79524087397769,1.1569389297312271,472
688107,"Gasser, Robert",109.1,109.33333333333333,1817,122,6.7,24.9,125,45248.58540684044,3724.7,2026,26.79524087397769,1.1569389297312271,472
804926,"Peterson, Austin",7.0,7.0,105,6,5.7,24.9,125,2613.9456643173803,3360.8,2026,26.79524087397769,1.1569389297312271,472
656876,"Rasmussen, Drew",172.0,172.0,2761,190,6.9,24.8,125,68570.99464618356,3588.0,2026,26.79524087397769,1.1569389297312271,472
693645,"Schlittler, Cam",193.2,193.66666666666666,3161,195,6.2,24.9,124,78767.55109159967,3660.5,2026,26.79524087397769,1.1569389297312271,472
668970,"Hollowell, Gavin",14.2,14.666666666666666,259,16,6.2,24.9,124,6458.759526584213,3963.3,2026,26.79524087397769,1.1569389297312271,472
694037,"Palencia, Daniel",29.2,29.666666666666668,509,28,5.5,25.0,124,12701.866819469366,3853.4,2026,26.79524087397769,1.1569389297312271,472
689690,"Jacob, Alek",5.0,5.0,87,6,6.9,25.0,124,2172.300156362984,3910.1,2026,26.79524087397769,1.1569389297312271,472
815081,"Manfredi, Mark",17.2,17.666666666666668,298,16,5.4,25.0,123,7461.191977590534,3801.0,2026,26.79524087397769,1.1569389297312271,472
682445,"Gonzalez, Domingo",7.2,7.666666666666667,129,7,5.4,25.0,123,3225.172153015337,3786.1,2026,26.79524087397769,1.1569389297312271,472
608379,"Wacha, Michael",200.2,200.66666666666666,3031,205,6.8,25.0,123,75748.78874908667,3397.4,2026,26.79524087397769,1.1569389297312271,472
623352,"Hader, Josh",44.2,44.666666666666664,709,65,9.2,25.0,123,17721.524956515772,3570.8,2026,26.79524087397769,1.1569389297312271,472
680686,"Gray, Josiah",4.0,4.0,58,5,8.6,25.1,123,1453.0977431095498,3269.5,2026,26.79524087397769,1.1569389297312271,472
669438,"Englert, Mason",39.1,39.333333333333336,693,47,6.8,25.0,123,17328.769066590066,3965.1,2026,26.79524087397769,1.1569389297312271,472
680736,"Wrobleski, Justin",140.0,140.0,2144,157,7.3,25.1,122,53833.07152537656,3460.7,2026,26.79524087397769,1.1569389297312271,472
682243,"Miller, Bryce",118.2,118.66666666666667,1890,134,7.1,25.1,122,47507.25838732927,3603.1,2026,26.79524087397769,1.1569389297312271,472
689266,"Dodd, Dylan",49.2,49.666666666666664,844,64,7.6,25.1,122,21166.140349495738,3835.5,2026,26.79524087397769,1.1569389297312271,472
687985,"White, Josh",0.2,0.6666666666666666,43,2,4.7,25.1,122,1080.7738746774487,14590.4,2026,26.79524087397769,1.1569389297312271,472
676105,"Criswell, Jeff",4.0,4.0,79,3,3.8,25.1,122,1982.657605342986,4461.0,2026,26.79524087397769,1.1569389297312271,472
668831,"Stallings, Garrett",14.0,14.0,194,17,8.8,25.1,122,4872.808938468161,3132.5,2026,26.79524087397769,1.1569389297312271,472
700249,"Povich, Cade",37.0,37.0,611,33,5.4,25.1,122,15356.699502377722,3735.4,2026,26.79524087397769,1.1569389297312271,472
808967,"Yamamoto, Yoshinobu",185.0,185.0,2740,210,7.7,25.1,122,68719.89237195207,3343.1,2026,26.79524087397769,1.1569389297312271,472
672282,"Detmers, Reid",185.0,185.0,2960,239,8.1,25.2,121,74517.894858452,3625.2,2026,26.79524087397769,1.1569389297312271,472
695049,"Kerry, Brett",13.2,13.666666666666666,212,15,7.1,25.2,121,5340.477965588454,3516.9,2026,26.79524087397769,1.1569389297312271,472
692230,"Rodriguez, Carlos",9.1,9.333333333333334,182,11,6.0,25.2,121,4586.394790280064,4422.6,2026,26.79524087397769,1.1569389297312271,472
607192,"Glasnow, Tyler",74.0,74.0,1156,88,7.6,25.2,121,29118.41160459131,3541.4,2026,26.79524087397769,1.1569389297312271,472
660271,"Ohtani, Shohei",85.2,85.66666666666667,1335,107,8.0,25.2,121,33589.06077637309,3528.8,2026,26.79524087397769,1.1569389297312271,472
669947,"Scholtens, Jesse",47.2,47.666666666666664,774,61,7.9,25.1,121,19465.894414062328,3675.4,2026,26.79524087397769,1.1569389297312271,472
683627,"Molina, Anthony",34.0,34.0,541,39,7.2,25.2,121,13625.529599109765,3606.8,2026,26.79524087397769,1.1569389297312271,472
677952,"Ashcraft, Braxton",165.1,165.33333333333334,2413,180,7.5,25.2,121,60753.74358477921,3307.2,2026,26.79524087397769,1.1569389297312271,472
669276,"Lee, Dylan",67.0,67.0,1104,91,8.2,25.2,120,27854.34928163017,3741.6,2026,26.79524087397769,1.1569389297312271,472
674003,"Bradford, Cody",44.0,44.0,719,53,7.4,25.3,120,18166.559992008355,3715.9,2026,26.79524087397769,1.1569389297312271,472
691594,"Sanoja, Javier",4.2,4.666666666666667,73,4,5.5,25.3,120,1845.4808717076846,3559.1,2026,26.79524087397769,1.1569389297312271,472
674370,"Bido, Osvaldo",18.2,18.666666666666668,317,23,7.3,25.2,120,8003.912623609982,3859.0,2026,26.79524087397769,1.1569389297312271,472
623168,"Heineman, Tyler",5.1,5.333333333333333,64,3,4.7,25.3,120,1618.355826189662,2731.0,2026,26.79524087397769,1.1569389297312271,472
621097,"Waguespack, Jacob",47.0,47.0,672,53,7.9,25.3,120,16972.704068073766,3250.1,2026,26.79524087397769,1.1569389297312271,472
571945,"Mikolas, Miles",116.0,116.0,1827,148,8.1,25.3,120,46152.3799031733,3580.8,2026,26.79524087397769,1.1569389297312271,472
683409,"Chivilli, Angel",16.2,16.666666666666668,285,19,6.7,25.3,120,7201.93218553376,3889.0,2026,26.79524087397769,1.1569389297312271,472
641778,"Lauer, Eric",108.1,108.33333333333333,1816,143,7.9,25.2,120,45849.986994468614,3809.1,2026,26.79524087397769,1.1569389297312271,472
670912,"Oviedo, Johan",3.2,3.6666666666666665,72,3,4.2,25.3,120,1818.758253668755,4464.2,2026,26.79524087397769,1.1569389297312271,472
663460,"Bubic, Kris",55.0,55.0,900,59,6.6,25.3,119,22796.018934792388,3730.3,2026,26.79524087397769,1.1569389297312271,472
669724,"Hanifee, Brenan",21.1,21.333333333333332,325,23,7.1,25.4,119,8239.562681114627,3476.1,2026,26.79524087397769,1.1569389297312271,472
685112,"McCambley, Zach",13.1,13.333333333333334,242,14,5.8,25.3,119,6129.668310897012,4137.5,2026,26.79524087397769,1.1569389297312271,472
687473,"Gusto, Ryan",88.0,88.0,1437,108,7.5,25.4,119,36435.92312023421,3726.4,2026,26.79524087397769,1.1569389297312271,472
687562,"Bennett, Jake",113.1,113.33333333333333,1627,124,7.6,25.3,119,41205.14514048389,3272.2,2026,26.79524087397769,1.1569389297312271,472
519242,"Sale, Chris",162.2,162.66666666666666,2691,204,7.6,25.3,119,68094.68219467271,3767.5,2026,26.79524087397769,1.1569389297312271,472
669060,"Wilson, Bryse",35.1,35.333333333333336,558,40,7.2,25.3,119,14144.558265415726,3602.9,2026,26.79524087397769,1.1569389297312271,472
543135,"Eovaldi, Nathan",145.2,145.66666666666666,2220,147,6.6,25.3,119,56244.51032688525,3475.1,2026,26.79524087397769,1.1569389297312271,472
571771,"Hernández, Enrique",1.0,1.0,8,0,0.0,25.3,119,202.6162589133659,1823.5,2026,26.79524087397769,1.1569389297312271,472
544150,"Suárez, Albert",63.0,63.0,971,62,6.4,25.3,119,24598.832130370647,3514.1,2026,26.79524087397769,1.1569389297312271,472
674073,"Weisenburger, Jack",12.2,12.666666666666666,205,14,6.8,25.4,119,5198.321188099707,3693.5,2026,26.79524087397769,1.1569389297312271,472
675911,"Strider, Spencer",39.0,39.0,691,40,5.8,25.3,119,17511.376574410777,4041.1,2026,26.79524087397769,1.1569389297312271,472
643511,"Rogers, Tyler",71.0,71.0,1038,78,7.5,25.4,119,26316.66802120585,3335.9,2026,26.79524087397769,1.1569389297312271,472
805427,"Sommers, Drew",39.2,39.666666666666664,651,59,9.1,25.4,118,16530.01851001984,3750.5,2026,26.79524087397769,1.1569389297312271,472
628452,"Iglesias, Raisel",60.0,60.0,935,94,10.1,25.4,118,23776.127587761777,3566.4,2026,26.79524087397769,1.1569389297312271,472
663568,"Kolek, Stephen",54.0,54.0,838,68,8.1,25.4,118,21305.72753676761,3551.0,2026,26.79524087397769,1.1569389297312271,472
699044,"Ullola, Miguel",16.2,16.666666666666668,267,21,7.9,25.4,118,6778.034969785825,3660.1,2026,26.79524087397769,1.1569389297312271,472
670329,"Garcia, Rico",67.0,67.0,1007,80,7.9,25.4,118,25595.373960109755,3438.2,2026,26.79524087397769,1.1569389297312271,472
693433,"Woo, Bryan",173.0,173.0,2670,229,8.6,25.4,118,67760.43972583677,3525.1,2026,26.79524087397769,1.1569389297312271,472
608718,"Suter, Brent",91.0,91.0,1567,121,7.7,25.5,117,39918.76448577328,3948.0,2026,26.79524087397769,1.1569389297312271,472
669310,"Van Eyk, CJ",11.2,11.666666666666666,225,17,7.6,25.5,117,5738.2001864958,4426.6,2026,26.79524087397769,1.1569389297312271,472
669212,"Morgan, Eli",19.1,19.333333333333332,339,23,6.8,25.5,117,8643.276683850854,4023.6,2026,26.79524087397769,1.1569389297312271,472
689225,"Brieske, Beau",25.1,25.333333333333332,387,30,7.8,25.5,117,9861.761265228934,3503.5,2026,26.79524087397769,1.1569389297312271,472
608566,"Márquez, Germán",53.0,53.0,920,63,6.8,25.5,117,23465.397919279243,3984.7,2026,26.79524087397769,1.1569389297312271,472
543243,"Gray, Sonny",169.0,169.0,2545,188,7.4,25.5,117,64818.2768659338,3451.9,2026,26.79524087397769,1.1569389297312271,472
686228,"Burgos, Juan",4.1,4.333333333333333,53,4,7.5,25.5,117,1350.9369250365783,2805.8,2026,26.79524087397769,1.1569389297312271,472
571510,"Boyd, Matthew",126.2,126.66666666666667,2015,168,8.3,25.5,117,51411.562652053566,3652.9,2026,26.79524087397769,1.1569389297312271,472
668942,"Rojas, Josh",1.0,1.0,13,0,0.0,25.5,117,330.86405328846445,2977.8,2026,26.79524087397769,1.1569389297312271,472
700413,"Uberstine, Tyler",2.2,2.6666666666666665,45,2,4.4,25.5,117,1146.7072659641024,3870.1,2026,26.79524087397769,1.1569389297312271,472
687239,"Peoples, Ben",16.1,16.333333333333332,282,17,6.0,25.5,117,7180.517702437707,3956.6,2026,26.79524087397769,1.1569389297312271,472
669194,"Nelson, Ryne",87.1,87.33333333333333,1379,102,7.4,25.5,117,35145.92652042239,3621.9,2026,26.79524087397769,1.1569389297312271,472
647336,"Soroka, Michael",116.0,116.0,1840,149,8.1,25.5,117,46921.217680181704,3640.4,2026,26.79524087397769,1.1569389297312271,472
808825,"Sears, Andrew",19.0,19.0,365,18,4.9,25.5,117,9295.599759681527,4403.2,2026,26.79524087397769,1.1569389297312271,472
596142,"Sánchez, Gary",2.0,2.0,33,0,0.0,25.6,116,844.5246565042772,3800.4,2026,26.79524087397769,1.1569389297312271,472
571927,"Matz, Steven",80.1,80.33333333333333,1345,94,7.0,25.6,116,34390.11157584812,3852.8,2026,26.79524087397769,1.1569389297312271,472
621381,"Strahm, Matt",35.2,35.666666666666664,634,40,6.3,25.6,116,16201.832623592827,4088.3,2026,26.79524087397769,1.1569389297312271,472
669302,"Gilbert, Logan",186.0,186.0,2991,250,8.4,25.6,116,76447.81346380519,3699.1,2026,26.79524087397769,1.1569389297312271,472
621345,"Minter, A.J.",45.2,45.666666666666664,679,49,7.2,25.6,116,17379.077536690158,3425.1,2026,26.79524087397769,1.1569389297312271,472
669330,"Wells, Tyler",72.0,72.0,1072,116,10.8,25.5,116,27372.109622195094,3421.5,2026,26.79524087397769,1.1569389297312271,472
605154,"Brebbia, John",4.1,4.333333333333333,94,6,6.4,25.6,116,2404.429874295156,4993.8,2026,26.79524087397769,1.1569389297312271,472
693855,"Seymour, Ian",132.2,132.66666666666666,2138,205,9.6,25.6,116,54729.117093915156,3712.8,2026,26.79524087397769,1.1569389297312271,472
805345,"Harris, Trent",23.1,23.333333333333332,368,21,5.7,25.6,116,9411.35038114715,3630.1,2026,26.79524087397769,1.1569389297312271,472
642585,"Bautista, Félix",1.2,1.6666666666666665,37,3,8.1,25.6,116,945.9319735988042,5108.0,2026,26.79524087397769,1.1569389297312271,472
690986,"Harrison, Kyle",115.2,115.66666666666667,2107,172,8.2,25.6,116,53936.364070570045,4196.8,2026,26.79524087397769,1.1569389297312271,472
676440,"Bibee, Tanner",188.0,188.0,2968,217,7.3,25.5,116,75812.10234892447,3629.3,2026,26.79524087397769,1.1569389297312271,472
679885,"Martinez, Justin",13.1,13.333333333333334,232,16,6.9,25.6,116,5933.763626926194,4005.3,2026,26.79524087397769,1.1569389297312271,472
595345,"Okert, Steven",67.2,67.66666666666667,1051,82,7.8,25.6,116,26891.547296759254,3576.7,2026,26.79524087397769,1.1569389297312271,472
681520,"Kelly, Antoine",1.1,1.3333333333333333,18,0,0.0,25.6,115,461.59250277321144,3115.7,2026,26.79524087397769,1.1569389297312271,472
693821,"Elder, Bryce",149.0,149.0,2247,177,7.9,25.6,115,57624.31071412145,3480.7,2026,26.79524087397769,1.1569389297312271,472
547973,"Chapman, Aroldis",51.2,51.666666666666664,857,63,7.4,25.7,115,22002.826671062732,3832.8,2026,26.79524087397769,1.1569389297312271,472
656730,"Megill, Trevor",61.2,61.666666666666664,912,87,9.5,25.6,115,23369.938489063,3410.7,2026,26.79524087397769,1.1569389297312271,472
672456,"Montero, Keider",155.0,155.0,2310,193,8.4,25.7,115,59281.94579858706,3442.2,2026,26.79524087397769,1.1569389297312271,472
660853,"De Los Santos, Enyel",71.1,71.33333333333333,1159,94,8.1,25.6,115,29687.641981205074,3745.6,2026,26.79524087397769,1.1569389297312271,472
665645,"Castro, Kervin",6.1,6.333333333333333,94,7,7.4,25.7,115,2412.8582593406995,3428.8,2026,26.79524087397769,1.1569389297312271,472
656222,"Beeks, Jalen",26.0,26.0,411,28,6.8,25.6,115,10540.903397588496,3648.8,2026,26.79524087397769,1.1569389297312271,472
669923,"Kirby, George",174.2,174.66666666666666,2764,246,8.9,25.6,115,70850.48420847373,3650.7,2026,26.79524087397769,1.1569389297312271,472
689254,"Fluharty, Mason",62.2,62.666666666666664,1044,88,8.4,25.6,115,26737.292688608395,3839.9,2026,26.79524087397769,1.1569389297312271,472
687849,"Kent, Zak",16.1,16.333333333333332,294,26,8.8,25.7,115,7545.5392510859165,4157.7,2026,26.79524087397769,1.1569389297312271,472
800048,"Messick, Parker",186.1,186.33333333333334,3041,245,8.1,25.7,115,78076.23721221671,3771.1,2026,26.79524087397769,1.1569389297312271,472
641329,"Baker, Bryan",62.1,62.333333333333336,995,93,9.3,25.6,115,25507.80340034237,3682.9,2026,26.79524087397769,1.1569389297312271,472
664199,"Clarke, Taylor",73.0,73.0,1078,95,8.8,25.6,115,27601.31096788826,3402.9,2026,26.79524087397769,1.1569389297312271,472
656457,"Gilbert, Tyler",6.0,6.0,135,7,5.2,25.6,115,3457.0581636997476,5185.6,2026,26.79524087397769,1.1569389297312271,472
592094,"Adam, Jason",34.1,34.333333333333336,610,48,7.9,25.6,115,15621.306228228686,4094.9,2026,26.79524087397769,1.1569389297312271,472
656492,"Griffin, Foster",172.2,172.66666666666666,2835,225,7.9,25.6,115,72615.22222569138,3785.0,2026,26.79524087397769,1.1569389297312271,472
678868,"Yean, Eddy",11.0,11.0,168,8,4.8,25.7,114,4319.619403751956,3534.2,2026,26.79524087397769,1.1569389297312271,472
605540,"Woodruff, Brandon",45.1,45.333333333333336,643,58,9.0,25.7,114,16532.49872717707,3282.2,2026,26.79524087397769,1.1569389297312271,472
601713,"Pivetta, Nick",34.2,34.666666666666664,644,57,8.9,25.8,114,16585.10715324893,4305.7,2026,26.79524087397769,1.1569389297312271,472
695445,"Lee, Chase",9.2,9.666666666666666,154,16,10.4,25.7,114,3965.0778002687653,3691.6,2026,26.79524087397769,1.1569389297312271,472
650911,"Sánchez, Cristopher",207.0,207.0,3282,274,8.3,25.7,114,84442.38614240606,3671.4,2026,26.79524087397769,1.1569389297312271,472
663556,"McClanahan, Shane",118.0,118.0,1830,150,8.2,25.7,114,47067.537840358746,3589.9,2026,26.79524087397769,1.1569389297312271,472
805326,"Schweitzer, Tyler",37.1,37.333333333333336,566,44,7.8,25.7,114,14574.188679658891,3513.4,2026,26.79524087397769,1.1569389297312271,472
471911,"Carrasco, Carlos",16.2,16.666666666666668,246,20,8.1,25.7,114,6317.620392996187,3411.5,2026,26.79524087397769,1.1569389297312271,472
666661,"Morillo, Juan",64.1,64.33333333333333,1045,80,7.7,25.7,114,26872.23062660717,3759.3,2026,26.79524087397769,1.1569389297312271,472
669199,"Bachar, Lake",86.2,86.66666666666667,1450,118,8.1,25.7,114,37260.09563019974,3869.3,2026,26.79524087397769,1.1569389297312271,472
641927,"Ober, Bailey",131.0,131.0,2099,191,9.1,25.7,114,53970.44125249091,3707.9,2026,26.79524087397769,1.1569389297312271,472
690440,"Hanner, Bradley",7.1,7.333333333333333,128,13,10.2,25.7,114,3290.099659511451,4037.8,2026,26.79524087397769,1.1569389297312271,472
664126,"Fairbanks, Pete",41.1,41.333333333333336,768,68,8.9,25.7,114,19719.841667043456,4293.8,2026,26.79524087397769,1.1569389297312271,472
670950,"Richards, Trevor",83.0,83.0,1319,117,8.9,25.7,114,33951.32279708209,3681.5,2026,26.79524087397769,1.1569389297312271,472
554430,"Wheeler, Zack",162.0,162.0,2717,227,8.4,25.7,114,69855.30185836999,3880.9,2026,26.79524087397769,1.1569389297312271,472
669622,"Bender, Anthony",34.1,34.333333333333336,543,47,8.7,25.7,114,13948.792808541264,3656.5,2026,26.79524087397769,1.1569389297312271,472
623149,"Sewald, Paul",53.1,53.333333333333336,858,76,8.9,25.7,114,22036.609161931494,3718.7,2026,26.79524087397769,1.1569389297312271,472
676051,"Heuer, Codi",9.2,9.666666666666666,189,13,6.9,25.7,114,4854.117205663516,4519.4,2026,26.79524087397769,1.1569389297312271,472
605400,"Nola, Aaron",175.1,175.33333333333334,2993,228,7.6,25.8,114,77077.38431253855,3956.4,2026,26.79524087397769,1.1569389297312271,472
687064,"Young, Brandon",156.2,156.66666666666666,2530,214,8.5,25.8,113,65256.32017744242,3748.8,2026,26.79524087397769,1.1569389297312271,472
674444,"Cruz, Steven",58.2,58.666666666666664,939,78,8.3,25.8,113,24228.53466165962,3716.9,2026,26.79524087397769,1.1569389297312271,472
607536,"Freeland, Kyle",135.1,135.33333333333334,2187,176,8.0,25.8,113,56460.67071649285,3754.8,2026,26.79524087397769,1.1569389297312271,472
702281,"Snelling, Robby",5.0,5.0,86,8,9.3,25.8,113,2215.196378159759,3987.4,2026,26.79524087397769,1.1569389297312271,472
667463,"King, John",49.2,49.666666666666664,723,52,7.2,25.8,113,18629.223704819036,3375.8,2026,26.79524087397769,1.1569389297312271,472
642546,"Hernández, Jonathan",25.1,25.333333333333332,418,29,6.9,25.8,113,10786.15433653014,3831.9,2026,26.79524087397769,1.1569389297312271,472
687330,"Kelly, Kevin",73.2,73.66666666666667,999,96,9.6,25.8,113,25762.013719718732,3147.4,2026,26.79524087397769,1.1569389297312271,472
805074,"Marte, Yunior",24.1,24.333333333333332,381,23,6.0,25.8,113,9835.53084332556,3637.8,2026,26.79524087397769,1.1569389297312271,472
700363,"Smith-Shawver, AJ",31.1,31.333333333333332,626,50,8.0,25.8,113,16143.065673315916,4636.8,2026,26.79524087397769,1.1569389297312271,472
608372,"Sugano, Tomoyuki",154.1,154.33333333333334,2526,243,9.6,25.9,112,65301.24396997377,3808.1,2026,26.79524087397769,1.1569389297312271,472
681347,"Burrows, Mike",94.2,94.66666666666667,1570,129,8.2,25.9,112,40609.992680396885,3860.8,2026,26.79524087397769,1.1569389297312271,472
694918,"Tidwell, Blade",56.2,56.666666666666664,960,89,9.3,25.9,112,24818.730686585186,3941.8,2026,26.79524087397769,1.1569389297312271,472
804267,"Thornton, Zac",84.1,84.33333333333333,1259,99,7.9,25.8,112,32535.957778602617,3472.2,2026,26.79524087397769,1.1569389297312271,472
676664,"Sears, JP",32.2,32.666666666666664,529,40,7.6,25.9,112,13705.153529077868,3775.9,2026,26.79524087397769,1.1569389297312271,472
645261,"Alcantara, Sandy",214.0,214.0,3293,289,8.8,25.9,112,85310.39578749215,3587.8,2026,26.79524087397769,1.1569389297312271,472
668909,"Williams, Gavin",184.1,184.33333333333334,2991,278,9.3,25.9,112,77475.88634630424,3782.7,2026,26.79524087397769,1.1569389297312271,472
686218,"Sheehan, Emmet",112.1,112.33333333333333,1960,163,8.3,25.9,112,50731.1555346507,4064.5,2026,26.79524087397769,1.1569389297312271,472
801139,"Tolle, Payton",148.2,148.66666666666666,2369,213,9.0,25.9,112,61314.354166872465,3711.9,2026,26.79524087397769,1.1569389297312271,472
641816,"Mahle, Tyler",149.0,149.0,2499,216,8.6,25.8,112,64582.16899138262,3900.9,2026,26.79524087397769,1.1569389297312271,472
669854,"Blanco, Ronel",33.2,33.666666666666664,570,41,7.2,25.9,112,14763.226901851887,3946.6,2026,26.79524087397769,1.1569389297312271,472
661563,"Gil, Luis",27.1,27.333333333333332,496,34,6.9,25.9,112,12822.028725991247,4221.9,2026,26.79524087397769,1.1569389297312271,472
683004,"Leiter, Jack",80.0,80.0,1397,101,7.2,25.9,112,36172.768915348955,4069.4,2026,26.79524087397769,1.1569389297312271,472
686580,"Slaten, Justin",31.1,31.333333333333332,508,44,8.7,25.9,111,13161.766692858831,3780.5,2026,26.79524087397769,1.1569389297312271,472
592454,"Kahnle, Tommy",9.0,9.0,168,13,7.7,25.9,111,4357.608633606712,4357.6,2026,26.79524087397769,1.1569389297312271,472
594798,"deGrom, Jacob",162.2,162.66666666666666,2747,255,9.3,26.0,111,71347.60819388714,3947.5,2026,26.79524087397769,1.1569389297312271,472
615698,"Quantrill, Cal",110.0,110.0,1673,145,8.7,26.0,111,43451.17868988134,3555.1,2026,26.79524087397769,1.1569389297312271,472
489446,"Yates, Kirby",42.1,42.333333333333336,726,66,9.1,25.9,111,18828.57551681661,4002.9,2026,26.79524087397769,1.1569389297312271,472
646241,"De Jesus, Enmanuel",42.1,42.333333333333336,669,64,9.6,26.0,111,17361.66161797324,3691.1,2026,26.79524087397769,1.1569389297312271,472
689441,"Crow, Coleman",18.2,18.666666666666668,299,36,12.0,26.0,111,7764.3979662271795,3743.5,2026,26.79524087397769,1.1569389297312271,472
641793,"Littell, Zack",124.1,124.33333333333333,1977,178,9.0,25.9,111,51240.24323143387,3709.1,2026,26.79524087397769,1.1569389297312271,472
641941,"Pagán, Emilio",42.2,42.666666666666664,676,55,8.1,25.9,111,17524.83588854209,3696.6,2026,26.79524087397769,1.1569389297312271,472
663567,"Lambert, Peter",155.2,155.66666666666666,2692,225,8.4,25.9,111,69760.5004678585,4033.3,2026,26.79524087397769,1.1569389297312271,472
676083,"Junk, Janson",123.2,123.66666666666667,1983,185,9.3,26.0,111,51500.99344622071,3748.1,2026,26.79524087397769,1.1569389297312271,472
596001,"Junis, Jakob",54.1,54.333333333333336,856,76,8.9,25.9,111,22182.132111752177,3674.3,2026,26.79524087397769,1.1569389297312271,472
694297,"Pfaadt, Brandon",136.0,136.0,2038,199,9.8,26.0,111,52896.980439328996,3500.5,2026,26.79524087397769,1.1569389297312271,472
689818,"Sandlin, David",40.1,40.333333333333336,660,59,8.9,26.1,110,17193.305141422097,3836.5,2026,26.79524087397769,1.1569389297312271,472
650633,"King, Michael",185.0,185.0,3150,257,8.2,26.0,110,81874.9527810205,3983.1,2026,26.79524087397769,1.1569389297312271,472
650960,"Duarte, Daniel",29.2,29.666666666666668,463,48,10.4,26.0,110,12055.415997588825,3657.3,2026,26.79524087397769,1.1569389297312271,472
663542,"Hudson, Bryan",67.1,67.33333333333333,1069,96,9.0,26.0,110,27812.621338361987,3717.5,2026,26.79524087397769,1.1569389297312271,472
680744,"Madden, Ty",47.0,47.0,756,62,8.2,26.0,110,19683.653764897306,3769.2,2026,26.79524087397769,1.1569389297312271,472
623465,"Phillips, Evan",26.0,26.0,451,55,12.2,26.0,110,11732.290060852942,4061.2,2026,26.79524087397769,1.1569389297312271,472
680732,"Burke, Sean",172.1,172.33333333333334,2952,301,10.2,26.0,110,76767.55711683414,4009.1,2026,26.79524087397769,1.1569389297312271,472
663554,"Mize, Casey",131.1,131.33333333333334,2083,180,8.6,26.0,110,54213.95573629601,3715.2,2026,26.79524087397769,1.1569389297312271,472
682982,"Espino, Daniel",15.1,15.333333333333334,285,22,7.7,26.0,110,7423.624492594037,4357.3,2026,26.79524087397769,1.1569389297312271,472
682610,"Muñoz, Roddery",4.0,4.0,113,13,11.5,26.0,110,2939.587066748358,6614.1,2026,26.79524087397769,1.1569389297312271,472
641755,"Kinley, Tyler",57.1,57.333333333333336,925,76,8.2,26.0,110,24062.647434877286,3777.3,2026,26.79524087397769,1.1569389297312271,472
669713,"Wesneski, Hayden",61.0,61.0,899,83,9.2,26.0,110,23373.284928587444,3448.5,2026,26.79524087397769,1.1569389297312271,472
681190,"Vásquez, Randy",140.2,140.66666666666666,2230,196,8.8,26.0,110,58051.521640605424,3714.2,2026,26.79524087397769,1.1569389297312271,472
571882,"Law, Derek",9.0,9.0,155,6,3.9,26.1,110,4038.3390962463377,4038.3,2026,26.79524087397769,1.1569389297312271,472
677960,"Weathers, Ryan",137.1,137.33333333333334,2290,201,8.8,26.1,109,59770.4061272406,3917.0,2026,26.79524087397769,1.1569389297312271,472
703615,"Cabrera, Jose",28.1,28.333333333333332,464,39,8.4,26.1,109,12094.754672064899,3841.9,2026,26.79524087397769,1.1569389297312271,472
801403,"Dollander, Chase",44.0,44.0,743,64,8.6,26.1,109,19384.8611115169,3965.1,2026,26.79524087397769,1.1569389297312271,472
702021,"Dion, Will",49.2,49.666666666666664,792,78,9.8,26.1,109,20687.616916418814,3748.8,2026,26.79524087397769,1.1569389297312271,472
669456,"Bieber, Shane",55.2,55.666666666666664,930,79,8.5,26.1,109,24264.42032821278,3923.0,2026,26.79524087397769,1.1569389297312271,472
661395,"Duran, Jhoan",59.1,59.333333333333336,994,96,9.7,26.1,109,25979.177157427577,3940.7,2026,26.79524087397769,1.1569389297312271,472
683003,"Jones, Jared",101.2,101.66666666666667,1634,179,11.0,26.1,109,42669.0599642044,3777.3,2026,26.79524087397769,1.1569389297312271,472
607074,"Rodón, Carlos",84.1,84.33333333333333,1438,143,9.9,26.1,109,37579.433193924524,4010.5,2026,26.79524087397769,1.1569389297312271,472
656848,"Petersen, Michael",65.2,65.66666666666667,1137,116,10.2,26.1,109,29712.558349016344,4072.3,2026,26.79524087397769,1.1569389297312271,472
808963,"Sasaki, Roki",122.1,122.33333333333333,2137,214,10.0,26.1,109,55749.34758606582,4101.5,2026,26.79524087397769,1.1569389297312271,472
623454,"Anderson, Drew",108.0,108.0,1772,168,9.5,26.1,109,46263.929102212416,3855.3,2026,26.79524087397769,1.1569389297312271,472
681252,"Anderson, Jack",12.1,12.333333333333334,182,24,13.2,26.1,109,4748.427341286411,3465.1,2026,26.79524087397769,1.1569389297312271,472
669165,"Hurt, Kyle",45.2,45.666666666666664,746,60,8.0,26.1,109,19493.363432341095,3841.8,2026,26.79524087397769,1.1569389297312271,472
693686,"Miles, Spencer",95.2,95.66666666666667,1510,145,9.6,26.1,108,39475.60507511405,3713.7,2026,26.79524087397769,1.1569389297312271,472
672578,"Hernández, Carlos",3.0,3.0,51,6,11.8,26.2,108,1336.9325963423048,4010.8,2026,26.79524087397769,1.1569389297312271,472
675540,"Curry, Xzavion",21.1,21.333333333333332,349,28,8.0,26.2,108,9129.631714932457,3851.6,2026,26.79524087397769,1.1569389297312271,472
671737,"Bradley, Taj",178.1,178.33333333333334,2998,301,10.0,26.2,108,78421.02105260729,3957.7,2026,26.79524087397769,1.1569389297312271,472
657746,"Ryan, Joe",144.2,144.66666666666666,2443,244,10.0,26.2,108,63935.63776874534,3977.6,2026,26.79524087397769,1.1569389297312271,472
642528,"Loáisiga, Jonathan",67.0,67.0,974,108,11.1,26.2,108,25475.14781194091,3422.0,2026,26.79524087397769,1.1569389297312271,472
666142,"Ragans, Cole",35.1,35.333333333333336,639,59,9.2,26.2,108,16737.443117723808,4263.3,2026,26.79524087397769,1.1569389297312271,472
676974,"Meyer, Max",111.0,111.0,1791,185,10.3,26.2,108,46869.87339879207,3800.3,2026,26.79524087397769,1.1569389297312271,472
685299,"Gordon, Tanner",103.2,103.66666666666667,1700,168,9.9,26.2,108,44523.19898592255,3865.4,2026,26.79524087397769,1.1569389297312271,472
664353,"Urquidy, José",36.1,36.333333333333336,608,70,11.5,26.2,108,15938.836338422705,3948.2,2026,26.79524087397769,1.1569389297312271,472
683363,"Wilkinson, Matt",27.2,27.666666666666668,419,37,8.8,26.2,108,10968.823389266656,3568.2,2026,26.79524087397769,1.1569389297312271,472
592332,"Gausman, Kevin",177.2,177.66666666666666,3059,306,10.0,26.2,108,80065.90661100387,4055.9,2026,26.79524087397769,1.1569389297312271,472
690279,"Adams, Mason",29.0,29.0,468,38,8.1,26.2,108,12241.31170350429,3799.0,2026,26.79524087397769,1.1569389297312271,472
691725,"Painter, Andrew",126.2,126.66666666666667,2164,203,9.4,26.2,108,56626.6646573131,4023.5,2026,26.79524087397769,1.1569389297312271,472
675660,"Drohan, Shane",124.2,124.66666666666667,2001,171,8.5,26.1,108,52307.66293768962,3776.2,2026,26.79524087397769,1.1569389297312271,472
657277,"Webb, Logan",160.2,160.66666666666666,2489,249,10.0,26.2,107,65257.62657017487,3655.5,2026,26.79524087397769,1.1569389297312271,472
805673,"Matthews, Zebby",130.1,130.33333333333334,2117,209,9.9,26.3,107,55610.384969885185,3840.1,2026,26.79524087397769,1.1569389297312271,472
681799,"Roberts, Ethan",25.2,25.666666666666668,437,41,9.4,26.3,107,11475.489833110878,4023.9,2026,26.79524087397769,1.1569389297312271,472
682254,"Montgomery, Mason",68.2,68.66666666666667,1177,104,8.8,26.2,107,30875.544316864773,4046.8,2026,26.79524087397769,1.1569389297312271,472
680916,"Aleman, Franco",22.1,22.333333333333332,427,32,7.5,26.2,107,11201.305605206522,4514.0,2026,26.79524087397769,1.1569389297312271,472
656641,"Latz, Jacob",72.0,72.0,1152,123,10.7,26.2,107,30206.343341654814,3775.8,2026,26.79524087397769,1.1569389297312271,472
691008,"Rajcic, Max",9.0,9.0,163,11,6.7,26.3,107,4285.888199280673,4285.9,2026,26.79524087397769,1.1569389297312271,472
607200,"Fedde, Erick",141.0,141.0,2456,215,8.8,26.3,107,64553.249821828555,4120.4,2026,26.79524087397769,1.1569389297312271,472
607067,"Rea, Colin",137.0,137.0,2226,190,8.5,26.2,107,58432.199258495115,3838.6,2026,26.79524087397769,1.1569389297312271,472
667755,"Soriano, José",177.1,177.33333333333334,2921,245,8.4,26.3,107,76745.37793388082,3895.0,2026,26.79524087397769,1.1569389297312271,472
681035,"Scott, Christian",110.0,110.0,1965,189,9.6,26.3,107,51613.960474963285,4223.0,2026,26.79524087397769,1.1569389297312271,472
702056,"Yesavage, Trey",97.2,97.66666666666667,1619,152,9.4,26.3,107,42504.819027792735,3916.8,2026,26.79524087397769,1.1569389297312271,472
663765,"Woodford, Jake",27.2,27.666666666666668,485,41,8.5,26.3,107,12738.013996681635,4143.7,2026,26.79524087397769,1.1569389297312271,472
670062,"Garcia, Julian",46.0,46.0,713,71,10.0,26.3,107,18745.675492565464,3667.6,2026,26.79524087397769,1.1569389297312271,472
662253,"Muñoz, Andrés",57.1,57.333333333333336,953,91,9.5,26.3,107,25032.618683765057,3929.5,2026,26.79524087397769,1.1569389297312271,472
593974,"Peralta, Wandy",77.1,77.33333333333333,1230,125,10.2,26.3,107,32297.9618293932,3758.8,2026,26.79524087397769,1.1569389297312271,472
663362,"Waldron, Matt",42.2,42.666666666666664,690,74,10.7,26.2,107,18109.43490266855,3820.0,2026,26.79524087397769,1.1569389297312271,472
694973,"Skenes, Paul",174.1,174.33333333333334,2890,297,10.3,26.4,106,76205.2461397734,3934.1,2026,26.79524087397769,1.1569389297312271,472
666200,"Luzardo, Jesús",179.2,179.66666666666666,2941,311,10.6,26.3,106,77456.51000426074,3880.0,2026,26.79524087397769,1.1569389297312271,472
668834,"McGee, Easton",11.1,11.333333333333334,184,21,11.4,26.3,106,4847.767535598034,3849.7,2026,26.79524087397769,1.1569389297312271,472
668964,"Myers, Tobias",53.2,53.666666666666664,840,86,10.2,26.3,106,22122.806508227583,3710.0,2026,26.79524087397769,1.1569389297312271,472
663947,"Holton, Tyler",72.0,72.0,1130,109,9.6,26.3,106,29759.11126810358,3719.9,2026,26.79524087397769,1.1569389297312271,472
669620,"Basso, Brady",43.0,43.0,704,71,10.1,26.3,106,18517.426284464545,3875.7,2026,26.79524087397769,1.1569389297312271,472
624133,"Suarez, Ranger",148.1,148.33333333333334,2387,241,10.1,26.3,106,62830.08205776537,3812.2,2026,26.79524087397769,1.1569389297312271,472
702474,"Paredes, Mike",34.1,34.333333333333336,552,47,8.5,26.3,106,14534.868151326436,3810.1,2026,26.79524087397769,1.1569389297312271,472
640455,"Manaea, Sean",150.2,150.66666666666666,2493,268,10.8,26.3,106,65655.41020357564,3921.9,2026,26.79524087397769,1.1569389297312271,472
671922,"Smith, Cade",74.0,74.0,1253,145,11.6,26.3,106,32950.919048514894,4007.5,2026,26.79524087397769,1.1569389297312271,472
691587,"Pérez, Eury",159.0,159.0,2678,286,10.7,26.3,106,70549.12513879842,3993.3,2026,26.79524087397769,1.1569389297312271,472
656240,"Blewett, Scott",37.1,37.333333333333336,589,57,9.7,26.3,106,15511.889594543003,3739.5,2026,26.79524087397769,1.1569389297312271,472
571948,"Milner, Hoby",42.0,42.0,678,68,10.0,26.3,106,17862.82912695228,3827.7,2026,26.79524087397769,1.1569389297312271,472
682989,"Mederos, Victor",34.1,34.333333333333336,599,45,7.5,26.3,106,15760.328288065826,4131.3,2026,26.79524087397769,1.1569389297312271,472
804619,"Klein, John",8.1,8.333333333333334,148,16,10.8,26.4,106,3899.9762030892157,4212.0,2026,26.79524087397769,1.1569389297312271,472
690829,"Joyce, Ben",15.1,15.333333333333334,263,28,10.6,26.3,106,6927.975534818716,4066.4,2026,26.79524087397769,1.1569389297312271,472
607625,"Lugo, Seth",172.1,172.33333333333334,2859,261,9.1,26.3,106,75333.01586758805,3934.2,2026,26.79524087397769,1.1569389297312271,472
681517,"Leahy, Kyle",140.0,140.0,2328,180,7.7,26.4,106,61376.34805350231,3945.6,2026,26.79524087397769,1.1569389297312271,472
702303,"Martin, Riley",8.1,8.333333333333334,118,13,11.0,26.3,106,3108.087769510874,3356.7,2026,26.79524087397769,1.1569389297312271,472
681982,"Anderson, Grant",59.0,59.0,924,82,8.9,26.4,106,24365.378842114606,3716.8,2026,26.79524087397769,1.1569389297312271,472
676917,"Cavalli, Cade",169.2,169.66666666666666,2782,275,9.9,26.3,106,73149.90092507999,3880.3,2026,26.79524087397769,1.1569389297312271,472
624522,"Thompson, Keegan",12.0,12.0,195,17,8.7,26.3,106,5130.197238056603,3847.6,2026,26.79524087397769,1.1569389297312271,472
663623,"Irvin, Jake",106.2,106.66666666666667,1939,185,9.5,26.4,106,51106.261222804744,4312.1,2026,26.79524087397769,1.1569389297312271,472
669467,"Pallante, Andre",162.0,162.0,2642,255,9.7,26.4,106,69656.2415420852,3869.8,2026,26.79524087397769,1.1569389297312271,472
592773,"Stanek, Ryne",62.2,62.666666666666664,1081,103,9.5,26.3,106,28444.41941311247,4085.1,2026,26.79524087397769,1.1569389297312271,472
605242,"Fulmer, Michael",13.2,13.666666666666666,268,23,8.6,26.3,106,7052.9223534527655,4644.6,2026,26.79524087397769,1.1569389297312271,472
605280,"Holmes, Clay",101.1,101.33333333333333,1614,153,9.5,26.4,106,42543.22387834248,3778.5,2026,26.79524087397769,1.1569389297312271,472
700241,"McGreevy, Michael",168.2,168.66666666666666,2774,240,8.7,26.4,105,73297.63769581134,3911.1,2026,26.79524087397769,1.1569389297312271,472
672582,"Zerpa, Angel",12.2,12.666666666666666,216,24,11.1,26.4,105,5712.417977732449,4058.8,2026,26.79524087397769,1.1569389297312271,472
690997,"McLean, Nolan",179.2,179.66666666666666,2915,295,10.1,26.4,105,77038.84485692494,3859.1,2026,26.79524087397769,1.1569389297312271,472
656302,"Cease, Dylan",169.0,169.0,2896,302,10.4,26.4,105,76560.81433998841,4077.2,2026,26.79524087397769,1.1569389297312271,472
660604,"Rangel, Alan",26.0,26.0,491,46,9.4,26.4,105,12979.39687162976,4492.9,2026,26.79524087397769,1.1569389297312271,472
676106,"Hancock, Emerson",138.2,138.66666666666666,2176,210,9.7,26.4,105,57516.99565030582,3733.1,2026,26.79524087397769,1.1569389297312271,472
695505,"Burns, Chase",154.1,154.33333333333334,2569,241,9.4,26.4,105,67921.80775748951,3960.9,2026,26.79524087397769,1.1569389297312271,472
695549,"Jobe, Jackson",46.0,46.0,771,68,8.8,26.4,105,20345.0008309865,3980.5,2026,26.79524087397769,1.1569389297312271,472
695684,"Rodríguez, Elmer",26.2,26.666666666666668,497,38,7.6,26.4,105,13109.398602169973,4424.4,2026,26.79524087397769,1.1569389297312271,472
643377,"Jax, Griffin",112.1,112.33333333333333,1732,191,11.0,26.4,105,45680.54939295774,3659.9,2026,26.79524087397769,1.1569389297312271,472
605218,"Edwards Jr., Carl",6.0,6.0,99,11,11.1,26.4,105,2614.492510506348,3921.7,2026,26.79524087397769,1.1569389297312271,472
663423,"Thornton, Trent",48.1,48.333333333333336,718,49,6.8,26.4,105,18978.540890259417,3533.9,2026,26.79524087397769,1.1569389297312271,472
670245,"Watson, Ryan",72.0,72.0,1146,106,9.2,26.4,105,30259.90034174101,3782.5,2026,26.79524087397769,1.1569389297312271,472
700842,"Rivera, Eduardo",10.0,10.0,210,19,9.0,26.4,105,5543.482469452124,4989.1,2026,26.79524087397769,1.1569389297312271,472
680730,"Parker, Mitchell",39.2,39.666666666666664,665,62,9.3,26.4,105,17561.316093988335,3984.5,2026,26.79524087397769,1.1569389297312271,472
669371,"Henry, Cole",13.2,13.666666666666666,282,23,8.2,26.4,105,7440.313961812563,4899.7,2026,26.79524087397769,1.1569389297312271,472
669160,"May, Dustin",145.2,145.66666666666666,2400,228,9.5,26.4,105,63467.12253549111,3921.3,2026,26.79524087397769,1.1569389297312271,472
621111,"Buehler, Walker",153.2,153.66666666666666,2615,284,10.9,26.4,105,69140.49304675235,4049.4,2026,26.79524087397769,1.1569389297312271,472
681911,"Vesia, Alex",58.0,58.0,1039,110,10.6,26.4,105,27410.22063348294,4253.3,2026,26.79524087397769,1.1569389297312271,472
594027,"Guerrero, Tyron",40.2,40.666666666666664,612,56,9.2,26.4,105,16155.549452241774,3575.4,2026,26.79524087397769,1.1569389297312271,472
445276,"Jansen, Kenley",45.0,45.0,729,88,12.1,26.4,105,19251.860421651883,3850.4,2026,26.79524087397769,1.1569389297312271,472
813349,"Early, Connelly",94.2,94.66666666666667,1563,147,9.4,26.4,104,41339.466452116474,3930.2,2026,26.79524087397769,1.1569389297312271,472
605335,"Leibrandt, Brandon",6.0,6.0,100,6,6.0,26.5,104,2646.5420377807773,3969.8,2026,26.79524087397769,1.1569389297312271,472
695243,"Miller, Mason",70.0,70.0,1213,110,9.1,26.5,104,32119.1590963769,4129.6,2026,26.79524087397769,1.1569389297312271,472
684974,"Yoho, Craig",38.1,38.333333333333336,635,79,12.4,26.5,104,16840.818757182627,3953.9,2026,26.79524087397769,1.1569389297312271,472
622491,"Castillo, Luis",130.2,130.66666666666666,2372,249,10.5,26.5,104,62912.644875096245,4333.3,2026,26.79524087397769,1.1569389297312271,472
677976,"Dobnak, Randy",74.1,74.33333333333333,1264,132,10.4,26.5,104,33503.78541833999,4056.5,2026,26.79524087397769,1.1569389297312271,472
675512,"Melton, Troy",114.1,114.33333333333333,1773,183,10.3,26.5,104,46990.278504976675,3698.9,2026,26.79524087397769,1.1569389297312271,472
678906,"Teng, Kai-Wei",73.2,73.66666666666667,1266,102,8.1,26.5,104,33495.21138520016,4092.2,2026,26.79524087397769,1.1569389297312271,472
642232,"Yarbrough, Ryan",63.1,63.333333333333336,1064,103,9.7,26.5,104,28158.24650463301,4001.4,2026,26.79524087397769,1.1569389297312271,472
701121,"VanWey, Logan",12.2,12.666666666666666,197,20,10.2,26.5,104,5213.057807442917,3704.0,2026,26.79524087397769,1.1569389297312271,472
701542,"Warren, Will",156.0,156.0,2665,270,10.1,26.5,104,70585.5166126484,4072.2,2026,26.79524087397769,1.1569389297312271,472
702070,"Cameron, Noah",177.1,177.33333333333334,2895,320,11.1,26.5,104,76787.85611193595,3897.1,2026,26.79524087397769,1.1569389297312271,472
702566,"Murphy, Owen",12.0,12.0,212,27,12.7,26.5,104,5616.952003359483,4212.7,2026,26.79524087397769,1.1569389297312271,472
702885,"Perdomo, Cesar",24.2,24.666666666666668,375,30,8.0,26.5,104,9933.798599304178,3624.5,2026,26.79524087397769,1.1569389297312271,472
696146,"Smith, Hagen",28.0,28.0,558,54,9.7,26.5,104,14775.790962700685,4749.4,2026,26.79524087397769,1.1569389297312271,472
693308,"Frasso, Nick",21.2,21.666666666666668,391,46,11.8,26.5,104,10371.009830777242,4308.0,2026,26.79524087397769,1.1569389297312271,472
687531,"Kempner, William",12.1,12.333333333333334,199,20,10.1,26.5,104,5266.252946436349,3842.9,2026,26.79524087397769,1.1569389297312271,472
664141,"Brubaker, JT",60.1,60.333333333333336,1002,105,10.5,26.4,104,26501.831866144403,3953.3,2026,26.79524087397769,1.1569389297312271,472
665152,"Kremer, Dean",90.1,90.33333333333333,1467,147,10.0,26.5,104,38893.505378463364,3875.0,2026,26.79524087397769,1.1569389297312271,472
687570,"Prielipp, Connor",125.2,125.66666666666667,2069,212,10.2,26.6,103,54951.24185383011,3935.5,2026,26.79524087397769,1.1569389297312271,472
666374,"Brash, Matt",16.2,16.666666666666668,263,24,9.1,26.6,103,6983.849128604545,3771.3,2026,26.79524087397769,1.1569389297312271,472
694477,"Patrick, Chad",106.0,106.0,1739,164,9.4,26.6,103,46179.85683813442,3920.9,2026,26.79524087397769,1.1569389297312271,472
606965,"Devenski, Chris",7.2,7.666666666666667,134,13,9.7,26.6,103,3563.806202019783,4183.6,2026,26.79524087397769,1.1569389297312271,472
669145,"Zimmermann, Bruce",5.0,5.0,72,6,8.3,26.6,103,1913.8572375869765,3444.9,2026,26.79524087397769,1.1569389297312271,472
608331,"Fried, Max",112.2,112.66666666666667,1794,182,10.1,26.5,103,47615.69439557009,3803.6,2026,26.79524087397769,1.1569389297312271,472
696147,"Bachman, Sam",48.2,48.666666666666664,834,78,9.4,26.6,103,22160.463414611568,4098.2,2026,26.79524087397769,1.1569389297312271,472
663969,"Phillips, Tyler",126.2,126.66666666666667,2037,200,9.8,26.6,103,54145.01508187001,3847.1,2026,26.79524087397769,1.1569389297312271,472
664299,"Javier, Cristian",63.0,63.0,1110,104,9.4,26.6,103,29486.67736978875,4212.4,2026,26.79524087397769,1.1569389297312271,472
681084,"Andrews, Tanner",3.0,3.0,43,4,9.3,26.5,103,1141.2926566962176,3423.9,2026,26.79524087397769,1.1569389297312271,472
677944,"Cecconi, Slade",121.0,121.0,2009,200,10.0,26.5,103,53304.84856793224,3964.8,2026,26.79524087397769,1.1569389297312271,472
676694,"Meyers, Jake",1.0,1.0,9,1,11.1,26.5,103,238.91617792903764,2150.2,2026,26.79524087397769,1.1569389297312271,472
621074,"Rucker, Michael",43.2,43.666666666666664,757,84,11.1,26.6,103,20137.48073631929,4150.5,2026,26.79524087397769,1.1569389297312271,472
663558,"Morán, Jovani",65.2,65.66666666666667,1070,107,10.0,26.6,103,28427.32081342388,3896.1,2026,26.79524087397769,1.1569389297312271,472
686930,"Barnett, Mason",50.0,50.0,915,79,8.6,26.5,103,24281.28133376331,4370.6,2026,26.79524087397769,1.1569389297312271,472
668984,"Legumina, Casey",71.2,71.66666666666667,1148,120,10.5,26.6,103,30493.36365694144,3829.4,2026,26.79524087397769,1.1569389297312271,472
453286,"Scherzer, Max",84.2,84.66666666666667,1462,167,11.4,26.5,103,38804.39309973493,4124.9,2026,26.79524087397769,1.1569389297312271,472
700712,"Ureña, Walbert",148.1,148.33333333333334,2490,255,10.2,26.6,102,66350.17019247344,4025.7,2026,26.79524087397769,1.1569389297312271,472
642100,"Speier, Gabe",46.0,46.0,706,75,10.6,26.6,102,18787.897968460944,3675.9,2026,26.79524087397769,1.1569389297312271,472
687396,"Headrick, Brent",78.1,78.33333333333333,1300,149,11.5,26.7,102,34670.663601648725,3983.4,2026,26.79524087397769,1.1569389297312271,472
663738,"Lynch IV, Daniel",86.0,86.0,1300,129,9.9,26.6,102,34641.516083565635,3625.3,2026,26.79524087397769,1.1569389297312271,472
593958,"Rodriguez, Eduardo",189.2,189.66666666666666,3068,304,9.9,26.7,102,81824.70154237533,3882.7,2026,26.79524087397769,1.1569389297312271,472
657044,"Thompson, Ryan",40.2,40.666666666666664,667,70,10.5,26.7,102,17794.66344435238,3938.2,2026,26.79524087397769,1.1569389297312271,472
657097,"Webb, Jacob",67.0,67.0,1155,107,9.3,26.6,102,30742.289343897944,4129.6,2026,26.79524087397769,1.1569389297312271,472
548384,"Raley, Brooks",52.2,52.666666666666664,846,92,10.9,26.7,102,22569.5476510963,3856.8,2026,26.79524087397769,1.1569389297312271,472
694346,"Gibson, Trey",39.2,39.666666666666664,711,70,9.8,26.7,102,18966.090310882737,4303.2,2026,26.79524087397769,1.1569389297312271,472
669022,"Gore, MacKenzie",173.0,173.0,2969,299,10.1,26.6,102,79035.13499979067,4111.7,2026,26.79524087397769,1.1569389297312271,472
686613,"Brown, Hunter",107.1,107.33333333333333,1917,191,10.0,26.6,102,51040.927674140774,4279.8,2026,26.79524087397769,1.1569389297312271,472
667652,"Ralston, Jack",17.1,17.333333333333332,312,32,10.3,26.6,102,8305.16370939209,4312.3,2026,26.79524087397769,1.1569389297312271,472
805299,"Garcia, Brandyn",51.1,51.333333333333336,710,72,10.1,26.7,102,18931.444468931546,3319.1,2026,26.79524087397769,1.1569389297312271,472
665795,"Cabrera, Edward",80.0,80.0,1353,156,11.5,26.6,102,35999.56485761326,4050.0,2026,26.79524087397769,1.1569389297312271,472
695534,"Petty, Chase",31.2,31.666666666666668,477,60,12.6,26.6,102,12697.971748182728,3608.9,2026,26.79524087397769,1.1569389297312271,472
682052,"Lopez, Jacob",123.1,123.33333333333333,2244,214,9.5,26.7,102,59855.06369333201,4367.8,2026,26.79524087397769,1.1569389297312271,472
656849,"Peterson, David",148.1,148.33333333333334,2507,244,9.7,26.7,101,66909.23665975772,4059.7,2026,26.79524087397769,1.1569389297312271,472
694341,"Beck, Brendan",12.2,12.666666666666666,246,32,13.0,26.7,101,6568.025349065901,4666.8,2026,26.79524087397769,1.1569389297312271,472
683769,"Gaddis, Hunter",60.1,60.333333333333336,988,100,10.1,26.7,101,26381.271802948766,3935.3,2026,26.79524087397769,1.1569389297312271,472
572955,"Johnson, Pierce",48.2,48.666666666666664,840,84,10.0,26.7,101,22434.680147600197,4148.9,2026,26.79524087397769,1.1569389297312271,472
668941,"Romero, JoJo",56.1,56.333333333333336,945,110,11.6,26.7,101,25212.590528635923,4028.0,2026,26.79524087397769,1.1569389297312271,472
592791,"Taillon, Jameson",86.0,86.0,1447,136,9.4,26.7,101,38701.04554838387,4050.1,2026,26.79524087397769,1.1569389297312271,472
605288,"Houser, Adrian",109.2,109.66666666666667,1732,171,9.9,26.7,101,46242.672959423944,3795.0,2026,26.79524087397769,1.1569389297312271,472
814490,"Pecko, Ethan",34.1,34.333333333333336,572,51,8.9,26.7,101,15291.472951445612,4008.4,2026,26.79524087397769,1.1569389297312271,472
801434,"Gervase, Paul",7.2,7.666666666666667,124,12,9.7,26.7,101,3309.7809557796727,3885.4,2026,26.79524087397769,1.1569389297312271,472
642048,"Saucedo, Tayler",21.1,21.333333333333332,343,36,10.5,26.7,101,9170.46579341752,3868.8,2026,26.79524087397769,1.1569389297312271,472
678061,"Kerr, Ray",18.1,18.333333333333332,301,38,12.6,26.7,101,8035.721797104539,3944.8,2026,26.79524087397769,1.1569389297312271,472
686753,"Jameson, Drey",19.1,19.333333333333332,306,28,9.2,26.7,101,8175.068088598282,3805.6,2026,26.79524087397769,1.1569389297312271,472
680694,"Bradish, Kyle",155.0,155.0,2630,257,9.8,26.7,101,70215.05464785927,4077.0,2026,26.79524087397769,1.1569389297312271,472
682608,"Gray, Peyton",56.0,56.0,954,110,11.5,26.7,101,25479.418209207735,4094.9,2026,26.79524087397769,1.1569389297312271,472
656271,"Burke, Brock",74.1,74.33333333333333,1205,121,10.0,26.7,101,32212.4536365096,3900.2,2026,26.79524087397769,1.1569389297312271,472
656605,"Keller, Mitch",115.2,115.66666666666667,1888,204,10.8,26.7,101,50456.34161777734,3926.0,2026,26.79524087397769,1.1569389297312271,472
671096,"Abbott, Andrew",166.0,166.0,2869,291,10.1,26.7,101,76572.17491422727,4151.5,2026,26.79524087397769,1.1569389297312271,472
669358,"Baz, Shane",179.2,179.66666666666666,2921,296,10.1,26.7,101,78045.30981389897,3909.5,2026,26.79524087397769,1.1569389297312271,472
669203,"Burnes, Corbin",10.1,10.333333333333334,198,21,10.6,26.7,101,5288.253275358645,4605.9,2026,26.79524087397769,1.1569389297312271,472
664954,"Sullivan, Brett",7.2,7.666666666666667,94,11,11.7,26.7,101,2512.1534907785513,2949.0,2026,26.79524087397769,1.1569389297312271,472
687721,"Weston, Cameron",1.0,1.0,17,0,0.0,26.7,101,453.6470907665569,4082.8,2026,26.79524087397769,1.1569389297312271,472
820862,"Fermin, José",53.2,53.666666666666664,987,125,12.7,26.8,100,26463.907260699634,4438.0,2026,26.79524087397769,1.1569389297312271,472
807743,"Sullivan, Sean",22.1,22.333333333333332,412,39,9.5,26.8,100,11027.860544964695,4444.1,2026,26.79524087397769,1.1569389297312271,472
689149,"Dallas, Chad",14.1,14.333333333333334,260,18,6.9,26.8,100,6958.454790955208,4369.3,2026,26.79524087397769,1.1569389297312271,472
696149,"Chandler, Bubba",154.0,154.0,2692,301,11.2,26.8,100,72225.58254364037,4221.0,2026,26.79524087397769,1.1569389297312271,472
699134,"Rodriguez, Bradgley",74.0,74.0,1237,140,11.3,26.8,100,33151.32022269905,4031.9,2026,26.79524087397769,1.1569389297312271,472
691799,"Taylor, Grant",84.0,84.0,1429,160,11.2,26.8,100,38333.76898785881,4107.2,2026,26.79524087397769,1.1569389297312271,472
642121,"Sulser, Cole",56.1,56.333333333333336,950,121,12.7,26.8,100,25483.792782996945,4071.4,2026,26.79524087397769,1.1569389297312271,472
596117,"Stubbs, Garrett",4.2,4.666666666666667,46,5,10.9,26.8,100,1232.9547147491476,2377.8,2026,26.79524087397769,1.1569389297312271,472
703725,"Gastelum, Luis",36.2,36.666666666666664,599,69,11.5,26.8,100,16046.016538839036,3938.6,2026,26.79524087397769,1.1569389297312271,472
621383,"Banks, Tanner",36.1,36.333333333333336,673,72,10.7,26.8,100,18014.857262256493,4462.4,2026,26.79524087397769,1.1569389297312271,472
683618,"Henriquez, Edgardo",60.0,60.0,993,129,13.0,26.8,100,26636.09735513273,3995.4,2026,26.79524087397769,1.1569389297312271,472
686678,"Solesky, Chase",3.0,3.0,58,4,6.9,26.8,100,1555.0156892645266,4665.0,2026,26.79524087397769,1.1569389297312271,472
678606,"Ferrer, José A.",64.2,64.66666666666667,1101,122,11.1,26.8,100,29501.605656847158,4105.9,2026,26.79524087397769,1.1569389297312271,472
690928,"Dobbins, Hunter",54.0,54.0,932,96,10.3,26.8,100,24940.818544706763,4156.8,2026,26.79524087397769,1.1569389297312271,472
623211,"Brazobán, Huascar",67.0,67.0,1064,122,11.5,26.8,100,28489.39501605023,3826.9,2026,26.79524087397769,1.1569389297312271,472
680742,"Bowlan, Jonathan",56.1,56.333333333333336,983,106,10.8,26.9,99,26400.708836073292,4217.9,2026,26.79524087397769,1.1569389297312271,472
676962,"Brown, Ben",68.0,68.0,1004,111,11.1,26.8,99,26944.07845488569,3566.1,2026,26.79524087397769,1.1569389297312271,472
695418,"Lord, Brad",83.1,83.33333333333333,1476,177,12.0,26.9,99,39680.809990365626,4285.5,2026,26.79524087397769,1.1569389297312271,472
650644,"Civale, Aaron",111.1,111.33333333333333,1928,209,10.8,26.9,99,51842.53450031096,4190.9,2026,26.79524087397769,1.1569389297312271,472
671111,"Peralta, Sammy",23.0,23.0,400,57,14.2,26.8,99,10735.487845648187,4200.8,2026,26.79524087397769,1.1569389297312271,472
663372,"Feltner, Ryan",123.1,123.33333333333333,2050,231,11.3,26.9,99,55154.355116153274,4024.8,2026,26.79524087397769,1.1569389297312271,472
669711,"Weissert, Greg",60.2,60.666666666666664,1013,121,11.9,26.9,99,27231.231763210522,4039.8,2026,26.79524087397769,1.1569389297312271,472
664074,"Ponce, Cody",2.1,2.3333333333333335,47,2,4.3,26.9,99,1264.366970605682,4876.8,2026,26.79524087397769,1.1569389297312271,472
694360,"Way, Beck",23.1,23.333333333333332,389,36,9.3,26.9,99,10447.864910795988,4029.9,2026,26.79524087397769,1.1569389297312271,472
592779,"Stewart, Brock",26.2,26.666666666666668,402,49,12.2,26.8,99,10793.030411465983,3642.6,2026,26.79524087397769,1.1569389297312271,472
666277,"Soriano, George",66.0,66.0,1171,130,11.1,26.9,99,31500.44562904826,4295.5,2026,26.79524087397769,1.1569389297312271,472
676979,"Crochet, Garrett",30.0,30.0,534,41,7.7,26.8,99,14331.13279171622,4299.3,2026,26.79524087397769,1.1569389297312271,472
696270,"Johnson, Ryan",100.0,100.0,1726,189,11.0,26.9,99,46367.85646772705,4173.1,2026,26.79524087397769,1.1569389297312271,472
800311,"Fuentes, Didier",73.1,73.33333333333333,1332,139,10.4,26.9,98,35885.55784117008,4404.1,2026,26.79524087397769,1.1569389297312271,472
696070,"Rojas, Kendry",29.2,29.666666666666668,521,63,12.1,27.0,98,14048.98467745599,4262.1,2026,26.79524087397769,1.1569389297312271,472
687273,"Mathews, Quinn",49.1,49.333333333333336,867,104,12.0,27.0,98,23380.572916954756,4265.4,2026,26.79524087397769,1.1569389297312271,472
800600,"Kent, Jackson",36.1,36.333333333333336,677,76,11.2,27.0,98,18259.643835419287,4523.0,2026,26.79524087397769,1.1569389297312271,472
684516,"Rincon, Hancel",2.1,2.3333333333333335,59,6,10.2,26.9,98,1588.7068968770598,6127.9,2026,26.79524087397769,1.1569389297312271,472
669387,"Mlodzinski, Carmen",123.0,123.0,2083,220,10.6,27.0,98,56163.06094501468,4109.5,2026,26.79524087397769,1.1569389297312271,472
592866,"Williams, Trevor",28.2,28.666666666666668,514,63,12.3,27.0,98,13865.996129017101,4353.3,2026,26.79524087397769,1.1569389297312271,472
668678,"Gallen, Zac",105.1,105.33333333333333,1789,203,11.3,26.9,98,48212.61252507997,4119.4,2026,26.79524087397769,1.1569389297312271,472
694753,"Curtis, Khristian",21.0,21.0,349,37,10.6,26.9,98,9401.339865784706,4029.1,2026,26.79524087397769,1.1569389297312271,472
686610,"Waldichuk, Ken",9.1,9.333333333333334,149,13,8.7,26.9,98,4009.7403435209294,3866.5,2026,26.79524087397769,1.1569389297312271,472
573009,"Mantiply, Joe",27.0,27.0,399,49,12.3,27.0,98,10767.957135148974,3589.3,2026,26.79524087397769,1.1569389297312271,472
605488,"Springs, Jeffrey",142.2,142.66666666666666,2464,260,10.6,26.9,98,66364.79945924818,4186.6,2026,26.79524087397769,1.1569389297312271,472
641835,"Mayza, Tim",67.1,67.33333333333333,1099,122,11.1,27.0,98,29654.38223455367,3963.7,2026,26.79524087397769,1.1569389297312271,472
518886,"Kimbrel, Craig",46.0,46.0,786,85,10.8,27.0,98,21190.530485707644,4146.0,2026,26.79524087397769,1.1569389297312271,472
686973,"Varland, Louis",78.0,78.0,1240,141,11.4,27.0,98,33421.144807102864,3856.3,2026,26.79524087397769,1.1569389297312271,472
702273,"Schultz, Noah",74.1,74.33333333333333,1262,143,11.3,26.9,98,34003.652240167445,4117.0,2026,26.79524087397769,1.1569389297312271,472
674841,"Alvarez, Andrew",112.2,112.66666666666667,1857,210,11.3,26.9,98,49989.43315284317,3993.2,2026,26.79524087397769,1.1569389297312271,472
605483,"Snell, Blake",42.2,42.666666666666664,832,98,11.8,27.0,98,22452.881012264203,4736.2,2026,26.79524087397769,1.1569389297312271,472
656986,"Sousa, Bennett",30.0,30.0,546,73,13.4,27.1,97,14774.248801859094,4432.3,2026,26.79524087397769,1.1569389297312271,472
680899,"Tolman, Erik",15.1,15.333333333333334,291,33,11.3,27.0,97,7866.790529334396,4617.5,2026,26.79524087397769,1.1569389297312271,472
595014,"Treinen, Blake",29.2,29.666666666666668,499,51,10.2,27.0,97,13495.474173563862,4094.1,2026,26.79524087397769,1.1569389297312271,472
572143,"Smith, Burch",17.0,17.0,287,32,11.1,27.0,97,7762.06099450967,4109.3,2026,26.79524087397769,1.1569389297312271,472
656550,"Holmes, Grant",151.2,151.66666666666666,2430,264,10.9,27.1,97,65767.26324049775,3902.7,2026,26.79524087397769,1.1569389297312271,472
676571,"Poulin, PJ",36.2,36.666666666666664,639,56,8.8,27.0,97,17258.38156877393,4236.1,2026,26.79524087397769,1.1569389297312271,472
680570,"Rodriguez, Grayson",98.2,98.66666666666667,1778,218,12.3,27.0,97,48058.99597610956,4383.8,2026,26.79524087397769,1.1569389297312271,472
804636,"Tong, Jonah",30.2,30.666666666666668,539,53,9.8,27.1,97,14580.010026007874,4278.9,2026,26.79524087397769,1.1569389297312271,472
606996,"Hart, Kyle",64.0,64.0,1071,120,11.2,27.0,97,28938.237326636372,4069.4,2026,26.79524087397769,1.1569389297312271,472
687223,"Palmquist, Carson",16.1,16.333333333333332,313,37,11.8,27.1,97,8470.51199067998,4667.4,2026,26.79524087397769,1.1569389297312271,472
663903,"Singer, Brady",157.0,157.0,2802,310,11.1,27.0,97,75662.38986643802,4337.3,2026,26.79524087397769,1.1569389297312271,472
670970,"Morejon, Adrian",86.0,86.0,1404,170,12.1,27.0,97,37914.94823123704,3967.8,2026,26.79524087397769,1.1569389297312271,472
669461,"Liberatore, Matthew",155.0,155.0,2613,296,11.3,27.0,97,70580.3700569685,4098.2,2026,26.79524087397769,1.1569389297312271,472
527048,"Pérez, Martín",142.0,142.0,2247,247,11.0,27.0,97,60691.0492808449,3846.6,2026,26.79524087397769,1.1569389297312271,472
663574,"Santillan, Tony",40.2,40.666666666666664,704,75,10.7,27.1,96,19084.763524648,4223.7,2026,26.79524087397769,1.1569389297312271,472
683352,"Bratt, Mitch",44.0,44.0,730,81,11.1,27.1,96,19802.92433891182,4050.6,2026,26.79524087397769,1.1569389297312271,472
665660,"Alvarado, Elvis",55.1,55.333333333333336,958,113,11.8,27.1,96,25945.03094727225,4220.0,2026,26.79524087397769,1.1569389297312271,472
669084,"Hall, DL",61.1,61.333333333333336,1018,118,11.6,27.1,96,27607.939015658707,4051.2,2026,26.79524087397769,1.1569389297312271,472
663485,"Sands, Cole",12.0,12.0,209,25,12.0,27.1,96,5665.510335751463,4249.1,2026,26.79524087397769,1.1569389297312271,472
543238,"Gose, Anthony",13.2,13.666666666666666,200,18,9.0,27.1,96,5425.536750299501,3572.9,2026,26.79524087397769,1.1569389297312271,472
656464,"Ginkel, Kevin",67.2,67.66666666666667,1105,134,12.1,27.1,96,29983.893356505123,3988.0,2026,26.79524087397769,1.1569389297312271,472
622088,"Antone, Tejay",55.0,55.0,915,109,11.9,27.1,96,24769.907471226365,4053.3,2026,26.79524087397769,1.1569389297312271,472
677958,"Rocker, Kumar",148.0,148.0,2506,284,11.3,27.1,96,67948.77440612865,4132.0,2026,26.79524087397769,1.1569389297312271,472
680723,"Rom, Drew",17.2,17.666666666666668,304,31,10.2,27.1,96,8239.347291536784,4197.4,2026,26.79524087397769,1.1569389297312271,472
673513,"Matsui, Yuki",64.0,64.0,1152,126,10.9,27.1,96,31184.113962436953,4385.3,2026,26.79524087397769,1.1569389297312271,472
667297,"Nance, Tommy",59.2,59.666666666666664,986,111,11.3,27.2,95,26773.46028040817,4038.5,2026,26.79524087397769,1.1569389297312271,472
694361,"Klein, Will",41.2,41.666666666666664,767,78,10.2,27.2,95,20834.310242957916,4500.2,2026,26.79524087397769,1.1569389297312271,472
669270,"Kuhnel, Joel",45.0,45.0,751,94,12.5,27.2,95,20412.498206792487,4082.5,2026,26.79524087397769,1.1569389297312271,472
592662,"Ray, Robbie",165.2,165.66666666666666,2900,314,10.8,27.2,95,78853.85768878082,4283.8,2026,26.79524087397769,1.1569389297312271,472
622663,"Severino, Luis",62.2,62.666666666666664,1086,137,12.6,27.2,95,29545.724146168424,4243.3,2026,26.79524087397769,1.1569389297312271,472
656794,"Newcomb, Sean",90.1,90.33333333333333,1501,172,11.5,27.2,95,40766.89165870887,4061.6,2026,26.79524087397769,1.1569389297312271,472
681892,"Funderburk, Kody",51.0,51.0,882,87,9.9,27.1,95,23940.364293881772,4224.8,2026,26.79524087397769,1.1569389297312271,472
702275,"Ritchie, JR",73.1,73.33333333333333,1282,121,9.4,27.2,95,34813.57752604006,4272.6,2026,26.79524087397769,1.1569389297312271,472
670059,"Holderman, Colin",52.2,52.666666666666664,864,92,10.6,27.2,95,23460.423500680008,4009.1,2026,26.79524087397769,1.1569389297312271,472
664285,"Valdez, Framber",174.0,174.0,2771,332,12.0,27.2,95,75283.68745040696,3894.0,2026,26.79524087397769,1.1569389297312271,472
670280,"Bednar, David",69.1,69.33333333333333,1182,147,12.4,27.1,95,32087.66838582688,4165.2,2026,26.79524087397769,1.1569389297312271,472
680604,"Castaño, Blas",27.1,27.333333333333332,460,51,11.1,27.2,95,12512.715739434625,4120.0,2026,26.79524087397769,1.1569389297312271,472
641302,"Alexander, Tyler",73.0,73.0,1205,154,12.8,27.2,95,32729.822769199454,4035.2,2026,26.79524087397769,1.1569389297312271,472
625643,"López, Reynaldo",79.1,79.33333333333333,1370,148,10.8,27.2,95,37271.680747167324,4228.3,2026,26.79524087397769,1.1569389297312271,472
622608,"Senzatela, Antonio",73.1,73.33333333333333,1184,127,10.7,27.2,95,32193.380874352337,3951.0,2026,26.79524087397769,1.1569389297312271,472
656546,"Hoffman, Jeff",66.0,66.0,1227,139,11.3,27.2,95,33316.77194343513,4543.2,2026,26.79524087397769,1.1569389297312271,472
642701,"Santana, Dennis",56.2,56.666666666666664,935,119,12.7,27.2,95,25394.750056576922,4033.3,2026,26.79524087397769,1.1569389297312271,472
676661,"Lazar, Max",10.0,10.0,156,23,14.7,27.2,95,4246.074577233291,3821.5,2026,26.79524087397769,1.1569389297312271,472
687075,"Sproat, Brandon",97.0,97.0,1757,193,11.0,27.2,95,47774.78922951188,4432.7,2026,26.79524087397769,1.1569389297312271,472
686790,"McDonald, Trevor",70.1,70.33333333333333,1138,124,10.9,27.2,95,30930.78612973618,3958.0,2026,26.79524087397769,1.1569389297312271,472
518876,"Kelly, Merrill",162.0,162.0,2626,333,12.7,27.2,94,71546.61105180759,3974.8,2026,26.79524087397769,1.1569389297312271,472
701719,"Samaniego, Tyler",20.1,20.333333333333332,315,31,9.8,27.3,94,8584.10458120133,3799.5,2026,26.79524087397769,1.1569389297312271,472
657612,"Hill, Tim",58.2,58.666666666666664,824,84,10.2,27.3,94,22484.135449220976,3449.3,2026,26.79524087397769,1.1569389297312271,472
690978,"Fulton, Dax",28.2,28.666666666666668,479,44,9.2,27.2,94,13044.136266041482,4095.3,2026,26.79524087397769,1.1569389297312271,472
663855,"Hicks, Jordan",48.0,48.0,955,117,12.3,27.2,94,26003.175864713798,4875.6,2026,26.79524087397769,1.1569389297312271,472
594835,"Gonzales, Marco",6.2,6.666666666666667,121,14,11.6,27.3,94,3297.9853541673883,4452.3,2026,26.79524087397769,1.1569389297312271,472
668933,"Ashcraft, Graham",35.1,35.333333333333336,614,72,11.7,27.3,94,16747.22098401179,4265.8,2026,26.79524087397769,1.1569389297312271,472
670167,"Schreiber, John",60.1,60.333333333333336,1022,129,12.6,27.3,94,27853.263581434265,4154.9,2026,26.79524087397769,1.1569389297312271,472
579328,"Kikuchi, Yusei",67.2,67.66666666666667,1206,138,11.4,27.3,94,32880.05041501032,4373.2,2026,26.79524087397769,1.1569389297312271,472
688497,"Rashi, Taylor",5.2,5.666666666666667,88,12,13.6,27.3,94,2399.818792621862,3811.5,2026,26.79524087397769,1.1569389297312271,472
700327,"Herrera, Welinton",2.1,2.3333333333333335,45,3,6.7,27.2,94,1226.2057405527262,4729.7,2026,26.79524087397769,1.1569389297312271,472
678368,"Bellozo, Valente",10.2,10.666666666666666,178,24,13.5,27.3,94,4852.388046264977,4094.2,2026,26.79524087397769,1.1569389297312271,472
680702,"Gerber, Joey",8.1,8.333333333333334,129,13,10.1,27.3,94,3516.939558023988,3798.3,2026,26.79524087397769,1.1569389297312271,472
678022,"Perkins, Jack",121.0,121.0,2110,240,11.4,27.3,94,57581.108755677385,4282.9,2026,26.79524087397769,1.1569389297312271,472
676395,"Garcia, Robert",18.2,18.666666666666668,287,33,11.5,27.3,94,7825.1741454798275,3772.9,2026,26.79524087397769,1.1569389297312271,472
701519,"Adams, Travis",59.0,59.0,950,121,12.7,27.4,93,25999.184223554337,3966.0,2026,26.79524087397769,1.1569389297312271,472
668820,"Kranick, Max",18.1,18.333333333333332,340,38,11.2,27.3,93,9290.236060984735,4560.7,2026,26.79524087397769,1.1569389297312271,472
681402,"Varland, Gus",33.0,33.0,584,73,12.5,27.3,93,15953.840975920573,4351.0,2026,26.79524087397769,1.1569389297312271,472
640902,"Pereda, Jhonny",0.1,0.3333333333333333,16,0,0.0,27.3,93,437.0588199621474,11800.6,2026,26.79524087397769,1.1569389297312271,472
694738,"Roupp, Landen",155.0,155.0,2715,302,11.1,27.3,93,74185.76077706642,4307.6,2026,26.79524087397769,1.1569389297312271,472
666157,"Lodolo, Nick",108.2,108.66666666666667,1899,229,12.1,27.3,93,51936.275981218234,4301.5,2026,26.79524087397769,1.1569389297312271,472
692437,"Santos, Winston",2.0,2.0,33,4,12.1,27.3,93,901.472317711732,4056.6,2026,26.79524087397769,1.1569389297312271,472
695611,"Jump, Gage",98.2,98.66666666666667,1762,205,11.6,27.3,93,48109.4495706883,4388.4,2026,26.79524087397769,1.1569389297312271,472
669372,"Ginn, J.T.",138.1,138.33333333333334,2189,266,12.2,27.3,93,59792.25809831084,3890.1,2026,26.79524087397769,1.1569389297312271,472
622554,"Domínguez, Seranthony",62.0,62.0,1119,109,9.7,27.4,93,30611.58272967871,4443.6,2026,26.79524087397769,1.1569389297312271,472
676702,"Stratton, Hunter",3.1,3.3333333333333335,56,5,8.9,27.3,93,1529.6302840779495,4130.0,2026,26.79524087397769,1.1569389297312271,472
669684,"Murphy, Chris",33.2,33.666666666666664,614,63,10.3,27.4,93,16800.956802176963,4491.3,2026,26.79524087397769,1.1569389297312271,472
811315,"Hopkins, Brody",5.1,5.333333333333333,103,11,10.7,27.3,93,2815.2860978134554,4750.8,2026,26.79524087397769,1.1569389297312271,472
687309,"Hjerpe, Cooper",12.1,12.333333333333334,255,27,10.6,27.3,93,6973.028128501058,5088.4,2026,26.79524087397769,1.1569389297312271,472
679358,"Orze, Eric",41.1,41.333333333333336,685,80,11.7,27.5,92,18803.29225460619,4094.3,2026,26.79524087397769,1.1569389297312271,472
642547,"Peralta, Freddy",169.0,169.0,2960,369,12.5,27.4,92,81045.78384353423,4316.0,2026,26.79524087397769,1.1569389297312271,472
640448,"Finnegan, Kyle",60.2,60.666666666666664,1064,102,9.6,27.4,92,29131.08415894921,4321.6,2026,26.79524087397769,1.1569389297312271,472
689296,"Nunez, Anthony",59.2,59.666666666666664,1005,121,12.0,27.4,92,27545.96898953042,4155.0,2026,26.79524087397769,1.1569389297312271,472
641401,"Brogdon, Connor",16.0,16.0,282,34,12.1,27.4,92,7737.768834679036,4352.5,2026,26.79524087397769,1.1569389297312271,472
681293,"Arrighetti, Spencer",110.2,110.66666666666667,1944,215,11.1,27.4,92,53309.96330831954,4335.4,2026,26.79524087397769,1.1569389297312271,472
621237,"Alvarado, José",58.1,58.333333333333336,1145,133,11.6,27.4,92,31412.220011005524,4846.5,2026,26.79524087397769,1.1569389297312271,472
682274,"Hiraldo, Yaramil",9.1,9.333333333333334,193,25,13.0,27.4,92,5292.436355006953,5103.4,2026,26.79524087397769,1.1569389297312271,472
621112,"Blackburn, Paul",85.0,85.0,1285,156,12.1,27.4,92,35176.48860910671,3724.6,2026,26.79524087397769,1.1569389297312271,472
695076,"Lowder, Rhett",133.1,133.33333333333334,2302,257,11.2,27.4,92,63176.117906105355,4264.4,2026,26.79524087397769,1.1569389297312271,472
650556,"Abreu, Bryan",62.2,62.666666666666664,1148,161,14.0,27.4,92,31473.386696577047,4520.1,2026,26.79524087397769,1.1569389297312271,472
687941,"Gamboa, Alec",33.0,33.0,488,52,10.7,27.4,92,13361.09951999597,3643.9,2026,26.79524087397769,1.1569389297312271,472
678020,"Halvorsen, Seth",29.0,29.0,530,63,11.9,27.4,92,14543.116975121182,4513.4,2026,26.79524087397769,1.1569389297312271,472
676742,"Sanders, Cam",29.1,29.333333333333332,551,53,9.6,27.4,92,15086.615118610414,4628.8,2026,26.79524087397769,1.1569389297312271,472
660825,"Bazardo, Eduard",67.1,67.33333333333333,1141,156,13.7,27.4,92,31263.103315855493,4178.7,2026,26.79524087397769,1.1569389297312271,472
680802,"Weiss, Ryan",26.0,26.0,530,56,10.6,27.4,92,14537.439212905092,5032.2,2026,26.79524087397769,1.1569389297312271,472
686560,"Collyer, Gavin",25.0,25.0,484,52,10.7,27.5,91,13290.997012265027,4784.8,2026,26.79524087397769,1.1569389297312271,472
688642,"Agnos, Zach",91.0,91.0,1511,191,12.6,27.5,91,41538.478155730314,4108.2,2026,26.79524087397769,1.1569389297312271,472
693313,"Seymour, Carson",31.2,31.666666666666668,536,55,10.3,27.5,91,14736.113746785835,4188.2,2026,26.79524087397769,1.1569389297312271,472
694357,"Tiedemann, Ricky",6.0,6.0,124,13,10.5,27.5,91,3405.0271700150247,5107.5,2026,26.79524087397769,1.1569389297312271,472
681006,"Simpson, Josh",7.1,7.333333333333333,154,22,14.3,27.5,91,4231.289755477282,5192.9,2026,26.79524087397769,1.1569389297312271,472
679883,"Avila, Luinder",70.0,70.0,1293,160,12.4,27.5,91,35564.3452839473,4572.6,2026,26.79524087397769,1.1569389297312271,472
656756,"Montgomery, Jordan",26.0,26.0,419,52,12.4,27.5,91,11510.62355040391,3984.4,2026,26.79524087397769,1.1569389297312271,472
804668,"Flores Jr., Rafael",1.0,1.0,8,0,0.0,27.5,91,220.12649308738443,1981.1,2026,26.79524087397769,1.1569389297312271,472
571578,"Corbin, Patrick",80.0,80.0,1413,183,13.0,27.5,91,38804.62285324134,4365.5,2026,26.79524087397769,1.1569389297312271,472
670183,"Acton, Garrett",11.0,11.0,207,22,10.6,27.5,91,5695.776739169697,4660.2,2026,26.79524087397769,1.1569389297312271,472
681895,"Sisk, Evan",44.2,44.666666666666664,834,95,11.4,27.5,91,22926.872567089722,4619.6,2026,26.79524087397769,1.1569389297312271,472
605135,"Bassitt, Chris",102.0,102.0,1733,193,11.1,27.5,91,47629.79997176451,4202.6,2026,26.79524087397769,1.1569389297312271,472
664991,"Wolfram, Grant",52.1,52.333333333333336,906,114,12.6,27.5,91,24937.60521111014,4288.6,2026,26.79524087397769,1.1569389297312271,472
815083,"Farris, Mitch",60.0,60.0,997,111,11.1,27.6,90,27504.313327042,4125.6,2026,26.79524087397769,1.1569389297312271,472
641743,"Kay, Anthony",158.0,158.0,2825,341,12.1,27.5,90,77814.9522269642,4432.5,2026,26.79524087397769,1.1569389297312271,472
623381,"Pannone, Thomas",3.0,3.0,56,11,19.6,27.6,90,1543.5181075042474,4630.6,2026,26.79524087397769,1.1569389297312271,472
682842,"Uribe, Abner",59.1,59.333333333333336,969,128,13.2,27.5,90,26685.012125127316,4047.7,2026,26.79524087397769,1.1569389297312271,472
699008,"Kelly, Antwone",18.2,18.666666666666668,293,35,11.9,27.6,90,8082.435944238982,3896.9,2026,26.79524087397769,1.1569389297312271,472
672782,"Gómez, Yoendrys",67.0,67.0,1168,150,12.8,27.6,90,32223.751187853795,4328.6,2026,26.79524087397769,1.1569389297312271,472
670036,"Festa, Matt",66.2,66.66666666666667,1102,135,12.3,27.6,90,30401.82301263333,4104.2,2026,26.79524087397769,1.1569389297312271,472
434378,"Verlander, Justin",9.0,9.0,171,25,14.6,27.6,90,4716.177100721594,4716.2,2026,26.79524087397769,1.1569389297312271,472
669020,"Rolison, Ryan",63.0,63.0,1025,137,13.4,27.6,90,28294.569247649062,4042.1,2026,26.79524087397769,1.1569389297312271,472
691769,"Abner, Philip",19.0,19.0,313,36,11.5,27.5,90,8620.14354450336,4083.2,2026,26.79524087397769,1.1569389297312271,472
642397,"Soto, Gregory",67.0,67.0,1161,150,12.9,27.6,90,32036.85925172391,4303.5,2026,26.79524087397769,1.1569389297312271,472
676282,"Cantillo, Joey",159.0,159.0,2752,354,12.9,27.6,90,75839.73723059846,4292.8,2026,26.79524087397769,1.1569389297312271,472
681867,"Criswell, Cooper",40.2,40.666666666666664,654,76,11.6,27.6,90,18029.01626380692,3990.0,2026,26.79524087397769,1.1569389297312271,472
666974,"Cano, Yennier",49.2,49.666666666666664,794,107,13.5,27.6,89,21941.415360722836,3976.0,2026,26.79524087397769,1.1569389297312271,472
663436,"Martin, Davis",146.0,146.0,2349,281,12.0,27.6,89,64855.82777026166,3998.0,2026,26.79524087397769,1.1569389297312271,472
592836,"Walker, Taijuan",22.2,22.666666666666668,424,53,12.5,27.6,89,11714.064003739479,4651.2,2026,26.79524087397769,1.1569389297312271,472
656234,"Bird, Jake",38.2,38.666666666666664,679,92,13.5,27.7,89,18784.0004553232,4372.1,2026,26.79524087397769,1.1569389297312271,472
677961,"Wilcox, Cole",27.0,27.0,492,64,13.0,27.7,89,13613.165508537286,4537.7,2026,26.79524087397769,1.1569389297312271,472
641312,"Anderson, Shaun",20.0,20.0,351,40,11.4,27.6,89,9691.318646899923,4361.1,2026,26.79524087397769,1.1569389297312271,472
695239,"Ahlstrom, Robby",37.0,37.0,660,85,12.9,27.6,89,18221.111784515506,4432.2,2026,26.79524087397769,1.1569389297312271,472
676508,"Casparius, Ben",4.2,4.666666666666667,99,14,14.1,27.6,89,2733.761778688592,5272.3,2026,26.79524087397769,1.1569389297312271,472
656288,"Canning, Griffin",88.2,88.66666666666667,1545,193,12.5,27.7,89,42749.7999621515,4339.3,2026,26.79524087397769,1.1569389297312271,472
676680,"Cosgrove, Tom",16.1,16.333333333333332,268,32,11.9,27.7,89,7411.487320385172,4083.9,2026,26.79524087397769,1.1569389297312271,472
676620,"Weiman, Blake",17.2,17.666666666666668,296,47,15.9,27.6,89,8182.812368054158,4168.6,2026,26.79524087397769,1.1569389297312271,472
643410,"Leiter Jr., Mark",33.2,33.666666666666664,552,75,13.6,27.7,89,15263.94612469748,4080.5,2026,26.79524087397769,1.1569389297312271,472
542888,"Armstrong, Shawn",35.1,35.333333333333336,632,85,13.4,27.7,89,17476.100908313143,4451.5,2026,26.79524087397769,1.1569389297312271,472
805123,"Blubaugh, AJ",96.0,96.0,1682,216,12.8,27.7,89,46517.382436610365,4361.0,2026,26.79524087397769,1.1569389297312271,472
687792,"Herz, DJ",7.0,7.0,128,14,10.9,27.7,88,3545.479316405872,4558.5,2026,26.79524087397769,1.1569389297312271,472
663978,"Paddack, Chris",57.0,57.0,1015,149,14.7,27.7,88,28153.240329943288,4445.2,2026,26.79524087397769,1.1569389297312271,472
663767,"Shugart, Chase",53.2,53.666666666666664,871,116,13.3,27.7,88,24132.572108891647,4047.1,2026,26.79524087397769,1.1569389297312271,472
656427,"Flaherty, Jack",88.1,88.33333333333333,1662,211,12.7,27.7,88,46049.8502228565,4691.9,2026,26.79524087397769,1.1569389297312271,472
676760,"Marinaccio, Ron",57.2,57.666666666666664,1043,132,12.7,27.8,87,28999.867210603323,4526.0,2026,26.79524087397769,1.1569389297312271,472
676428,"Hurter, Brant",35.1,35.333333333333336,511,63,12.3,27.8,87,14223.719592027734,3623.0,2026,26.79524087397769,1.1569389297312271,472
673929,"Leasure, Jordan",18.2,18.666666666666668,318,50,15.7,27.8,87,8849.55294791424,4266.7,2026,26.79524087397769,1.1569389297312271,472
681544,"Olds, Wyatt",15.2,15.666666666666666,306,38,12.4,27.8,87,8498.78111772705,4882.3,2026,26.79524087397769,1.1569389297312271,472
806188,"Gibson, Cade",50.1,50.333333333333336,881,106,12.0,27.8,87,24480.897474992238,4377.4,2026,26.79524087397769,1.1569389297312271,472
687859,"Johnston, Troy",2.0,2.0,35,2,5.7,27.8,87,972.2800989381275,4375.3,2026,26.79524087397769,1.1569389297312271,472
680755,"Fisher, Braydon",75.2,75.66666666666667,1275,157,12.3,27.8,87,35443.221344598875,4215.7,2026,26.79524087397769,1.1569389297312271,472
676568,"Vanasco, Ricky",6.1,6.333333333333333,171,27,15.8,27.9,86,4764.856545620636,6771.1,2026,26.79524087397769,1.1569389297312271,472
642207,"Williams, Devin",40.2,40.666666666666664,763,108,14.2,27.9,86,21270.330321518337,4707.4,2026,26.79524087397769,1.1569389297312271,472
687377,"Ribalta, Orlando",43.0,43.0,750,101,13.5,27.9,86,20928.709495718183,4380.4,2026,26.79524087397769,1.1569389297312271,472
663687,"Harris, Hogan",70.1,70.33333333333333,1342,184,13.7,27.9,86,37431.937579785976,4789.9,2026,26.79524087397769,1.1569389297312271,472
694646,"McDermott, Chayce",7.2,7.666666666666667,155,19,12.3,27.8,86,4315.59784853993,5066.1,2026,26.79524087397769,1.1569389297312271,472
666126,"Cortes, Carlos",9.1,9.333333333333334,159,15,9.4,27.9,86,4433.336147540057,4275.0,2026,26.79524087397769,1.1569389297312271,472
681870,"Sabrowski, Erik",48.1,48.333333333333336,853,110,12.9,27.9,86,23763.652111030406,4425.0,2026,26.79524087397769,1.1569389297312271,472
680573,"Woods Richardson, Simeon",66.0,66.0,1164,144,12.4,27.9,86,32460.467996585438,4426.4,2026,26.79524087397769,1.1569389297312271,472
686934,"McFarlane, Alex",19.0,19.0,333,46,13.8,27.9,85,9300.191125500884,4405.4,2026,26.79524087397769,1.1569389297312271,472
547179,"Lorenzen, Michael",127.1,127.33333333333333,2400,317,13.2,28.0,85,67084.04846807415,4741.5,2026,26.79524087397769,1.1569389297312271,472
664129,"Hartlieb, Geoff",28.0,28.0,435,57,13.1,28.0,85,12167.43050294861,3911.0,2026,26.79524087397769,1.1569389297312271,472
693713,"Teodo, Emiliano",1.2,1.6666666666666665,43,5,11.6,28.0,85,1203.1114420337365,6496.8,2026,26.79524087397769,1.1569389297312271,472
663465,"Allard, Kolby",8.2,8.666666666666666,181,28,15.5,27.9,85,5053.088260335477,5247.4,2026,26.79524087397769,1.1569389297312271,472
665871,"Assad, Javier",94.1,94.33333333333333,1529,192,12.6,28.0,85,42763.951067102724,4080.0,2026,26.79524087397769,1.1569389297312271,472
694494,"Johnson, Ty",7.2,7.666666666666667,161,21,13.0,27.9,85,4496.052050412657,5278.0,2026,26.79524087397769,1.1569389297312271,472
687931,"Whisenhunt, Carson",34.2,34.666666666666664,617,79,12.8,27.9,85,17231.050269895215,4473.4,2026,26.79524087397769,1.1569389297312271,472
519141,"Pomeranz, Drew",29.0,29.0,494,59,11.9,28.0,85,13825.177026989883,4290.6,2026,26.79524087397769,1.1569389297312271,472
689147,"Kerkering, Orion",58.0,58.0,1097,157,14.3,27.9,85,30652.20886204819,4756.4,2026,26.79524087397769,1.1569389297312271,472
676604,"Zuber, Tyler",39.2,39.666666666666664,694,89,12.8,28.0,85,19423.21093091203,4406.9,2026,26.79524087397769,1.1569389297312271,472
837227,"Imai, Tatsuya",76.2,76.66666666666667,1453,191,13.1,28.0,85,40637.50322476982,4770.5,2026,26.79524087397769,1.1569389297312271,472
668881,"Greene, Hunter",27.2,27.666666666666668,456,68,14.9,28.1,84,12795.592570075865,4162.4,2026,26.79524087397769,1.1569389297312271,472
666171,"Zeferjahn, Ryan",69.2,69.66666666666667,1329,180,13.5,28.0,84,37265.594837534445,4814.2,2026,26.79524087397769,1.1569389297312271,472
687911,"King, Bryan",60.2,60.666666666666664,1098,148,13.5,28.0,84,30754.14408329276,4562.4,2026,26.79524087397769,1.1569389297312271,472
683232,"Mears, Nick",19.1,19.333333333333332,344,52,15.1,28.0,84,9644.825046419966,4489.8,2026,26.79524087397769,1.1569389297312271,472
682825,"Mey, Luis",34.2,34.666666666666664,666,84,12.6,28.1,84,18686.96408928738,4851.4,2026,26.79524087397769,1.1569389297312271,472
695380,"Hoppe, Alex",42.2,42.666666666666664,741,101,13.6,28.0,84,20748.02570220332,4376.5,2026,26.79524087397769,1.1569389297312271,472
656786,"Mushinski, Parker",6.2,6.666666666666667,139,20,14.4,28.0,84,3897.5517946976724,5261.7,2026,26.79524087397769,1.1569389297312271,472
679775,"Backhus, Kyle",20.0,20.0,354,36,10.2,28.0,84,9929.68900576239,4468.4,2026,26.79524087397769,1.1569389297312271,472
687312,"Hughes, Gabriel",64.0,64.0,1145,162,14.1,28.0,84,32049.5875185629,4507.0,2026,26.79524087397769,1.1569389297312271,472
668390,"Winn, Cole",48.0,48.0,788,101,12.8,28.1,83,22171.584536011538,4157.2,2026,26.79524087397769,1.1569389297312271,472
641745,"Keller, Brad",31.1,31.333333333333332,533,64,12.0,28.1,83,14966.293016266503,4298.8,2026,26.79524087397769,1.1569389297312271,472
676617,"O'Brien, Riley",64.0,64.0,1075,156,14.5,28.1,83,30192.43466342779,4245.8,2026,26.79524087397769,1.1569389297312271,472
696519,"Natera Jr., Samy",31.2,31.666666666666668,580,90,15.5,28.1,83,16317.688620584824,4637.7,2026,26.79524087397769,1.1569389297312271,472
678394,"Bello, Brayan",116.1,116.33333333333333,1937,287,14.8,28.1,83,54510.30993213424,4217.1,2026,26.79524087397769,1.1569389297312271,472
669093,"Estrada, Jeremiah",31.0,31.0,513,75,14.6,28.1,83,14400.105209148684,4180.7,2026,26.79524087397769,1.1569389297312271,472
691945,"Baumler, Carter",5.2,5.666666666666667,117,11,9.4,28.1,83,3290.357830098604,5225.9,2026,26.79524087397769,1.1569389297312271,472
684442,"Drake, Kohl",20.2,20.666666666666668,382,57,14.9,28.1,83,10745.817267091708,4679.6,2026,26.79524087397769,1.1569389297312271,472
696062,"Dotel, Wilber",42.1,42.333333333333336,712,90,12.6,28.1,83,20036.161524016825,4259.7,2026,26.79524087397769,1.1569389297312271,472
801725,"De León, Luis",9.1,9.333333333333334,126,20,15.9,28.2,82,3547.2559386501885,3420.6,2026,26.79524087397769,1.1569389297312271,472
665622,"Medina, Luis",73.0,73.0,1284,169,13.2,28.2,82,36161.671557697824,4458.3,2026,26.79524087397769,1.1569389297312271,472
671212,"Boyle, Joe",19.0,19.0,347,57,16.4,28.2,82,9778.673885946535,4632.0,2026,26.79524087397769,1.1569389297312271,472
657571,"Ferguson, Caleb",33.0,33.0,595,87,14.6,28.3,81,16828.153032488426,4589.5,2026,26.79524087397769,1.1569389297312271,472
500779,"Quintana, Jose",48.0,48.0,820,117,14.3,28.3,81,23185.224598444824,4347.2,2026,26.79524087397769,1.1569389297312271,472
694795,"Ekness, Josh",30.2,30.666666666666668,557,75,13.5,28.3,81,15738.327530815077,4618.9,2026,26.79524087397769,1.1569389297312271,472
669211,"Akin, Keegan",25.1,25.333333333333332,443,65,14.7,28.3,81,12521.607997441924,4448.5,2026,26.79524087397769,1.1569389297312271,472
677161,"Kelly, Zack",16.1,16.333333333333332,283,34,12.0,28.2,81,7994.1872648874705,4405.0,2026,26.79524087397769,1.1569389297312271,472
689546,"Davila, Nick",27.1,27.333333333333332,447,70,15.7,28.2,81,12618.81609543953,4155.0,2026,26.79524087397769,1.1569389297312271,472
677955,"Hill, Jaden",39.2,39.666666666666664,700,104,14.9,28.3,81,19789.026252425476,4489.9,2026,26.79524087397769,1.1569389297312271,472
677020,"Walker, Josh",30.1,30.333333333333332,513,75,14.6,28.3,81,14509.726262543674,4305.1,2026,26.79524087397769,1.1569389297312271,472
676775,"Winn, Keaton",43.0,43.0,648,96,14.8,28.2,81,18303.94150661503,3831.1,2026,26.79524087397769,1.1569389297312271,472
685126,"Eisert, Brandon",44.0,44.0,784,125,15.9,28.3,81,22177.511247426202,4536.3,2026,26.79524087397769,1.1569389297312271,472
688297,"Roycroft, Chris",38.1,38.333333333333336,697,119,17.1,28.3,81,19702.0436901254,4625.7,2026,26.79524087397769,1.1569389297312271,472
621016,"Cuas, Jose",23.1,23.333333333333332,477,59,12.4,28.2,81,13469.11045110474,5195.2,2026,26.79524087397769,1.1569389297312271,472
663776,"Sandoval, Patrick",70.1,70.33333333333333,1219,146,12.0,28.3,81,34479.63381568576,4412.1,2026,26.79524087397769,1.1569389297312271,472
702193,"Morris, Andrew",73.2,73.66666666666667,1313,214,16.3,28.4,80,37252.14701132937,4551.2,2026,26.79524087397769,1.1569389297312271,472
455119,"Martin, Chris",14.0,14.0,248,38,15.3,28.4,80,7032.425359201482,4520.8,2026,26.79524087397769,1.1569389297312271,472
552640,"Kittredge, Andrew",48.1,48.333333333333336,719,112,15.6,28.4,80,20393.340805775464,3797.4,2026,26.79524087397769,1.1569389297312271,472
655316,"Monasterio, Andruw",0.2,0.6666666666666666,28,4,14.3,28.4,80,794.3638079845729,10723.9,2026,26.79524087397769,1.1569389297312271,472
623437,"Topa, Justin",22.0,22.0,414,55,13.3,28.4,80,11746.664736968796,4805.5,2026,26.79524087397769,1.1569389297312271,472
691384,"Perales, Luis",11.0,11.0,250,33,13.2,28.3,80,7083.014090385236,5795.2,2026,26.79524087397769,1.1569389297312271,472
657514,"Bernardino, Brennan",64.0,64.0,1005,173,17.2,28.3,80,28484.498401214783,4005.6,2026,26.79524087397769,1.1569389297312271,472
700669,"Graceffo, Gordon",81.0,81.0,1233,195,15.8,28.3,80,34916.80141783613,3879.6,2026,26.79524087397769,1.1569389297312271,472
702153,"Fitzpatrick, Brian",6.2,6.666666666666667,109,14,12.8,28.4,80,3091.32930474669,4173.3,2026,26.79524087397769,1.1569389297312271,472
671345,"Foley, Jason",26.0,26.0,456,52,11.4,28.4,80,12931.474980874715,4476.3,2026,26.79524087397769,1.1569389297312271,472
672335,"Pérez, Cionel",45.1,45.333333333333336,790,107,13.5,28.3,80,22389.34560146317,4444.9,2026,26.79524087397769,1.1569389297312271,472
687606,"Schultz, Paxton",32.1,32.333333333333336,612,90,14.7,28.3,80,17339.18828773266,4826.4,2026,26.79524087397769,1.1569389297312271,472
686799,"Kochanowicz, Jack",64.0,64.0,1111,160,14.4,28.4,79,31577.75832484141,4440.6,2026,26.79524087397769,1.1569389297312271,472
681810,"Warren, Austin",50.1,50.333333333333336,932,144,15.5,28.4,79,26479.919760012657,4734.8,2026,26.79524087397769,1.1569389297312271,472
676879,"Ashby, Aaron",89.1,89.33333333333333,1621,220,13.6,28.4,79,46003.98508122035,4634.7,2026,26.79524087397769,1.1569389297312271,472
675989,"Bolton, Cody",20.0,20.0,391,52,13.3,28.4,79,11113.348289084392,5001.0,2026,26.79524087397769,1.1569389297312271,472
676534,"Faucher, Calvin",68.1,68.33333333333333,1171,182,15.5,28.4,79,33292.60556963024,4384.9,2026,26.79524087397769,1.1569389297312271,472
683742,"Franco, Jose",20.1,20.333333333333332,348,48,13.8,28.4,79,9900.394344283475,4382.1,2026,26.79524087397769,1.1569389297312271,472
682997,"Callihan, Tyler",3.0,3.0,53,3,5.7,28.4,79,1504.0517512146594,4512.2,2026,26.79524087397769,1.1569389297312271,472
684320,"Rodríguez, Yariel",9.1,9.333333333333334,172,24,14.0,28.4,79,4884.456040155656,4710.0,2026,26.79524087397769,1.1569389297312271,472
694680,"Martin, Trevor",15.1,15.333333333333334,265,35,13.2,28.4,79,7524.912864489677,4416.8,2026,26.79524087397769,1.1569389297312271,472
700187,"Taylor, Troy",3.0,3.0,51,1,2.0,28.4,79,1447.667787801614,4343.0,2026,26.79524087397769,1.1569389297312271,472
594580,"Moll, Sam",56.1,56.333333333333336,1081,163,15.1,28.4,79,30737.11930092052,4910.7,2026,26.79524087397769,1.1569389297312271,472
607455,"Banda, Anthony",34.1,34.333333333333336,610,72,11.8,28.4,79,17334.074723219597,4543.9,2026,26.79524087397769,1.1569389297312271,472
605447,"Romano, Jordan",33.2,33.666666666666664,648,92,14.2,28.4,79,18403.07266479355,4919.6,2026,26.79524087397769,1.1569389297312271,472
664059,"Haggerty, Sam",1.0,1.0,6,0,0.0,28.4,79,170.40216053977505,1533.6,2026,26.79524087397769,1.1569389297312271,472
675848,"Mejia, Juan",70.0,70.0,1317,194,14.7,28.5,78,37502.6876778904,4821.8,2026,26.79524087397769,1.1569389297312271,472
677865,"Bruihl, Justin",77.2,77.66666666666667,1325,195,14.7,28.5,78,37782.69213168441,4378.3,2026,26.79524087397769,1.1569389297312271,472
686993,"Sterner, Justin",42.2,42.666666666666664,730,117,16.0,28.5,78,20795.962655567837,4386.6,2026,26.79524087397769,1.1569389297312271,472
690953,"Abel, Mick",20.1,20.333333333333332,361,60,16.6,28.5,78,10280.95221145013,4550.6,2026,26.79524087397769,1.1569389297312271,472
671936,"Macko, Adam",31.0,31.0,587,84,14.3,28.5,78,16703.867830017527,4849.5,2026,26.79524087397769,1.1569389297312271,472
666711,"Peguero, Joel",11.1,11.333333333333334,169,28,16.6,28.5,77,4824.882351276057,3831.5,2026,26.79524087397769,1.1569389297312271,472
664849,"Young, Danny",12.1,12.333333333333334,273,37,13.6,28.5,77,7793.548005981949,5687.2,2026,26.79524087397769,1.1569389297312271,472
608371,"Sims, Lucas",10.0,10.0,171,20,11.7,28.6,77,4885.6810184573105,4397.1,2026,26.79524087397769,1.1569389297312271,472
656686,"Martin, Corbin",5.0,5.0,111,17,15.3,28.5,77,3168.656850950372,5703.6,2026,26.79524087397769,1.1569389297312271,472
642376,"Yan, Jefry",20.1,20.333333333333332,367,51,13.9,28.5,77,10470.894633661139,4634.7,2026,26.79524087397769,1.1569389297312271,472
606303,"Payamps, Joel",7.2,7.666666666666667,151,27,17.9,28.6,77,4311.765762350566,5061.6,2026,26.79524087397769,1.1569389297312271,472
669169,"Heasley, Jonathan",4.0,4.0,64,9,14.1,28.6,77,1828.9189065535265,4115.1,2026,26.79524087397769,1.1569389297312271,472
668674,"Erceg, Lucas",48.1,48.333333333333336,909,148,16.3,28.6,77,25965.739647334103,4835.0,2026,26.79524087397769,1.1569389297312271,472
663878,"Pearson, Nate",46.0,46.0,774,98,12.7,28.5,77,22089.836278422386,4321.9,2026,26.79524087397769,1.1569389297312271,472
687209,"Maxwell, Zach",13.0,13.0,293,35,11.9,28.6,77,8376.8600930895,5799.4,2026,26.79524087397769,1.1569389297312271,472
690925,"Beeter, Clayton",48.0,48.0,808,109,13.5,28.6,77,23070.041964863947,4325.6,2026,26.79524087397769,1.1569389297312271,472
605130,"Barlow, Scott",33.1,33.333333333333336,589,89,15.1,28.6,77,16831.647667683013,4544.5,2026,26.79524087397769,1.1569389297312271,472
668873,"Kilian, Caleb",47.2,47.666666666666664,794,130,16.4,28.6,76,22739.426892854728,4293.5,2026,26.79524087397769,1.1569389297312271,472
671109,"Eder, Jake",4.0,4.0,56,10,17.9,28.6,76,1603.1790019366395,3607.2,2026,26.79524087397769,1.1569389297312271,472
694335,"Svanson, Matt",43.1,43.333333333333336,788,121,15.4,28.7,76,22600.314291660794,4693.9,2026,26.79524087397769,1.1569389297312271,472
640454,"Krook, Matt",8.1,8.333333333333334,181,20,11.0,28.6,76,5179.034455159218,5593.4,2026,26.79524087397769,1.1569389297312271,472
660761,"Suarez, José",61.1,61.333333333333336,1073,181,16.9,28.6,76,30721.428530025587,4508.0,2026,26.79524087397769,1.1569389297312271,472
700270,"Díaz, Yilber",6.0,6.0,146,22,15.1,28.6,76,4177.117112018894,6265.7,2026,26.79524087397769,1.1569389297312271,472
672021,"Cerantola, Eric",5.1,5.333333333333333,122,15,12.3,28.7,76,3498.243391263827,5903.3,2026,26.79524087397769,1.1569389297312271,472
686751,"Johnson, Seth",33.2,33.666666666666664,605,88,14.5,28.6,76,17318.152688527378,4629.6,2026,26.79524087397769,1.1569389297312271,472
685801,"Bigge, Hunter",19.1,19.333333333333332,323,56,17.3,28.6,76,9242.176633770088,4302.4,2026,26.79524087397769,1.1569389297312271,472
676467,"Gordon, Colton",14.1,14.333333333333334,277,48,17.3,28.7,76,7942.391801501316,4987.1,2026,26.79524087397769,1.1569389297312271,472
681217,"Silseth, Chase",60.0,60.0,1108,196,17.7,28.7,75,31838.74940635772,4775.8,2026,26.79524087397769,1.1569389297312271,472
621121,"McCullers Jr., Lance",44.0,44.0,793,120,15.1,28.7,75,22753.236552317194,4654.1,2026,26.79524087397769,1.1569389297312271,472
691946,"Klassen, George",27.0,27.0,491,74,15.1,28.8,75,14118.570474412592,4706.2,2026,26.79524087397769,1.1569389297312271,472
692064,"Rodríguez, José",4.2,4.666666666666667,68,10,14.7,28.7,75,1952.7286342130415,3766.0,2026,26.79524087397769,1.1569389297312271,472
623474,"Herget, Jimmy",53.2,53.666666666666664,954,146,15.3,28.7,75,27388.247775691816,4593.1,2026,26.79524087397769,1.1569389297312271,472
664076,"Cleavinger, Garrett",41.1,41.333333333333336,738,110,14.9,28.8,74,21275.798959946194,4632.6,2026,26.79524087397769,1.1569389297312271,472
664208,"Maton, Phil",27.2,27.666666666666668,546,99,18.1,28.8,74,15706.282219414756,5109.3,2026,26.79524087397769,1.1569389297312271,472
664854,"Helsley, Ryan",15.1,15.333333333333334,277,49,17.7,28.8,74,7973.702470043627,4680.2,2026,26.79524087397769,1.1569389297312271,472
663941,"Beck, Tristan",19.0,19.0,313,56,17.9,28.8,74,9009.40145318826,4267.6,2026,26.79524087397769,1.1569389297312271,472
657424,"Gage, Matt",27.1,27.333333333333332,527,78,14.8,28.8,74,15169.91751491028,4995.0,2026,26.79524087397769,1.1569389297312271,472
702752,"Pintaro, Jonathan",30.2,30.666666666666668,524,92,17.6,28.8,74,15107.174871835308,4433.6,2026,26.79524087397769,1.1569389297312271,472
656638,"Lange, Alex",60.0,60.0,1135,180,15.9,28.8,74,32714.003426019673,4907.1,2026,26.79524087397769,1.1569389297312271,472
605452,"Ross, Joe",11.2,11.666666666666666,207,30,14.5,28.8,74,5965.657772615275,4602.1,2026,26.79524087397769,1.1569389297312271,472
676263,"Dreyer, Jack",64.2,64.66666666666667,1049,197,18.8,28.9,73,30284.786836862833,4214.9,2026,26.79524087397769,1.1569389297312271,472
681343,"Smith, Shane",8.1,8.333333333333334,225,36,16.0,28.9,73,6500.644952823454,7020.7,2026,26.79524087397769,1.1569389297312271,472
676755,"Mattson, Isaac",38.2,38.666666666666664,728,119,16.3,28.8,73,21002.59296414243,4888.5,2026,26.79524087397769,1.1569389297312271,472
573124,"Rogers, Taylor",60.1,60.333333333333336,1100,154,14.0,28.9,73,31768.606319738457,4739.0,2026,26.79524087397769,1.1569389297312271,472
641585,"France, J.P.",6.2,6.666666666666667,117,20,17.1,28.9,73,3381.7102981952066,4565.3,2026,26.79524087397769,1.1569389297312271,472
660787,"De los Santos, Yerry",22.0,22.0,362,49,13.5,28.9,73,10448.94174504971,4274.6,2026,26.79524087397769,1.1569389297312271,472
699823,"Davis, Tyler",32.0,32.0,497,90,18.1,28.8,73,14337.889629644971,4032.5,2026,26.79524087397769,1.1569389297312271,472
518585,"Cruz, Fernando",54.2,54.666666666666664,952,145,15.2,28.9,72,27549.152213406946,4535.5,2026,26.79524087397769,1.1569389297312271,472
681676,"Fernandez, Ryan",23.0,23.0,387,62,16.0,29.0,72,11219.3821887941,4390.2,2026,26.79524087397769,1.1569389297312271,472
682120,"Herrin, Tim",56.2,56.666666666666664,1008,161,16.0,29.0,72,29218.557048205937,4640.6,2026,26.79524087397769,1.1569389297312271,472
608337,"Giolito, Lucas",29.2,29.666666666666668,554,84,15.2,28.9,72,16021.205115494975,4860.4,2026,26.79524087397769,1.1569389297312271,472
595978,"Hedges, Austin",4.1,4.333333333333333,55,7,12.7,29.0,72,1593.3332049450175,3309.2,2026,26.79524087397769,1.1569389297312271,472
691951,"Aldegheri, Sam",33.2,33.666666666666664,610,91,14.9,29.0,72,17660.813542005188,4721.2,2026,26.79524087397769,1.1569389297312271,472
642759,"Fernández, Julian",4.0,4.0,71,11,15.5,29.0,71,2061.2789094724394,4637.9,2026,26.79524087397769,1.1569389297312271,472
663992,"Lovelady, Richard",35.0,35.0,653,95,14.5,29.0,71,18969.309405783784,4877.8,2026,26.79524087397769,1.1569389297312271,472
671162,"Thomas, Connor",25.2,25.666666666666668,419,70,16.7,29.0,71,12167.29426037059,4266.5,2026,26.79524087397769,1.1569389297312271,472
681151,"Murray, Jayden",16.1,16.333333333333332,305,48,15.7,29.0,71,8843.179695417803,4872.8,2026,26.79524087397769,1.1569389297312271,472
642152,"Trivino III, Lou",6.0,6.0,144,15,10.4,29.1,70,4192.787154894416,6289.2,2026,26.79524087397769,1.1569389297312271,472
621242,"Díaz, Edwin",18.2,18.666666666666668,414,57,13.8,29.1,70,12044.83922163416,5807.3,2026,26.79524087397769,1.1569389297312271,472
682227,"Williamson, Brandon",52.2,52.666666666666664,911,135,14.8,29.1,70,26510.573777113426,4530.3,2026,26.79524087397769,1.1569389297312271,472
669062,"Miller, Erik",51.1,51.333333333333336,993,149,15.0,29.1,70,28870.914830108963,5061.8,2026,26.79524087397769,1.1569389297312271,472
656529,"Hentges, Sam",36.2,36.666666666666664,693,112,16.2,29.1,70,20169.123556165727,4950.6,2026,26.79524087397769,1.1569389297312271,472
671106,"Allen, Logan",16.2,16.666666666666668,325,56,17.2,29.1,70,9462.87603161343,5110.0,2026,26.79524087397769,1.1569389297312271,472
664062,"Gonsolin, Tony",2.2,2.6666666666666665,63,8,12.7,29.1,70,1833.8704384087587,6189.3,2026,26.79524087397769,1.1569389297312271,472
676684,"Vest, Will",26.2,26.666666666666668,484,83,17.1,29.2,69,14119.289974548,4765.3,2026,26.79524087397769,1.1569389297312271,472
476594,"Stock, Robert",30.1,30.333333333333332,561,96,17.1,29.2,68,16404.178707749954,4867.2,2026,26.79524087397769,1.1569389297312271,472
685464,"Winquest, Cade",13.2,13.666666666666666,245,42,17.1,29.3,68,7170.536955058293,4722.1,2026,26.79524087397769,1.1569389297312271,472
656212,"Barnes, Charlie",13.0,13.0,201,34,16.9,29.3,68,5883.792128909367,4073.4,2026,26.79524087397769,1.1569389297312271,472
701474,"Davitt, Duncan",8.0,8.0,125,14,11.2,29.3,68,3658.2001711988946,4115.5,2026,26.79524087397769,1.1569389297312271,472
691548,"Muñoz, Rolddy",2.0,2.0,49,3,6.1,29.2,68,1432.3168382705699,6445.4,2026,26.79524087397769,1.1569389297312271,472
689520,"Laweryson, Cody",16.2,16.666666666666668,296,41,13.9,29.3,67,8674.997633961088,4684.5,2026,26.79524087397769,1.1569389297312271,472
696131,"Black, Mason",31.1,31.333333333333332,557,96,17.2,29.3,67,16325.940304440903,4689.4,2026,26.79524087397769,1.1569389297312271,472
681916,"Smith, Dylan",39.2,39.666666666666664,716,127,17.7,29.3,67,20989.993550117062,4762.4,2026,26.79524087397769,1.1569389297312271,472
608650,"Enns, Dietrich",16.0,16.0,291,37,12.7,29.4,67,8543.789103454263,4805.9,2026,26.79524087397769,1.1569389297312271,472
657265,"Strzelecki, Peter",14.0,14.0,251,41,16.3,29.3,67,7355.211810076701,4728.4,2026,26.79524087397769,1.1569389297312271,472
666808,"Doval, Camilo",60.2,60.666666666666664,1050,173,16.5,29.3,67,30806.632347340106,4570.2,2026,26.79524087397769,1.1569389297312271,472
694397,"Raya, Marco",6.0,6.0,100,16,16.0,29.3,67,2932.7559408215557,4399.1,2026,26.79524087397769,1.1569389297312271,472
670990,"Ramírez, Yohan",85.0,85.0,1442,270,18.7,29.4,67,42342.88029751208,4483.4,2026,26.79524087397769,1.1569389297312271,472
694820,"Roxby, Braxton",5.1,5.333333333333333,104,17,16.3,29.4,67,3053.4133529186997,5152.6,2026,26.79524087397769,1.1569389297312271,472
686475,"Tolbert, Tyler",4.2,4.666666666666667,106,16,15.1,29.4,66,3120.9135262904724,6018.9,2026,26.79524087397769,1.1569389297312271,472
663432,"Rainey, Tanner",7.0,7.0,127,19,15.0,29.4,66,3734.5699798537116,4801.6,2026,26.79524087397769,1.1569389297312271,472
695001,"Santa, Alimber",15.1,15.333333333333334,239,51,21.3,29.4,66,7034.020408966685,4128.7,2026,26.79524087397769,1.1569389297312271,472
665665,"Sanmartin, Reiver",21.1,21.333333333333332,349,65,18.6,29.4,66,10270.973873366222,4333.1,2026,26.79524087397769,1.1569389297312271,472
624431,"Trevino, Jose",9.0,9.0,127,18,14.2,29.5,65,3744.554761325913,3744.6,2026,26.79524087397769,1.1569389297312271,472
688883,"Pallette, Peyton",20.2,20.666666666666668,442,62,14.0,29.5,65,13020.281748074492,5670.1,2026,26.79524087397769,1.1569389297312271,472
692030,"Corniell, Jose",4.1,4.333333333333333,108,15,13.9,29.5,64,3191.2481440945394,6628.0,2026,26.79524087397769,1.1569389297312271,472
608723,"Voth, Austin",10.0,10.0,215,30,14.0,29.6,64,6358.883233680583,5723.0,2026,26.79524087397769,1.1569389297312271,472
680767,"Vodnik, Victor",58.2,58.666666666666664,1032,173,16.8,29.6,64,30500.58799688154,4679.1,2026,26.79524087397769,1.1569389297312271,472
683734,"Vaughn, Andrew",3.0,3.0,84,11,13.1,29.6,64,2484.9067048319703,7454.7,2026,26.79524087397769,1.1569389297312271,472
675916,"Karinchak, James",9.2,9.666666666666666,162,24,14.8,29.7,63,4807.2013557897335,4475.7,2026,26.79524087397769,1.1569389297312271,472
673540,"Senga, Kodai",61.1,61.333333333333336,1130,193,17.1,29.6,63,33500.431770472904,4915.8,2026,26.79524087397769,1.1569389297312271,472
684665,"Murphy, Luke",20.0,20.0,381,68,17.8,29.6,63,11288.85616232863,5080.0,2026,26.79524087397769,1.1569389297312271,472
664875,"Lawrence, Justin",34.1,34.333333333333336,688,117,17.0,29.8,61,20530.084721257514,5381.7,2026,26.79524087397769,1.1569389297312271,472
687765,"Spence, Mitch",9.1,9.333333333333334,200,35,17.5,29.8,61,5959.3299918459425,5746.5,2026,26.79524087397769,1.1569389297312271,472
680474,"Schuemann, Max",1.0,1.0,14,1,7.1,29.9,60,417.930867402997,3761.4,2026,26.79524087397769,1.1569389297312271,472
814305,"Tur, Yunior",12.2,12.666666666666666,294,53,18.0,29.9,60,8775.953981850433,6235.5,2026,26.79524087397769,1.1569389297312271,472
655889,"Rodríguez, Manuel",6.2,6.666666666666667,142,23,16.2,29.9,60,4245.65862791938,5731.6,2026,26.79524087397769,1.1569389297312271,472
694851,"Hoffmann, Andrew",11.2,11.666666666666666,230,38,16.5,30.0,59,6895.676052117352,5319.5,2026,26.79524087397769,1.1569389297312271,472
688158,"Morgan, David",33.1,33.333333333333336,607,116,19.1,29.9,59,18163.18953350851,4904.1,2026,26.79524087397769,1.1569389297312271,472
663893,"Little, Brendon",28.1,28.333333333333332,574,98,17.1,30.0,58,17222.70147599229,5470.7,2026,26.79524087397769,1.1569389297312271,472
702352,"Bivens, Spencer",7.2,7.666666666666667,182,32,17.6,30.0,58,5463.016543953131,6413.1,2026,26.79524087397769,1.1569389297312271,472
682995,"Barco, Hunter",17.2,17.666666666666668,351,66,18.8,30.0,58,10543.16734522615,5371.0,2026,26.79524087397769,1.1569389297312271,472
647315,"Pop, Zach",7.1,7.333333333333333,130,22,16.9,30.0,58,3902.740860638403,4789.7,2026,26.79524087397769,1.1569389297312271,472
681751,"Estrada, Lazaro",13.0,13.0,233,46,19.7,30.0,58,7000.818368702484,4846.7,2026,26.79524087397769,1.1569389297312271,472
678391,"Vivas, Jorbit",4.0,4.0,54,7,13.0,30.1,57,1625.2797306980344,3656.9,2026,26.79524087397769,1.1569389297312271,472
676254,"Walker, Ryan",32.2,32.666666666666664,619,124,20.0,30.1,57,18646.32202118228,5137.3,2026,26.79524087397769,1.1569389297312271,472
683175,"Phillips, Connor",30.0,30.0,591,102,17.3,30.1,57,17813.02310853754,5343.9,2026,26.79524087397769,1.1569389297312271,472
802408,"Mautz, Brycen",15.1,15.333333333333334,302,56,18.5,30.2,56,9110.16799856504,5347.3,2026,26.79524087397769,1.1569389297312271,472
686894,"Wiemer, Joey",2.0,2.0,45,6,13.3,30.2,56,1359.969458177943,6119.9,2026,26.79524087397769,1.1569389297312271,472
657649,"Koenig, Jared",7.0,7.0,169,28,16.6,30.2,56,5098.794087015779,6555.6,2026,26.79524087397769,1.1569389297312271,472
621366,"Borucki, Ryan",23.2,23.666666666666668,385,75,19.5,30.3,54,11678.223554368298,4441.0,2026,26.79524087397769,1.1569389297312271,472
543056,"Coulombe, Danny",22.0,22.0,386,72,18.7,30.4,53,11753.431455097338,4808.2,2026,26.79524087397769,1.1569389297312271,472
641656,"Hamilton, Ian",4.2,4.666666666666667,92,19,20.7,30.5,53,2801.6298933270314,5403.1,2026,26.79524087397769,1.1569389297312271,472
680728,"Del Castillo, Adrian",1.2,1.6666666666666665,18,3,16.7,30.4,53,547.4463367055547,2956.2,2026,26.79524087397769,1.1569389297312271,472
642215,"Wilson, Weston",3.1,3.3333333333333335,60,11,18.3,30.6,51,1836.5321201725178,4958.6,2026,26.79524087397769,1.1569389297312271,472
683766,"Koss, Christian",2.0,2.0,28,7,25.0,30.6,51,857.1277191443608,3857.1,2026,26.79524087397769,1.1569389297312271,472
676596,"Fleming, Josh",3.0,3.0,77,18,23.4,30.7,50,2360.2771539723376,7080.8,2026,26.79524087397769,1.1569389297312271,472
695034,"Morris, Kade",17.1,17.333333333333332,323,64,19.8,30.7,49,9920.7895278781,5151.2,2026,26.79524087397769,1.1569389297312271,472
607481,"Bummer, Aaron",16.2,16.666666666666668,329,83,25.2,30.7,49,10102.166704293964,5455.2,2026,26.79524087397769,1.1569389297312271,472
683000,"Cornelio, Riley",36.2,36.666666666666664,689,136,19.7,30.7,49,21174.94077742386,5197.5,2026,26.79524087397769,1.1569389297312271,472
608344,"Irvin, Cole",6.0,6.0,102,18,17.6,30.8,49,3137.1481561439286,4705.7,2026,26.79524087397769,1.1569389297312271,472
694363,"Shuster, Jared",9.0,9.0,172,32,18.6,30.7,49,5288.437373892054,5288.4,2026,26.79524087397769,1.1569389297312271,472
675920,"Lonsway, Seth",2.1,2.3333333333333335,40,6,15.0,30.8,48,1231.8835429926169,4751.6,2026,26.79524087397769,1.1569389297312271,472
676510,"Hoffman, Nolan",15.0,15.0,229,39,17.0,30.8,48,7054.878733402232,4232.9,2026,26.79524087397769,1.1569389297312271,472
699151,"Paez, Jedixson",11.2,11.666666666666666,229,45,19.7,30.9,47,7079.683587649878,5461.5,2026,26.79524087397769,1.1569389297312271,472
666201,"Manoah, Alek",7.1,7.333333333333333,162,32,19.8,30.9,47,5000.351802491873,6136.8,2026,26.79524087397769,1.1569389297312271,472
694462,"Waldrep, Hurston",10.2,10.666666666666666,215,45,20.9,30.9,46,6652.335883053351,5612.9,2026,26.79524087397769,1.1569389297312271,472
672629,"Carrillo, Gerardo",17.1,17.333333333333332,320,71,22.2,31.0,46,9908.175142297567,5144.6,2026,26.79524087397769,1.1569389297312271,472
663559,"Falter, Bailey",13.0,13.0,217,44,20.3,31.0,46,6724.412461206272,4655.4,2026,26.79524087397769,1.1569389297312271,472
685005,"Roa, Christian",8.2,8.666666666666666,178,43,24.2,31.0,45,5525.274066703893,5737.8,2026,26.79524087397769,1.1569389297312271,472
680689,"Richardson, Lyon",3.1,3.3333333333333335,68,14,20.6,31.0,45,2109.720167538262,5696.2,2026,26.79524087397769,1.1569389297312271,472
806960,"Morales, Luis",16.0,16.0,346,81,23.4,31.2,43,10795.040396462544,6072.2,2026,26.79524087397769,1.1569389297312271,472
472610,"García, Luis",15.0,15.0,265,63,23.8,31.2,43,8271.11719301455,4962.7,2026,26.79524087397769,1.1569389297312271,472
543309,"Higashioka, Kyle",3.0,3.0,51,7,13.7,31.3,42,1595.8509605783488,4787.6,2026,26.79524087397769,1.1569389297312271,472
686563,"Cannon, Jonathan",3.0,3.0,80,16,20.0,31.2,42,2498.5906884038777,7495.8,2026,26.79524087397769,1.1569389297312271,472
680704,"Sandlin, Nick",8.2,8.666666666666666,157,37,23.6,31.4,40,4932.8550830767535,5122.6,2026,26.79524087397769,1.1569389297312271,472
695378,"Sinclair, Jack",11.0,11.0,167,44,26.3,31.4,40,5242.192255020389,4289.1,2026,26.79524087397769,1.1569389297312271,472
684049,"Bidois, Brandan",15.2,15.666666666666666,325,69,21.2,31.6,38,10271.830469195718,5900.8,2026,26.79524087397769,1.1569389297312271,472
680951,"Nikhazy, Doug",2.0,2.0,39,5,12.8,31.6,38,1231.3275803971674,5541.0,2026,26.79524087397769,1.1569389297312271,472
657756,"Seabold, Connor",24.0,24.0,476,131,27.5,31.6,37,15057.142846715107,5646.4,2026,26.79524087397769,1.1569389297312271,472
808970,"Go, Woo-Suk",4.0,4.0,86,17,19.8,31.6,37,2720.3356128859264,6120.8,2026,26.79524087397769,1.1569389297312271,472
697812,"Rock, Joe",10.1,10.333333333333334,211,43,20.4,31.6,37,6677.830011965771,5816.2,2026,26.79524087397769,1.1569389297312271,472
696136,"Wicks, Jordan",10.1,10.333333333333334,180,46,25.6,31.6,37,5694.24537455131,4959.5,2026,26.79524087397769,1.1569389297312271,472
500743,"Rojas, Miguel",4.0,4.0,53,13,24.5,31.8,35,1684.945485143228,3791.1,2026,26.79524087397769,1.1569389297312271,472
663884,"Kingham, Nolan",1.0,1.0,22,6,27.3,31.9,34,700.9948931935185,6309.0,2026,26.79524087397769,1.1569389297312271,472
672442,"Cruz, Yovanny",16.0,16.0,256,64,25.0,32.0,32,8197.647960932334,4611.2,2026,26.79524087397769,1.1569389297312271,472
676272,"Miller, Bobby",7.1,7.333333333333333,146,33,22.6,32.0,32,4676.039650741555,5738.8,2026,26.79524087397769,1.1569389297312271,472
679922,"Duran, Carlos",1.1,1.3333333333333333,35,7,20.0,32.1,31,1124.8878954040495,7593.0,2026,26.79524087397769,1.1569389297312271,472
592288,"Emanuel, Kent",5.0,5.0,96,22,22.9,32.3,29,3097.8386761598067,5576.1,2026,26.79524087397769,1.1569389297312271,472
660710,"Durán, Rodolfo",3.0,3.0,45,12,26.7,32.5,26,1463.5495286336495,4390.6,2026,26.79524087397769,1.1569389297312271,472
687924,"Aguiar, Julian",3.0,3.0,54,15,27.8,32.8,23,1769.0310077064576,5307.1,2026,26.79524087397769,1.1569389297312271,472
681973,"Hendrickson, Josh",2.2,2.6666666666666665,72,16,22.2,32.8,22,2363.3052290288147,7976.2,2026,26.79524087397769,1.1569389297312271,472
701552,"Granillo, Andre",9.1,9.333333333333334,198,48,24.2,32.9,21,6512.434709474427,6279.8,2026,26.79524087397769,1.1569389297312271,472
676910,"Seelinger, Matt",2.0,2.0,52,13,25.0,33.2,17,1726.2206189874307,7768.0,2026,26.79524087397769,1.1569389297312271,472
668670,"Rogers, Jake",2.1,2.3333333333333335,43,15,34.9,33.5,13,1439.5902695062587,5552.7,2026,26.79524087397769,1.1569389297312271,472
696522,"Juenger, Hayden",16.0,16.0,292,86,29.5,33.6,11,9824.442987189226,5526.2,2026,26.79524087397769,1.1569389297312271,472
664238,"Moore, Dylan",1.2,1.6666666666666665,21,6,28.6,33.8,9,710.5045429650655,3836.7,2026,26.79524087397769,1.1569389297312271,472
689981,"Ryan, River",4.1,4.333333333333333,82,22,26.8,33.8,9,2775.551682536089,5764.6,2026,26.79524087397769,1.1569389297312271,472
657376,"Schmidt, Clarke",0.2,0.6666666666666666,24,8,33.3,33.9,7,814.4509765648144,10995.1,2026,26.79524087397769,1.1569389297312271,472
622761,"Mateo, Jorge",2.1,2.3333333333333335,41,13,31.7,34.1,5,1397.988881983965,5392.2,2026,26.79524087397769,1.1569389297312271,472
690155,"Pushard, Matt",7.0,7.0,120,44,36.7,34.1,5,4097.986963373802,5268.8,2026,26.79524087397769,1.1569389297312271,472
688692,"Simpson, Jared",4.1,4.333333333333333,93,29,31.2,34.2,4,3180.963813338854,6606.6,2026,26.79524087397769,1.1569389297312271,472
677588,"Tena, José",1.0,1.0,11,3,27.3,34.3,3,377.21166528290576,3394.9,2026,26.79524087397769,1.1569389297312271,472
676130,"Buttó, José",2.0,2.0,63,21,33.3,34.3,2,2162.3823938595337,9730.7,2026,26.79524087397769,1.1569389297312271,472
671382,"Foster, Cameron",9.0,9.0,189,55,29.1,34.3,2,6486.6577364356435,6486.7,2026,26.79524087397769,1.1569389297312271,472
624428,"Frazier, Adam",2.0,2.0,45,14,31.1,34.4,1,1549.7144200444816,6973.7,2026,26.79524087397769,1.1569389297312271,472
656716,"McKinstry, Zach",2.0,2.0,59,16,27.1,34.5,0,2036.5361785765233,9164.4,2026,26.79524087397769,1.1569389297312271,472
670090,"Mills, Wyatt",6.1,6.333333333333333,151,41,27.2,34.6,-1,5221.611416682647,7420.2,2026,26.79524087397769,1.1569389297312271,472
686796,"Walston, Blake",3.0,3.0,48,15,31.2,34.6,-1,1659.209094297117,4977.6,2026,26.79524087397769,1.1569389297312271,472
664192,"Lucchesi, Joey",3.1,3.3333333333333335,112,32,28.6,34.7,-3,3889.0666229845456,10500.5,2026,26.79524087397769,1.1569389297312271,472
669704,"Strowd, Kade",2.2,2.6666666666666665,59,17,28.8,35.2,-9,2076.8523081826534,7009.4,2026,26.79524087397769,1.1569389297312271,472
701780,"McDougal, Tanner",0.1,0.3333333333333333,25,8,32.0,35.3,-11,883.1566741800024,23845.2,2026,26.79524087397769,1.1569389297312271,472
545121,"Vargas, Ildemaro",3.2,3.6666666666666665,48,20,41.7,35.5,-13,1703.1925001158381,4180.6,2026,26.79524087397769,1.1569389297312271,472
694350,"Brzykcy, Zach",3.0,3.0,48,14,29.2,35.5,-13,1704.6067452583102,5113.8,2026,26.79524087397769,1.1569389297312271,472
686628,"Burkhalter, Blake",1.0,1.0,23,10,43.5,35.6,-14,817.811466947712,7360.3,2026,26.79524087397769,1.1569389297312271,472
681806,"Wantz, Andrew",3.2,3.6666666666666665,81,28,34.6,35.7,-16,2893.0735182443254,7101.2,2026,26.79524087397769,1.1569389297312271,472
670032,"Lopez, Nicky",1.0,1.0,24,7,29.2,36.1,-21,867.2905013380722,7805.6,2026,26.79524087397769,1.1569389297312271,472
529017,"Cornielle, Alexander",1.0,1.0,34,11,32.4,36.3,-23,1234.3026102696174,11108.7,2026,26.79524087397769,1.1569389297312271,472
547184,"Kelly, Michael",5.0,5.0,121,45,37.2,36.3,-23,4389.552975224333,7901.2,2026,26.79524087397769,1.1569389297312271,472
693312,"Nicolas, Kyle",7.1,7.333333333333333,198,66,33.3,36.4,-24,7203.828081078913,8841.1,2026,26.79524087397769,1.1569389297312271,472
671083,"Kennedy, Buddy",1.0,1.0,39,20,51.3,36.5,-25,1422.3727274022335,12801.4,2026,26.79524087397769,1.1569389297312271,472
678576,"Ramos, Wilkin",2.0,2.0,61,16,26.2,36.5,-26,2228.2368057758763,10027.1,2026,26.79524087397769,1.1569389297312271,472
641386,"Bowden, Ben",1.0,1.0,40,15,37.5,36.8,-30,1471.8020684701924,13246.2,2026,26.79524087397769,1.1569389297312271,472
671131,"Rutledge, Jackson",1.1,1.3333333333333333,44,18,40.9,37.4,-37,1644.2383622190682,11098.6,2026,26.79524087397769,1.1569389297312271,472
664744,"Espada, Jose",1.0,1.0,15,6,40.0,38.4,-50,575.894237444928,5183.0,2026,26.79524087397769,1.1569389297312271,472
668716,"Murdock, Noah",3.1,3.3333333333333335,64,23,35.9,38.8,-55,2482.0025846711565,6701.4,2026,26.79524087397769,1.1569389297312271,472
687060,"Adams, Blake",1.0,1.0,37,14,37.8,39.4,-63,1456.2608946435755,13106.3,2026,26.79524087397769,1.1569389297312271,472
666129,"Garrett, Braxton",9.1,9.333333333333334,200,82,41.0,39.7,-68,7949.4212275975715,7665.5,2026,26.79524087397769,1.1569389297312271,472
543510,"McCann, James",4.0,4.0,63,25,39.7,41.5,-91,2614.4884247421055,5882.6,2026,26.79524087397769,1.1569389297312271,472
606115,"Arcia, Orlando",1.0,1.0,14,6,42.9,42.2,-100,591.3837950217946,5322.5,2026,26.79524087397769,1.1569389297312271,472
660844,"Rivas, Leo",1.0,1.0,31,18,58.1,43.2,-112,1338.3760334475362,12045.4,2026,26.79524087397769,1.1569389297312271,472
608032,"Estévez, Carlos",0.1,0.3333333333333333,27,18,66.7,43.2,-113,1166.254686271116,31488.9,2026,26.79524087397769,1.1569389297312271,472
605156,"Brooks, Aaron",0.1,0.3333333333333333,17,12,70.6,44.7,-132,759.2234612484143,20499.0,2026,26.79524087397769,1.1569389297312271,472
645302,"Robles, Victor",1.0,1.0,26,15,57.7,47.2,-165,1227.9787389631922,11051.8,2026,26.79524087397769,1.1569389297312271,472
628708,"Marte, Yunior",0.1,0.3333333333333333,25,18,72.0,47.9,-173,1196.7164133445422,32311.3,2026,26.79524087397769,1.1569389297312271,472
