pitcher,player_name,official_ip,ip_decimal,pitches,stressful_pitches,ps_pct,aps,aps_plus,total_stress,ss_per_9,season,aps_reference_mean,aps_reference_std,aps_reference_count
542194,"Bethancourt, Christian",0.1,0.3333333333333333,10,0,0.0,16.8,228,168.38134898435527,4546.3,2023,26.80448647192706,1.1705513268368102,479
669165,"Hurt, Kyle",2.0,2.0,24,0,0.0,18.6,205,446.22523725480715,2008.0,2023,26.80448647192706,1.1705513268368102,479
664874,"Zavala, Seby",0.2,0.6666666666666666,6,0,0.0,19.1,198,114.84606959771199,1550.4,2023,26.80448647192706,1.1705513268368102,479
570731,"Schoop, Jonathan",1.1,1.3333333333333333,17,0,0.0,19.2,197,327.0947825657775,2207.9,2023,26.80448647192706,1.1705513268368102,479
668470,"Danner, Hagen",0.1,0.3333333333333333,7,0,0.0,20.0,187,140.32714220144615,3788.8,2023,26.80448647192706,1.1705513268368102,479
672782,"Gómez, Yoendrys",2.0,2.0,31,0,0.0,20.6,180,637.4901360002514,2868.7,2023,26.80448647192706,1.1705513268368102,479
681808,"Vallimont, Chris",0.2,0.6666666666666666,11,0,0.0,20.7,178,228.24280918766854,3081.3,2023,26.80448647192706,1.1705513268368102,479
689172,"Wisely, Brett",1.0,1.0,11,0,0.0,21.2,171,233.55243746784288,2102.0,2023,26.80448647192706,1.1705513268368102,479
592390,"Hembree, Heath",1.1,1.3333333333333333,18,1,5.6,21.3,170,384.04531530190525,2592.3,2023,26.80448647192706,1.1705513268368102,479
669111,"McMillon, John",4.0,4.0,55,0,0.0,21.5,167,1184.8497723989979,2665.9,2023,26.80448647192706,1.1705513268368102,479
641525,"Dixon, Brandon",1.0,1.0,7,0,0.0,21.7,166,151.57318298032814,1364.2,2023,26.80448647192706,1.1705513268368102,479
518626,"Donaldson, Josh",1.0,1.0,11,0,0.0,21.7,165,239.16859026586408,2152.5,2023,26.80448647192706,1.1705513268368102,479
592527,"Mariot, Michael",2.2,2.6666666666666665,41,0,0.0,21.7,165,891.4099691089018,3008.5,2023,26.80448647192706,1.1705513268368102,479
592473,"Kolarek, Adam",6.0,6.0,83,1,1.2,21.8,164,1811.7460971246574,2717.6,2023,26.80448647192706,1.1705513268368102,479
592222,"Claudio, Alex",0.1,0.3333333333333333,4,0,0.0,21.8,164,87.2073203881119,2354.6,2023,26.80448647192706,1.1705513268368102,479
664202,"Cyr, Tyler",1.2,1.6666666666666665,26,0,0.0,22.0,162,570.7100533914198,3081.8,2023,26.80448647192706,1.1705513268368102,479
663989,"Vespi, Nick",14.2,14.666666666666666,206,0,0.0,22.0,161,4539.636420138227,2785.7,2023,26.80448647192706,1.1705513268368102,479
671212,"Boyle, Joe",16.0,16.0,240,10,4.2,22.4,157,5372.907168507654,3022.3,2023,26.80448647192706,1.1705513268368102,479
656669,"Luplow, Jordan",1.1,1.3333333333333333,15,1,6.7,22.4,156,336.53600718713125,2271.6,2023,26.80448647192706,1.1705513268368102,479
670156,"Mastrobuoni, Miles",0.1,0.3333333333333333,17,1,5.9,22.5,155,382.7182874419755,10333.4,2023,26.80448647192706,1.1705513268368102,479
670712,"Brosseau, Mike",2.1,2.3333333333333335,30,1,3.3,22.7,153,680.3843561039282,2624.3,2023,26.80448647192706,1.1705513268368102,479
605488,"Springs, Jeffrey",16.0,16.0,211,5,2.4,22.7,153,4783.572192535754,2690.8,2023,26.80448647192706,1.1705513268368102,479
663897,"Williams, Luke",1.0,1.0,6,0,0.0,22.7,152,136.39415124361685,1227.5,2023,26.80448647192706,1.1705513268368102,479
681810,"Warren, Austin",1.2,1.6666666666666665,23,0,0.0,23.0,149,529.1420074769499,2857.4,2023,26.80448647192706,1.1705513268368102,479
656924,"Ryan, Ryder",1.0,1.0,13,0,0.0,23.0,148,299.2600914072194,2693.3,2023,26.80448647192706,1.1705513268368102,479
676391,"Clement, Ernie",1.0,1.0,20,0,0.0,23.0,148,460.56646082242077,4145.1,2023,26.80448647192706,1.1705513268368102,479
660730,"Rodríguez, Elvin",3.1,3.3333333333333335,47,2,4.3,23.1,147,1085.7148320693195,2931.4,2023,26.80448647192706,1.1705513268368102,479
506702,"León, Sandy",1.0,1.0,18,0,0.0,23.1,147,416.13211512663037,3745.2,2023,26.80448647192706,1.1705513268368102,479
668834,"McGee, Easton",6.2,6.666666666666667,64,1,1.6,23.2,146,1484.333497251834,2003.9,2023,26.80448647192706,1.1705513268368102,479
689690,"Jacob, Alek",3.0,3.0,47,2,4.3,23.3,145,1094.7618077581324,3284.3,2023,26.80448647192706,1.1705513268368102,479
686654,"Adcock, Ty",15.2,15.666666666666666,207,6,2.9,23.3,145,4824.399645409441,2771.5,2023,26.80448647192706,1.1705513268368102,479
663971,"Calvo, Blair",1.0,1.0,11,0,0.0,23.4,144,256.8778306444686,2311.9,2023,26.80448647192706,1.1705513268368102,479
670955,"Uceta, Edwin",3.0,3.0,51,2,3.9,23.4,144,1190.8599190664643,3572.6,2023,26.80448647192706,1.1705513268368102,479
622088,"Antone, Tejay",5.2,5.666666666666667,90,2,2.2,23.4,144,2104.191131740541,3342.0,2023,26.80448647192706,1.1705513268368102,479
607216,"Krehbiel, Joey",5.0,5.0,80,3,3.8,23.5,142,1880.6191087532425,3385.1,2023,26.80448647192706,1.1705513268368102,479
680232,"Wolf, Jackson",5.0,5.0,76,1,1.3,23.6,141,1793.309853346495,3228.0,2023,26.80448647192706,1.1705513268368102,479
660634,"Hernández, Yonny",1.0,1.0,10,0,0.0,23.6,141,236.03036028154008,2124.3,2023,26.80448647192706,1.1705513268368102,479
663460,"Bubic, Kris",16.0,16.0,265,17,6.4,23.7,140,6282.543991384612,3533.9,2023,26.80448647192706,1.1705513268368102,479
676050,"Naughton, Packy",5.0,5.0,68,3,4.4,23.8,139,1615.5092544860236,2907.9,2023,26.80448647192706,1.1705513268368102,479
622608,"Senzatela, Antonio",7.2,7.666666666666667,120,6,5.0,23.8,138,2858.56561196874,3355.7,2023,26.80448647192706,1.1705513268368102,479
592254,"De León, José",17.1,17.333333333333332,284,14,4.9,23.9,137,6788.542778897389,3524.8,2023,26.80448647192706,1.1705513268368102,479
676702,"Stratton, Hunter",12.0,12.0,175,11,6.3,23.9,137,4178.735005399925,3134.1,2023,26.80448647192706,1.1705513268368102,479
686752,"Pepiot, Ryan",42.0,42.0,654,29,4.4,23.9,137,15657.442531425044,3355.2,2023,26.80448647192706,1.1705513268368102,479
650907,"Pinto, René",1.0,1.0,26,0,0.0,24.0,136,624.6948299477552,5622.3,2023,26.80448647192706,1.1705513268368102,479
607732,"Stallings, Jacob",8.0,8.0,92,7,7.6,24.0,136,2208.7625127531214,2484.9,2023,26.80448647192706,1.1705513268368102,479
608648,"Duffey, Tyler",2.0,2.0,31,0,0.0,24.0,136,743.1084360029917,3344.0,2023,26.80448647192706,1.1705513268368102,479
656716,"McKinstry, Zach",1.0,1.0,22,0,0.0,24.1,135,529.1701248714171,4762.5,2023,26.80448647192706,1.1705513268368102,479
573204,"Thielbar, Caleb",30.2,30.666666666666668,482,22,4.6,24.2,134,11647.972938651164,3418.4,2023,26.80448647192706,1.1705513268368102,479
669618,"Barlow, Joe",9.2,9.666666666666666,147,16,10.9,24.1,134,3546.2377211196595,3301.7,2023,26.80448647192706,1.1705513268368102,479
656793,"Nelson, Nick",5.1,5.333333333333333,69,3,4.3,24.2,134,1668.5140334566606,2815.6,2023,26.80448647192706,1.1705513268368102,479
663947,"Holton, Tyler",85.1,85.33333333333333,1199,67,5.6,24.2,134,28996.029442501953,3058.2,2023,26.80448647192706,1.1705513268368102,479
665001,"Kelley, Trevor",15.1,15.333333333333334,276,15,5.4,24.3,132,6716.739487496796,3942.4,2023,26.80448647192706,1.1705513268368102,479
685410,"Battenfield, Peyton",34.2,34.666666666666664,551,27,4.9,24.4,131,13441.078729318373,3489.5,2023,26.80448647192706,1.1705513268368102,479
621107,"Eflin, Zach",177.2,177.66666666666666,2581,146,5.7,24.4,131,63016.44604085344,3192.2,2023,26.80448647192706,1.1705513268368102,479
571466,"Barnhart, Tucker",4.0,4.0,42,2,4.8,24.5,130,1027.7574299265282,2312.5,2023,26.80448647192706,1.1705513268368102,479
594798,"deGrom, Jacob",30.1,30.333333333333332,451,25,5.5,24.5,130,11035.532418950164,3274.3,2023,26.80448647192706,1.1705513268368102,479
669923,"Kirby, George",190.2,190.66666666666666,2826,169,6.0,24.4,130,69026.60495521848,3258.2,2023,26.80448647192706,1.1705513268368102,479
683155,"Estes, Joey",10.0,10.0,169,8,4.7,24.6,129,4150.67026924997,3735.6,2023,26.80448647192706,1.1705513268368102,479
571616,"Dermody, Matt",4.0,4.0,76,2,2.6,24.5,129,1862.966915504354,4191.7,2023,26.80448647192706,1.1705513268368102,479
670097,"Short, Zack",6.0,6.0,100,3,3.0,24.6,128,2459.9606832916797,3689.9,2023,26.80448647192706,1.1705513268368102,479
691094,"Wynne, Randy",2.1,2.3333333333333335,34,1,2.9,24.6,128,837.1207842926063,3228.9,2023,26.80448647192706,1.1705513268368102,479
650671,"Quijada, José",9.0,9.0,161,8,5.0,24.6,128,3958.2490358493574,3958.2,2023,26.80448647192706,1.1705513268368102,479
664849,"Young, Danny",8.1,8.333333333333334,135,5,3.7,24.6,128,3320.0337993569906,3585.6,2023,26.80448647192706,1.1705513268368102,479
656876,"Rasmussen, Drew",44.2,44.666666666666664,677,53,7.8,24.7,128,16693.752353576256,3363.7,2023,26.80448647192706,1.1705513268368102,479
677944,"Cecconi, Slade",27.0,27.0,418,20,4.8,24.6,128,10300.544307177617,3433.5,2023,26.80448647192706,1.1705513268368102,479
657248,"Otto Jr., Glenn",10.2,10.666666666666666,192,11,5.7,24.7,127,4746.529150755209,4004.9,2023,26.80448647192706,1.1705513268368102,479
683232,"Mears, Nick",19.1,19.333333333333332,363,24,6.6,24.7,127,8955.548897231118,4169.0,2023,26.80448647192706,1.1705513268368102,479
453286,"Scherzer, Max",152.2,152.66666666666666,2469,160,6.5,24.7,127,61032.04974394726,3598.0,2023,26.80448647192706,1.1705513268368102,479
456501,"Cueto, Johnny",52.1,52.333333333333336,860,64,7.4,24.8,126,21289.998576351776,3661.3,2023,26.80448647192706,1.1705513268368102,479
681807,"Fry, David",5.0,5.0,72,3,4.2,24.8,126,1782.355897856675,3208.2,2023,26.80448647192706,1.1705513268368102,479
645261,"Alcantara, Sandy",184.2,184.66666666666666,2726,165,6.1,24.8,126,67582.87610404803,3293.8,2023,26.80448647192706,1.1705513268368102,479
656820,"Padilla, Nicholas",4.2,4.666666666666667,100,3,3.0,24.8,126,2477.003364349287,4777.1,2023,26.80448647192706,1.1705513268368102,479
543351,"Jackson, Jay",29.2,29.666666666666668,451,30,6.7,24.7,126,11162.232696916735,3386.3,2023,26.80448647192706,1.1705513268368102,479
656657,"Logue, Zach",11.0,11.0,173,20,11.6,24.7,126,4280.935239586727,3502.6,2023,26.80448647192706,1.1705513268368102,479
676775,"Winn, Keaton",42.1,42.333333333333336,594,51,8.6,24.8,126,14735.242345384682,3132.7,2023,26.80448647192706,1.1705513268368102,479
623433,"Anderson, Nick",35.1,35.333333333333336,548,32,5.8,24.9,125,13619.525974335147,3469.1,2023,26.80448647192706,1.1705513268368102,479
542888,"Armstrong, Shawn",52.0,52.0,799,41,5.1,24.8,125,19844.90669221589,3434.7,2023,26.80448647192706,1.1705513268368102,479
693433,"Woo, Bryan",87.2,87.66666666666667,1452,82,5.6,24.9,125,36097.018086375036,3705.8,2023,26.80448647192706,1.1705513268368102,479
641927,"Ober, Bailey",144.1,144.33333333333334,2327,137,5.9,24.9,125,57851.61988333044,3607.4,2023,26.80448647192706,1.1705513268368102,479
643396,"Kiner-Falefa, Isiah",4.0,4.0,51,2,3.9,24.9,125,1268.1474399479557,2853.3,2023,26.80448647192706,1.1705513268368102,479
666157,"Lodolo, Nick",34.1,34.333333333333336,649,28,4.3,24.9,124,16170.507068177963,4238.9,2023,26.80448647192706,1.1705513268368102,479
669302,"Gilbert, Logan",190.2,190.66666666666666,2928,198,6.8,24.9,124,72893.81587162602,3440.8,2023,26.80448647192706,1.1705513268368102,479
669330,"Wells, Tyler",118.2,118.66666666666667,1905,125,6.6,24.9,124,47442.02924297207,3598.1,2023,26.80448647192706,1.1705513268368102,479
669373,"Skubal, Tarik",80.1,80.33333333333333,1219,78,6.4,24.9,124,30401.83003026263,3406.0,2023,26.80448647192706,1.1705513268368102,479
647315,"Pop, Zach",13.2,13.666666666666666,199,13,6.5,24.9,124,4954.24691637213,3262.6,2023,26.80448647192706,1.1705513268368102,479
641793,"Littell, Zack",90.0,90.0,1336,93,7.0,24.9,124,33273.46078889055,3327.3,2023,26.80448647192706,1.1705513268368102,479
641816,"Mahle, Tyler",25.2,25.666666666666668,423,24,5.7,25.0,123,10589.402556377803,3713.2,2023,26.80448647192706,1.1705513268368102,479
592789,"Syndergaard, Noah",88.2,88.66666666666667,1409,99,7.0,25.0,123,35265.722948607094,3579.6,2023,26.80448647192706,1.1705513268368102,479
681190,"Vásquez, Randy",37.2,37.666666666666664,669,39,5.8,25.0,123,16727.526573050098,3996.8,2023,26.80448647192706,1.1705513268368102,479
592848,"Weiss, Zack",14.0,14.0,228,18,7.9,25.0,123,5707.094725208959,3668.8,2023,26.80448647192706,1.1705513268368102,479
605540,"Woodruff, Brandon",67.0,67.0,1044,87,8.3,25.0,123,26140.034938360895,3511.3,2023,26.80448647192706,1.1705513268368102,479
663455,"Pilkington, Konnor",2.0,2.0,40,1,2.5,25.0,123,999.7664667508909,4498.9,2023,26.80448647192706,1.1705513268368102,479
642701,"Santana, Dennis",10.2,10.666666666666666,222,14,6.3,25.0,123,5559.675662688149,4691.0,2023,26.80448647192706,1.1705513268368102,479
641729,"Jiménez, Joe",56.1,56.333333333333336,938,64,6.8,25.1,122,23545.34654868526,3761.7,2023,26.80448647192706,1.1705513268368102,479
650911,"Sánchez, Cristopher",99.1,99.33333333333333,1460,114,7.8,25.1,122,36659.06901649835,3321.5,2023,26.80448647192706,1.1705513268368102,479
670032,"Lopez, Nicky",2.1,2.3333333333333335,42,1,2.4,25.1,122,1054.2659410424717,4066.5,2023,26.80448647192706,1.1705513268368102,479
527054,"Teheran, Julio",71.2,71.66666666666667,1083,83,7.7,25.1,122,27155.79854713035,3410.3,2023,26.80448647192706,1.1705513268368102,479
455119,"Martin, Chris",51.1,51.333333333333336,736,64,8.7,25.1,122,18439.215777506975,3232.8,2023,26.80448647192706,1.1705513268368102,479
669724,"Hanifee, Brenan",5.0,5.0,89,10,11.2,25.2,121,2242.9804646026887,4037.4,2023,26.80448647192706,1.1705513268368102,479
663556,"McClanahan, Shane",115.0,115.0,1822,123,6.8,25.1,121,45818.51005083828,3585.8,2023,26.80448647192706,1.1705513268368102,479
669276,"Lee, Dylan",23.2,23.666666666666668,392,32,8.2,25.1,121,9851.788651415329,3746.5,2023,26.80448647192706,1.1705513268368102,479
690986,"Harrison, Kyle",34.2,34.666666666666664,588,32,5.4,25.1,121,14786.017942078048,3838.7,2023,26.80448647192706,1.1705513268368102,479
607067,"Rea, Colin",124.2,124.66666666666667,2021,136,6.7,25.2,121,50932.74680725762,3677.0,2023,26.80448647192706,1.1705513268368102,479
622110,"Duffy, Matt",2.0,2.0,29,0,0.0,25.2,121,730.2478923536908,3286.1,2023,26.80448647192706,1.1705513268368102,479
622766,"Díaz, Miguel",14.0,14.0,209,15,7.2,25.2,121,5266.321046209987,3385.5,2023,26.80448647192706,1.1705513268368102,479
657746,"Ryan, Joe",161.2,161.66666666666666,2685,218,8.1,25.1,121,67503.29156012733,3757.9,2023,26.80448647192706,1.1705513268368102,479
686973,"Varland, Louis",68.0,68.0,1091,79,7.2,25.2,121,27441.898905589533,3632.0,2023,26.80448647192706,1.1705513268368102,479
656412,"Faedo, Alex",64.2,64.66666666666667,1035,81,7.8,25.1,121,26028.49803530265,3622.5,2023,26.80448647192706,1.1705513268368102,479
605135,"Bassitt, Chris",200.0,200.0,3160,228,7.2,25.2,121,79522.9671600758,3578.5,2023,26.80448647192706,1.1705513268368102,479
554430,"Wheeler, Zack",192.0,192.0,3158,236,7.5,25.2,121,79463.62161012551,3724.9,2023,26.80448647192706,1.1705513268368102,479
676477,"Whitlock, Garrett",71.2,71.66666666666667,1195,107,9.0,25.2,121,30077.48527073449,3777.2,2023,26.80448647192706,1.1705513268368102,479
607461,"Beaty, Matt",1.0,1.0,22,1,4.5,25.2,120,554.9800743517839,4994.8,2023,26.80448647192706,1.1705513268368102,479
642232,"Yarbrough, Ryan",89.2,89.66666666666667,1426,108,7.6,25.3,120,36029.9075754493,3616.4,2023,26.80448647192706,1.1705513268368102,479
660271,"Ohtani, Shohei",132.0,132.0,2097,140,6.7,25.3,120,52965.87659547949,3611.3,2023,26.80448647192706,1.1705513268368102,479
650633,"King, Michael",104.2,104.66666666666667,1686,126,7.5,25.3,120,42607.15499245608,3663.7,2023,26.80448647192706,1.1705513268368102,479
543037,"Cole, Gerrit",209.0,209.0,3286,255,7.8,25.2,120,82860.22049987921,3568.1,2023,26.80448647192706,1.1705513268368102,479
571946,"Miller, Shelby",42.0,42.0,668,54,8.1,25.2,120,16843.969340527492,3609.4,2023,26.80448647192706,1.1705513268368102,479
670102,"Francis, Bowden",36.1,36.333333333333336,539,34,6.3,25.2,120,13602.383653524053,3369.4,2023,26.80448647192706,1.1705513268368102,479
641302,"Alexander, Tyler",44.0,44.0,679,62,9.1,25.3,120,17157.722019835077,3509.5,2023,26.80448647192706,1.1705513268368102,479
607644,"Means, John",23.2,23.666666666666668,339,28,8.3,25.2,120,8551.651236545102,3252.0,2023,26.80448647192706,1.1705513268368102,479
669459,"Nelson, Kyle",56.0,56.0,883,78,8.8,25.3,120,22304.121600326627,3584.6,2023,26.80448647192706,1.1705513268368102,479
605400,"Nola, Aaron",193.2,193.66666666666666,3094,278,9.0,25.3,119,78346.93062177085,3640.9,2023,26.80448647192706,1.1705513268368102,479
666129,"Garrett, Braxton",159.2,159.66666666666666,2486,198,8.0,25.4,119,63022.78617754287,3552.4,2023,26.80448647192706,1.1705513268368102,479
593334,"Germán, Domingo",108.2,108.66666666666667,1655,149,9.0,25.3,119,41914.65419877482,3471.5,2023,26.80448647192706,1.1705513268368102,479
663559,"Falter, Bailey",80.2,80.66666666666667,1297,81,6.2,25.3,119,32820.96695406673,3661.8,2023,26.80448647192706,1.1705513268368102,479
601713,"Pivetta, Nick",142.2,142.66666666666666,2387,183,7.7,25.3,119,60393.025588630386,3809.8,2023,26.80448647192706,1.1705513268368102,479
621366,"Borucki, Ryan",40.1,40.333333333333336,531,41,7.7,25.3,119,13446.418407067365,3000.4,2023,26.80448647192706,1.1705513268368102,479
669169,"Heasley, Jonathan",15.0,15.0,221,13,5.9,25.3,119,5594.401641931058,3356.6,2023,26.80448647192706,1.1705513268368102,479
656288,"Canning, Griffin",127.0,127.0,2182,139,6.4,25.3,119,55205.092037016955,3912.2,2023,26.80448647192706,1.1705513268368102,479
681857,"Olson, Reese",103.2,103.66666666666667,1744,126,7.2,25.3,119,44124.94891984552,3830.8,2023,26.80448647192706,1.1705513268368102,479
622491,"Castillo, Luis",197.0,197.0,3209,250,7.8,25.3,119,81154.18743532163,3707.6,2023,26.80448647192706,1.1705513268368102,479
641482,"Cortes, Nestor",63.1,63.333333333333336,1070,82,7.7,25.3,119,27093.677772212704,3850.2,2023,26.80448647192706,1.1705513268368102,479
656605,"Keller, Mitch",194.1,194.33333333333334,3122,235,7.5,25.4,118,79369.87048688397,3675.8,2023,26.80448647192706,1.1705513268368102,479
548389,"Stripling, Ross",89.0,89.0,1456,121,8.3,25.4,118,37013.643128388845,3743.0,2023,26.80448647192706,1.1705513268368102,479
573009,"Mantiply, Joe",39.0,39.0,575,43,7.5,25.4,118,14602.093641122094,3369.7,2023,26.80448647192706,1.1705513268368102,479
592826,"Velasquez, Vince",37.1,37.333333333333336,653,51,7.8,25.4,118,16609.152864616364,4004.0,2023,26.80448647192706,1.1705513268368102,479
643511,"Rogers, Tyler",74.0,74.0,1133,101,8.9,25.4,118,28781.93741809879,3500.5,2023,26.80448647192706,1.1705513268368102,479
676680,"Cosgrove, Tom",51.1,51.333333333333336,838,70,8.4,25.4,118,21290.914099425718,3732.8,2023,26.80448647192706,1.1705513268368102,479
628452,"Iglesias, Raisel",55.2,55.666666666666664,878,73,8.3,25.4,118,22331.12488848242,3610.4,2023,26.80448647192706,1.1705513268368102,479
657277,"Webb, Logan",216.0,216.0,3184,240,7.5,25.4,118,80755.6268365901,3364.8,2023,26.80448647192706,1.1705513268368102,479
656578,"Jackson, Andre",61.1,61.333333333333336,1002,82,8.2,25.5,117,25567.685619070216,3751.8,2023,26.80448647192706,1.1705513268368102,479
571927,"Matz, Steven",105.0,105.0,1867,120,6.4,25.5,117,47620.68509688561,4081.8,2023,26.80448647192706,1.1705513268368102,479
593958,"Rodriguez, Eduardo",152.2,152.66666666666666,2449,206,8.4,25.5,117,62440.70107707119,3681.0,2023,26.80448647192706,1.1705513268368102,479
668678,"Gallen, Zac",210.0,210.0,3252,250,7.7,25.5,117,82924.65227910223,3553.9,2023,26.80448647192706,1.1705513268368102,479
663423,"Thornton, Trent",31.1,31.333333333333332,459,43,9.4,25.5,117,11682.73444784609,3355.7,2023,26.80448647192706,1.1705513268368102,479
592351,"Gray, Jon",157.1,157.33333333333334,2403,186,7.7,25.5,117,61188.29599760699,3500.2,2023,26.80448647192706,1.1705513268368102,479
691587,"Pérez, Eury",91.1,91.33333333333333,1538,116,7.5,25.5,117,39209.52538125884,3863.7,2023,26.80448647192706,1.1705513268368102,479
621345,"Minter, A.J.",64.2,64.66666666666667,1072,84,7.8,25.5,117,27316.36313446877,3801.8,2023,26.80448647192706,1.1705513268368102,479
641743,"Kay, Anthony",14.2,14.666666666666666,242,17,7.0,25.6,116,6185.069874494576,3795.4,2023,26.80448647192706,1.1705513268368102,479
607192,"Glasnow, Tyler",120.0,120.0,1903,171,9.0,25.6,116,48638.02757558884,3647.9,2023,26.80448647192706,1.1705513268368102,479
606149,"Gallegos, Giovanny",55.0,55.0,886,84,9.5,25.6,116,22645.755164111593,3705.7,2023,26.80448647192706,1.1705513268368102,479
666159,"Manning, Matt",78.0,78.0,1183,102,8.6,25.5,116,30190.536206574216,3483.5,2023,26.80448647192706,1.1705513268368102,479
628711,"Urías, Julio",117.1,117.33333333333333,1853,170,9.2,25.6,116,47354.11251048213,3632.3,2023,26.80448647192706,1.1705513268368102,479
502202,"Boxberger, Brad",20.0,20.0,340,19,5.6,25.5,116,8686.608680751237,3909.0,2023,26.80448647192706,1.1705513268368102,479
642100,"Speier, Gabe",54.2,54.666666666666664,797,66,8.3,25.5,116,20358.14886661288,3351.6,2023,26.80448647192706,1.1705513268368102,479
592094,"Adam, Jason",54.1,54.333333333333336,909,78,8.6,25.5,116,23196.750388721666,3842.4,2023,26.80448647192706,1.1705513268368102,479
606930,"Barnes, Jacob",13.2,13.666666666666666,209,17,8.1,25.5,116,5336.80338069033,3514.5,2023,26.80448647192706,1.1705513268368102,479
593643,"Alberto, Hanser",1.2,1.6666666666666665,33,3,9.1,25.5,116,842.8395807475102,4551.3,2023,26.80448647192706,1.1705513268368102,479
628317,"Maeda, Kenta",104.1,104.33333333333333,1702,130,7.6,25.6,115,43600.00580162209,3761.0,2023,26.80448647192706,1.1705513268368102,479
656464,"Ginkel, Kevin",65.1,65.33333333333333,1060,96,9.1,25.7,115,27207.733618770417,3748.0,2023,26.80448647192706,1.1705513268368102,479
669432,"Rogers, Trevor",18.0,18.0,330,22,6.7,25.6,115,8458.285777815183,4229.1,2023,26.80448647192706,1.1705513268368102,479
650644,"Civale, Aaron",122.1,122.33333333333333,2010,157,7.8,25.6,115,51507.26999321722,3789.4,2023,26.80448647192706,1.1705513268368102,479
680570,"Rodriguez, Grayson",122.0,122.0,2104,159,7.6,25.6,115,53858.76405049918,3973.2,2023,26.80448647192706,1.1705513268368102,479
666200,"Luzardo, Jesús",178.2,178.66666666666666,2994,221,7.4,25.7,115,76811.09149127042,3869.2,2023,26.80448647192706,1.1705513268368102,479
425844,"Greinke, Zack",142.1,142.33333333333334,2221,214,9.6,25.7,115,57013.953838025824,3605.1,2023,26.80448647192706,1.1705513268368102,479
642547,"Peralta, Freddy",165.2,165.66666666666666,2839,225,7.9,25.6,115,72728.02138430551,3951.0,2023,26.80448647192706,1.1705513268368102,479
477132,"Kershaw, Clayton",131.2,131.66666666666666,2029,172,8.5,25.6,115,52025.50807611764,3556.2,2023,26.80448647192706,1.1705513268368102,479
669456,"Bieber, Shane",128.0,128.0,1957,159,8.1,25.7,115,50212.97683972634,3530.6,2023,26.80448647192706,1.1705513268368102,479
592791,"Taillon, Jameson",154.1,154.33333333333334,2534,209,8.2,25.6,115,64898.07280600629,3784.6,2023,26.80448647192706,1.1705513268368102,479
607054,"Peterson, Jace",2.0,2.0,43,1,2.3,25.7,114,1104.2882212928898,4969.3,2023,26.80448647192706,1.1705513268368102,479
663362,"Waldron, Matt",41.1,41.333333333333336,673,55,8.2,25.7,114,17297.78994843711,3766.5,2023,26.80448647192706,1.1705513268368102,479
571945,"Mikolas, Miles",201.1,201.33333333333334,3198,290,9.1,25.7,114,82262.46607893887,3677.3,2023,26.80448647192706,1.1705513268368102,479
608331,"Fried, Max",77.2,77.66666666666667,1244,105,8.4,25.7,114,31960.088133619978,3703.5,2023,26.80448647192706,1.1705513268368102,479
592454,"Kahnle, Tommy",40.2,40.666666666666664,688,60,8.7,25.7,114,17689.22168682828,3914.8,2023,26.80448647192706,1.1705513268368102,479
623465,"Phillips, Evan",61.1,61.333333333333336,924,80,8.7,25.7,114,23769.01318920903,3487.8,2023,26.80448647192706,1.1705513268368102,479
641941,"Pagán, Emilio",69.1,69.33333333333333,1071,101,9.4,25.7,114,27541.77880411821,3575.1,2023,26.80448647192706,1.1705513268368102,479
642231,"Yacabonis, Jimmy",13.2,13.666666666666666,232,19,8.2,25.7,114,5962.125726678908,3926.3,2023,26.80448647192706,1.1705513268368102,479
664192,"Lucchesi, Joey",46.2,46.666666666666664,700,46,6.6,25.7,114,18016.89310352077,3474.7,2023,26.80448647192706,1.1705513268368102,479
686753,"Jameson, Drey",40.2,40.666666666666664,674,40,5.9,25.7,114,17353.997763276337,3840.6,2023,26.80448647192706,1.1705513268368102,479
519151,"Pressly, Ryan",65.1,65.33333333333333,1025,85,8.3,25.7,114,26352.841992632457,3630.2,2023,26.80448647192706,1.1705513268368102,479
641540,"Dunning, Dane",172.2,172.66666666666666,2698,216,8.0,25.7,114,69318.27714876673,3613.1,2023,26.80448647192706,1.1705513268368102,479
621294,"Heller, Ben",18.2,18.666666666666668,310,29,9.4,25.8,113,8003.544548394891,3858.9,2023,26.80448647192706,1.1705513268368102,479
657006,"Steele, Justin",173.1,173.33333333333334,2683,213,7.9,25.8,113,69274.92154443703,3597.0,2023,26.80448647192706,1.1705513268368102,479
669203,"Burnes, Corbin",193.2,193.66666666666666,3081,278,9.0,25.8,113,79538.45004666362,3696.3,2023,26.80448647192706,1.1705513268368102,479
642397,"Soto, Gregory",60.1,60.333333333333336,967,97,10.0,25.8,113,24938.822232045775,3720.2,2023,26.80448647192706,1.1705513268368102,479
666204,"Jiménez, Dany",23.1,23.333333333333332,410,30,7.3,25.8,113,10569.02958325427,4076.6,2023,26.80448647192706,1.1705513268368102,479
676083,"Junk, Janson",7.1,7.333333333333333,110,9,8.2,25.8,113,2837.3782177174667,3482.2,2023,26.80448647192706,1.1705513268368102,479
663158,"Suarez, Robert",27.2,27.666666666666668,456,41,9.0,25.8,113,11777.574834452256,3831.3,2023,26.80448647192706,1.1705513268368102,479
682227,"Williamson, Brandon",117.0,117.0,1940,150,7.7,25.8,113,50050.57123434389,3850.0,2023,26.80448647192706,1.1705513268368102,479
676664,"Sears, JP",172.1,172.33333333333334,2877,243,8.4,25.8,113,74097.0486618556,3869.7,2023,26.80448647192706,1.1705513268368102,479
682243,"Miller, Bryce",131.1,131.33333333333334,2095,195,9.3,25.8,113,53986.545677178205,3699.6,2023,26.80448647192706,1.1705513268368102,479
579328,"Kikuchi, Yusei",167.2,167.66666666666666,2818,190,6.7,25.8,113,72629.04584034043,3898.6,2023,26.80448647192706,1.1705513268368102,479
571510,"Boyd, Matthew",71.0,71.0,1178,100,8.5,25.9,112,30510.730443326273,3867.6,2023,26.80448647192706,1.1705513268368102,479
670766,"McCaughan, Darren",5.0,5.0,112,12,10.7,25.8,112,2892.920096810598,5207.3,2023,26.80448647192706,1.1705513268368102,479
519242,"Sale, Chris",102.2,102.66666666666667,1672,146,8.7,25.8,112,43190.16275982954,3786.2,2023,26.80448647192706,1.1705513268368102,479
519043,"Moore, Matt",52.2,52.666666666666664,858,58,6.8,25.9,112,22184.413146353105,3791.0,2023,26.80448647192706,1.1705513268368102,479
664353,"Urquidy, José",63.0,63.0,1098,94,8.6,25.9,112,28386.193624302465,4055.2,2023,26.80448647192706,1.1705513268368102,479
518876,"Kelly, Merrill",177.2,177.66666666666666,2810,250,8.9,25.9,112,72766.96570410123,3686.1,2023,26.80448647192706,1.1705513268368102,479
642528,"Loáisiga, Jonathan",17.2,17.666666666666668,241,19,7.9,25.8,112,6224.953095768379,3171.2,2023,26.80448647192706,1.1705513268368102,479
571912,"Maile, Luke",4.1,4.333333333333333,80,9,11.2,25.8,112,2066.5946678802216,4292.2,2023,26.80448647192706,1.1705513268368102,479
640470,"Alzolay, Adbert",64.0,64.0,968,98,10.1,25.9,112,25033.82823384384,3520.4,2023,26.80448647192706,1.1705513268368102,479
669424,"Lambert, Jimmy",37.2,37.666666666666664,689,64,9.3,25.8,112,17805.8852337907,4254.5,2023,26.80448647192706,1.1705513268368102,479
502171,"Cobb, Alex",151.1,151.33333333333334,2509,236,9.4,25.9,112,64966.91067752723,3863.7,2023,26.80448647192706,1.1705513268368102,479
664126,"Fairbanks, Pete",45.1,45.333333333333336,736,62,8.4,25.9,112,19049.812528781204,3781.9,2023,26.80448647192706,1.1705513268368102,479
641645,"Guillorme, Luis",1.0,1.0,12,0,0.0,25.8,112,310.06829433257593,2790.6,2023,26.80448647192706,1.1705513268368102,479
657376,"Schmidt, Clarke",159.0,159.0,2714,227,8.4,25.9,112,70179.18691023011,3972.4,2023,26.80448647192706,1.1705513268368102,479
621244,"Berríos, José",189.2,189.66666666666666,2945,254,8.6,25.9,112,76285.48014256898,3619.9,2023,26.80448647192706,1.1705513268368102,479
434378,"Verlander, Justin",162.1,162.33333333333334,2605,221,8.5,25.9,112,67339.27587479562,3733.4,2023,26.80448647192706,1.1705513268368102,479
683769,"Gaddis, Hunter",42.0,42.0,687,61,8.9,25.8,112,17750.965904436507,3803.8,2023,26.80448647192706,1.1705513268368102,479
543294,"Hendricks, Kyle",137.0,137.0,2112,187,8.9,26.0,111,54809.47478381703,3600.6,2023,26.80448647192706,1.1705513268368102,479
641871,"Middleton, Keynan",50.2,50.666666666666664,858,74,8.6,25.9,111,22258.09788446508,3953.7,2023,26.80448647192706,1.1705513268368102,479
669060,"Wilson, Bryse",76.2,76.66666666666667,1158,95,8.2,25.9,111,30033.738301110687,3525.7,2023,26.80448647192706,1.1705513268368102,479
594902,"Lively, Ben",88.2,88.66666666666667,1384,124,9.0,26.0,111,35929.510419592334,3647.0,2023,26.80448647192706,1.1705513268368102,479
594835,"Gonzales, Marco",50.0,50.0,811,63,7.8,26.0,111,21057.98955870108,3790.4,2023,26.80448647192706,1.1705513268368102,479
641154,"López, Pablo",194.0,194.0,3032,281,9.3,25.9,111,78670.840603125,3649.7,2023,26.80448647192706,1.1705513268368102,479
624133,"Suarez, Ranger",125.0,125.0,2024,152,7.5,25.9,111,52446.56315569829,3776.2,2023,26.80448647192706,1.1705513268368102,479
686218,"Sheehan, Emmet",60.1,60.333333333333336,1031,81,7.9,25.9,111,26716.471196405506,3985.3,2023,26.80448647192706,1.1705513268368102,479
543101,"DeSclafani, Anthony",99.2,99.66666666666667,1553,119,7.7,25.9,111,40269.71201645894,3636.4,2023,26.80448647192706,1.1705513268368102,479
606303,"Payamps, Joel",70.2,70.66666666666667,1126,103,9.1,26.0,111,29256.569588156937,3726.1,2023,26.80448647192706,1.1705513268368102,479
542914,"Bass, Anthony",20.0,20.0,334,26,7.8,25.9,111,8659.767018987774,3896.9,2023,26.80448647192706,1.1705513268368102,479
624647,"González, Victor",33.2,33.666666666666664,514,39,7.6,25.9,111,13332.864667502548,3564.2,2023,26.80448647192706,1.1705513268368102,479
656271,"Burke, Brock",59.2,59.666666666666664,928,91,9.8,25.9,111,24075.963944879397,3631.6,2023,26.80448647192706,1.1705513268368102,479
671096,"Abbott, Andrew",109.1,109.33333333333333,1898,160,8.4,26.0,111,49272.95526125867,4056.0,2023,26.80448647192706,1.1705513268368102,479
675911,"Strider, Spencer",186.2,186.66666666666666,3102,296,9.5,25.9,111,80494.68033767586,3881.0,2023,26.80448647192706,1.1705513268368102,479
571948,"Milner, Hoby",64.1,64.33333333333333,1027,98,9.5,25.9,111,26613.19267478757,3723.1,2023,26.80448647192706,1.1705513268368102,479
489119,"Miley, Wade",120.1,120.33333333333333,1876,159,8.5,25.9,111,48647.23068066343,3638.4,2023,26.80448647192706,1.1705513268368102,479
676710,"Crawford, Kutter",129.1,129.33333333333334,2100,197,9.4,25.9,111,54432.10816616565,3787.8,2023,26.80448647192706,1.1705513268368102,479
640451,"Harvey, Hunter",60.2,60.666666666666664,967,85,8.8,26.0,110,25158.68563760446,3732.3,2023,26.80448647192706,1.1705513268368102,479
607625,"Lugo, Seth",146.1,146.33333333333334,2378,227,9.5,26.1,110,61965.55285994823,3811.1,2023,26.80448647192706,1.1705513268368102,479
669387,"Mlodzinski, Carmen",36.0,36.0,621,46,7.4,26.0,110,16173.627092177856,4043.4,2023,26.80448647192706,1.1705513268368102,479
669711,"Weissert, Greg",20.0,20.0,348,35,10.1,26.0,110,9058.594660857965,4076.4,2023,26.80448647192706,1.1705513268368102,479
656641,"Latz, Jacob",6.1,6.333333333333333,96,7,7.3,26.0,110,2500.333053073515,3553.1,2023,26.80448647192706,1.1705513268368102,479
596001,"Junis, Jakob",86.0,86.0,1395,139,10.0,26.0,110,36279.215714401005,3796.7,2023,26.80448647192706,1.1705513268368102,479
656786,"Mushinski, Parker",14.2,14.666666666666666,255,19,7.5,26.0,110,6630.66290577695,4068.8,2023,26.80448647192706,1.1705513268368102,479
671737,"Bradley, Taj",104.2,104.66666666666667,1822,151,8.3,26.0,110,47366.689724929754,4072.9,2023,26.80448647192706,1.1705513268368102,479
695243,"Miller, Mason",33.1,33.333333333333336,611,37,6.1,26.0,110,15897.879544351279,4292.4,2023,26.80448647192706,1.1705513268368102,479
595928,"Curtiss, John",19.2,19.666666666666668,302,28,9.3,26.0,110,7856.9360125099665,3595.5,2023,26.80448647192706,1.1705513268368102,479
543548,"Milone, Tommy",9.0,9.0,163,11,6.7,26.0,110,4244.938310136453,4244.9,2023,26.80448647192706,1.1705513268368102,479
664062,"Gonsolin, Tony",103.0,103.0,1670,152,9.1,26.0,110,43414.354007973925,3793.5,2023,26.80448647192706,1.1705513268368102,479
666142,"Ragans, Cole",96.0,96.0,1591,133,8.4,26.1,110,41454.511284039916,3886.4,2023,26.80448647192706,1.1705513268368102,479
665152,"Kremer, Dean",172.2,172.66666666666666,2933,251,8.6,26.1,110,76435.3563498545,3984.1,2023,26.80448647192706,1.1705513268368102,479
571479,"Bellatti, Andrew",24.2,24.666666666666668,456,40,8.8,26.0,110,11875.801825120989,4333.1,2023,26.80448647192706,1.1705513268368102,479
689167,"Lindgren, Jeff",7.0,7.0,97,7,7.2,26.1,110,2526.904597525503,3248.9,2023,26.80448647192706,1.1705513268368102,479
664139,"Gibaut, Ian",75.2,75.66666666666667,1230,105,8.5,26.0,110,31992.76717330011,3805.3,2023,26.80448647192706,1.1705513268368102,479
656756,"Montgomery, Jordan",188.2,188.66666666666666,2923,241,8.2,26.0,110,76073.49529906393,3628.9,2023,26.80448647192706,1.1705513268368102,479
641420,"Burdi, Zack",4.0,4.0,76,7,9.2,26.1,109,1983.4623210409547,4462.8,2023,26.80448647192706,1.1705513268368102,479
660813,"Graterol, Brusdar",67.1,67.33333333333333,932,98,10.5,26.1,109,24345.721917460825,3254.1,2023,26.80448647192706,1.1705513268368102,479
622065,"Young, Alex",53.2,53.666666666666664,879,79,9.0,26.1,109,22976.269018081122,3853.2,2023,26.80448647192706,1.1705513268368102,479
518489,"Brasier, Ryan",59.2,59.666666666666664,909,91,10.0,26.1,109,23745.27670867108,3581.7,2023,26.80448647192706,1.1705513268368102,479
506433,"Darvish, Yu",136.1,136.33333333333334,2219,212,9.6,26.1,109,57921.889500179546,3823.7,2023,26.80448647192706,1.1705513268368102,479
683175,"Phillips, Connor",20.2,20.666666666666668,381,27,7.1,26.1,109,9952.567127109129,4334.2,2023,26.80448647192706,1.1705513268368102,479
640462,"Puk, A.J.",56.2,56.666666666666664,959,90,9.4,26.1,109,25035.62019076585,3976.2,2023,26.80448647192706,1.1705513268368102,479
642121,"Sulser, Cole",5.1,5.333333333333333,84,7,8.3,26.1,109,2193.002197993208,3700.7,2023,26.80448647192706,1.1705513268368102,479
677651,"Garcia, Luis",27.0,27.0,468,43,9.2,26.1,109,12211.637221890378,4070.5,2023,26.80448647192706,1.1705513268368102,479
676440,"Bibee, Tanner",142.0,142.0,2326,227,9.8,26.1,109,60775.3733922711,3852.0,2023,26.80448647192706,1.1705513268368102,479
681869,"Dubin, Shawn",9.0,9.0,172,8,4.7,26.1,109,4486.894060294928,4486.9,2023,26.80448647192706,1.1705513268368102,479
674072,"Henry, Tommy",89.0,89.0,1396,100,7.2,26.1,109,36401.581262134954,3681.1,2023,26.80448647192706,1.1705513268368102,479
675540,"Curry, Xzavion",95.0,95.0,1501,139,9.3,26.1,109,39165.20397333036,3710.4,2023,26.80448647192706,1.1705513268368102,479
600986,"Vieira, Thyago",3.0,3.0,36,2,5.6,26.1,109,940.9404637624037,2822.8,2023,26.80448647192706,1.1705513268368102,479
608344,"Irvin, Cole",77.1,77.33333333333333,1275,115,9.0,26.1,109,33283.80622781987,3873.5,2023,26.80448647192706,1.1705513268368102,479
656970,"Smeltzer, Devin",22.1,22.333333333333332,362,39,10.8,26.1,108,9465.165855456838,3814.3,2023,26.80448647192706,1.1705513268368102,479
657240,"Merryweather, Julian",72.0,72.0,1230,89,7.2,26.2,108,32190.299955400274,4023.8,2023,26.80448647192706,1.1705513268368102,479
622663,"Severino, Luis",89.1,89.33333333333333,1642,151,9.2,26.1,108,42937.91416272028,4325.8,2023,26.80448647192706,1.1705513268368102,479
680694,"Bradish, Kyle",168.2,168.66666666666666,2642,238,9.0,26.2,108,69099.35790365716,3687.1,2023,26.80448647192706,1.1705513268368102,479
663941,"Beck, Tristan",85.0,85.0,1306,110,8.4,26.2,108,34170.21309171833,3618.0,2023,26.80448647192706,1.1705513268368102,479
543475,"Lyles, Jordan",177.2,177.66666666666666,2821,253,9.0,26.2,108,73812.76553954507,3739.1,2023,26.80448647192706,1.1705513268368102,479
608379,"Wacha, Michael",134.1,134.33333333333334,2225,229,10.3,26.2,108,58237.62094146183,3901.8,2023,26.80448647192706,1.1705513268368102,479
621249,"Underwood Jr., Duane",24.1,24.333333333333332,340,38,11.2,26.2,108,8899.028018084933,3291.4,2023,26.80448647192706,1.1705513268368102,479
605397,"Musgrove, Joe",97.1,97.33333333333333,1561,167,10.7,26.2,108,40877.82660541464,3779.8,2023,26.80448647192706,1.1705513268368102,479
681867,"Criswell, Cooper",33.0,33.0,558,55,9.9,26.2,108,14601.222411276774,3982.2,2023,26.80448647192706,1.1705513268368102,479
595978,"Hedges, Austin",3.2,3.6666666666666665,51,2,3.9,26.1,108,1333.205427918765,3272.4,2023,26.80448647192706,1.1705513268368102,479
694297,"Pfaadt, Brandon",96.0,96.0,1614,148,9.2,26.2,108,42290.00828155802,3964.7,2023,26.80448647192706,1.1705513268368102,479
663992,"Lovelady, Richard",23.1,23.333333333333332,379,32,8.4,26.2,108,9920.830214275014,3826.6,2023,26.80448647192706,1.1705513268368102,479
605182,"Clevinger, Mike",131.1,131.33333333333334,2105,188,8.9,26.2,108,55139.598935644855,3778.6,2023,26.80448647192706,1.1705513268368102,479
670950,"Richards, Trevor",72.2,72.66666666666667,1367,135,9.9,26.2,108,35771.36791692453,4430.4,2023,26.80448647192706,1.1705513268368102,479
669796,"Hernandez, Jose E.",50.2,50.666666666666664,876,76,8.7,26.2,108,22926.04767805658,4072.4,2023,26.80448647192706,1.1705513268368102,479
676272,"Miller, Bobby",124.1,124.33333333333333,1962,178,9.1,26.1,108,51292.48277882016,3712.9,2023,26.80448647192706,1.1705513268368102,479
663738,"Lynch IV, Daniel",52.1,52.333333333333336,809,58,7.2,26.2,107,21230.872840991793,3651.2,2023,26.80448647192706,1.1705513268368102,479
572020,"Paxton, James",96.0,96.0,1692,171,10.1,26.2,107,44403.27449463852,4162.8,2023,26.80448647192706,1.1705513268368102,479
657265,"Strzelecki, Peter",37.0,37.0,657,62,9.4,26.2,107,17230.959846690606,4191.3,2023,26.80448647192706,1.1705513268368102,479
670042,"Raley, Luke",2.2,2.6666666666666665,41,1,2.4,26.2,107,1076.0310191019014,3631.6,2023,26.80448647192706,1.1705513268368102,479
608337,"Giolito, Lucas",184.1,184.33333333333334,3207,317,9.9,26.3,107,84211.30064678809,4111.6,2023,26.80448647192706,1.1705513268368102,479
608334,"Fulmer, Carson",10.0,10.0,157,8,5.1,26.3,107,4126.522925118644,3713.9,2023,26.80448647192706,1.1705513268368102,479
518886,"Kimbrel, Craig",69.0,69.0,1140,104,9.1,26.2,107,29903.800620988328,3900.5,2023,26.80448647192706,1.1705513268368102,479
676684,"Vest, Will",48.1,48.333333333333336,784,83,10.6,26.3,107,20599.17310682691,3835.7,2023,26.80448647192706,1.1705513268368102,479
592346,"González, Chi Chi",3.2,3.6666666666666665,75,5,6.7,26.2,107,1966.705430897433,4827.4,2023,26.80448647192706,1.1705513268368102,479
547184,"Kelly, Michael",16.2,16.666666666666668,273,28,10.3,26.3,107,7166.374118280765,3869.8,2023,26.80448647192706,1.1705513268368102,479
621381,"Strahm, Matt",87.2,87.66666666666667,1367,151,11.0,26.2,107,35852.202762041634,3680.6,2023,26.80448647192706,1.1705513268368102,479
543859,"Tonkin, Michael",80.0,80.0,1287,142,11.0,26.2,107,33776.83705540432,3799.9,2023,26.80448647192706,1.1705513268368102,479
666721,"Castillo, Max",20.1,20.333333333333332,344,41,11.9,26.3,107,9040.06445159223,4001.3,2023,26.80448647192706,1.1705513268368102,479
672860,"Berroa, Prelander",1.2,1.6666666666666665,41,4,9.8,26.3,107,1077.6438944276072,5819.3,2023,26.80448647192706,1.1705513268368102,479
592836,"Walker, Taijuan",172.2,172.66666666666666,2840,254,8.9,26.3,107,74646.89530942375,3890.9,2023,26.80448647192706,1.1705513268368102,479
664948,"Misiewicz, Anthony",11.0,11.0,240,29,12.1,26.4,106,6325.129212052545,5175.1,2023,26.80448647192706,1.1705513268368102,479
657044,"Thompson, Ryan",30.2,30.666666666666668,447,49,11.0,26.3,106,11757.273018635997,3450.5,2023,26.80448647192706,1.1705513268368102,479
686747,"La Sorsa, Joe",32.2,32.666666666666664,541,56,10.4,26.4,106,14257.42532901628,3928.1,2023,26.80448647192706,1.1705513268368102,479
642216,"Winans, Allan",32.1,32.333333333333336,536,46,8.6,26.3,106,14120.546466187725,3930.5,2023,26.80448647192706,1.1705513268368102,479
543901,"Weber, Ryan",14.1,14.333333333333334,182,17,9.3,26.4,106,4800.105514662182,3014.0,2023,26.80448647192706,1.1705513268368102,479
670046,"Rosenberg, Kenny",33.0,33.0,546,51,9.3,26.3,106,14374.076090213059,3920.2,2023,26.80448647192706,1.1705513268368102,479
666364,"Balazovic, Jordan",24.1,24.333333333333332,393,33,8.4,26.4,106,10363.305282979305,3833.0,2023,26.80448647192706,1.1705513268368102,479
623474,"Herget, Jimmy",29.0,29.0,521,50,9.6,26.4,106,13736.631005101737,4263.1,2023,26.80448647192706,1.1705513268368102,479
666974,"Cano, Yennier",72.2,72.66666666666667,1024,102,10.0,26.3,106,26960.653719128324,3339.2,2023,26.80448647192706,1.1705513268368102,479
681217,"Silseth, Chase",52.1,52.333333333333336,889,74,8.3,26.3,106,23400.6424756833,4024.3,2023,26.80448647192706,1.1705513268368102,479
592332,"Gausman, Kevin",185.0,185.0,3071,316,10.3,26.3,106,80849.55901482569,3933.2,2023,26.80448647192706,1.1705513268368102,479
656234,"Bird, Jake",89.1,89.33333333333333,1392,125,9.0,26.4,105,36754.258048551004,3702.9,2023,26.80448647192706,1.1705513268368102,479
640455,"Manaea, Sean",117.2,117.66666666666667,2053,205,10.0,26.4,105,54153.8124684115,4142.1,2023,26.80448647192706,1.1705513268368102,479
686294,"Willingham, Amos",24.1,24.333333333333332,471,45,9.6,26.4,105,12434.197687815593,4598.9,2023,26.80448647192706,1.1705513268368102,479
675627,"Grove, Michael",69.0,69.0,1146,108,9.4,26.4,105,30236.150292865692,3943.8,2023,26.80448647192706,1.1705513268368102,479
594943,"Neal, Zach",27.0,27.0,466,49,10.5,26.4,105,12319.768609246788,4106.6,2023,26.80448647192706,1.1705513268368102,479
666214,"Wentz, Joey",105.2,105.66666666666667,1931,185,9.6,26.5,105,51075.11741508791,4350.2,2023,26.80448647192706,1.1705513268368102,479
605288,"Houser, Adrian",111.1,111.33333333333333,1859,168,9.0,26.4,105,49102.295879390964,3969.3,2023,26.80448647192706,1.1705513268368102,479
687888,"Walter, Brandon",23.0,23.0,365,35,9.6,26.4,105,9640.965931292996,3772.6,2023,26.80448647192706,1.1705513268368102,479
668933,"Ashcraft, Graham",145.2,145.66666666666666,2326,218,9.4,26.4,105,61383.410798092904,3792.6,2023,26.80448647192706,1.1705513268368102,479
680739,"Winder, Josh",34.2,34.666666666666664,560,44,7.9,26.4,105,14784.48997074676,3838.3,2023,26.80448647192706,1.1705513268368102,479
547943,"Ryu, Hyun Jin",52.0,52.0,830,81,9.8,26.4,105,21901.129509307873,3790.6,2023,26.80448647192706,1.1705513268368102,479
592426,"Jackson, Luke",33.1,33.333333333333336,537,55,10.2,26.4,105,14178.576558803143,3828.2,2023,26.80448647192706,1.1705513268368102,479
623149,"Sewald, Paul",60.2,60.666666666666664,1042,109,10.5,26.4,105,27540.281056877247,4085.6,2023,26.80448647192706,1.1705513268368102,479
672730,"Then, Juan",11.0,11.0,168,18,10.7,26.4,105,4437.041873654967,3630.3,2023,26.80448647192706,1.1705513268368102,479
622103,"Reyes, Gerardo",9.2,9.666666666666666,219,21,9.6,26.4,105,5780.477189275114,5381.8,2023,26.80448647192706,1.1705513268368102,479
672851,"Adon, Joan",51.2,51.666666666666664,928,91,9.8,26.4,105,24478.39011299912,4264.0,2023,26.80448647192706,1.1705513268368102,479
489446,"Yates, Kirby",60.1,60.333333333333336,1063,94,8.8,26.4,105,28057.481297098017,4185.4,2023,26.80448647192706,1.1705513268368102,479
643410,"Leiter Jr., Mark",64.1,64.33333333333333,1057,103,9.7,26.4,105,27914.837831280052,3905.2,2023,26.80448647192706,1.1705513268368102,479
664285,"Valdez, Framber",198.0,198.0,2962,303,10.2,26.5,104,78442.1783850238,3565.6,2023,26.80448647192706,1.1705513268368102,479
687830,"Gipson-Long, Sawyer",20.0,20.0,336,30,8.9,26.5,104,8913.193190426253,4010.9,2023,26.80448647192706,1.1705513268368102,479
676534,"Faucher, Calvin",25.2,25.666666666666668,516,52,10.1,26.5,104,13651.514987021366,4786.9,2023,26.80448647192706,1.1705513268368102,479
663629,"Small, Ethan",4.0,4.0,93,6,6.5,26.5,104,2467.0853942784875,5550.9,2023,26.80448647192706,1.1705513268368102,479
656290,"Carlton, Drew",20.2,20.666666666666668,330,40,12.1,26.5,104,8739.783358670471,3806.0,2023,26.80448647192706,1.1705513268368102,479
673540,"Senga, Kodai",166.1,166.33333333333334,2803,268,9.6,26.5,104,74309.63997279767,4020.8,2023,26.80448647192706,1.1705513268368102,479
571760,"Heaney, Andrew",147.1,147.33333333333334,2605,263,10.1,26.5,104,69065.6149242166,4218.9,2023,26.80448647192706,1.1705513268368102,479
592767,"Smyly, Drew",142.1,142.33333333333334,2405,267,11.1,26.5,104,63717.820037433594,4029.0,2023,26.80448647192706,1.1705513268368102,479
458681,"Lynn, Lance",183.2,183.66666666666666,3174,338,10.6,26.5,104,84129.05628686628,4122.5,2023,26.80448647192706,1.1705513268368102,479
685107,"Veneziano, Anthony",2.1,2.3333333333333335,55,6,10.9,26.5,104,1458.9487317463147,5627.4,2023,26.80448647192706,1.1705513268368102,479
676106,"Hancock, Emerson",12.0,12.0,194,10,5.2,26.5,104,5143.4885997346855,3857.6,2023,26.80448647192706,1.1705513268368102,479
666745,"Brito, Jhony",90.1,90.33333333333333,1447,148,10.2,26.5,104,38297.743087937655,3815.6,2023,26.80448647192706,1.1705513268368102,479
573186,"Stroman, Marcus",136.2,136.66666666666666,2208,221,10.0,26.5,104,58490.11095928071,3851.8,2023,26.80448647192706,1.1705513268368102,479
502085,"Robertson, David",65.1,65.33333333333333,1077,115,10.7,26.5,104,28555.144822010072,3933.6,2023,26.80448647192706,1.1705513268368102,479
642207,"Williams, Devin",58.2,58.666666666666664,952,98,10.3,26.5,104,25216.79362958513,3868.5,2023,26.80448647192706,1.1705513268368102,479
519293,"Smith, Will",57.1,57.333333333333336,881,103,11.7,26.5,104,23346.49644023713,3664.9,2023,26.80448647192706,1.1705513268368102,479
668909,"Williams, Gavin",82.0,82.0,1389,158,11.4,26.6,103,36925.57057203186,4052.8,2023,26.80448647192706,1.1705513268368102,479
663567,"Lambert, Peter",87.1,87.33333333333333,1451,138,9.5,26.5,103,38504.93751863531,3968.1,2023,26.80448647192706,1.1705513268368102,479
668881,"Greene, Hunter",112.0,112.0,2093,192,9.2,26.5,103,55556.2812894003,4464.3,2023,26.80448647192706,1.1705513268368102,479
663485,"Sands, Cole",21.2,21.666666666666668,413,28,6.8,26.6,103,10965.744050953788,4555.0,2023,26.80448647192706,1.1705513268368102,479
663465,"Allard, Kolby",12.1,12.333333333333334,200,21,10.5,26.6,103,5321.304594590307,3883.1,2023,26.80448647192706,1.1705513268368102,479
669713,"Wesneski, Hayden",89.1,89.33333333333333,1485,167,11.2,26.6,103,39449.76058797219,3974.4,2023,26.80448647192706,1.1705513268368102,479
681892,"Funderburk, Kody",12.0,12.0,192,12,6.2,26.6,103,5098.884919771726,3824.2,2023,26.80448647192706,1.1705513268368102,479
686613,"Brown, Hunter",155.2,155.66666666666666,2725,247,9.1,26.6,103,72410.02559558043,4186.4,2023,26.80448647192706,1.1705513268368102,479
660787,"De los Santos, Yerry",24.1,24.333333333333332,407,37,9.1,26.5,103,10802.827608402467,3995.6,2023,26.80448647192706,1.1705513268368102,479
622780,"Perdomo, Angel",29.0,29.0,499,50,10.0,26.6,103,13256.780734512475,4114.2,2023,26.80448647192706,1.1705513268368102,479
670241,"Vines, Darius",20.1,20.333333333333332,309,35,11.3,26.5,103,8203.452880095043,3631.0,2023,26.80448647192706,1.1705513268368102,479
668338,"Miller, Tyson",15.1,15.333333333333334,225,23,10.2,26.6,103,5979.892838487675,3509.9,2023,26.80448647192706,1.1705513268368102,479
676254,"Walker, Ryan",61.1,61.333333333333336,1080,114,10.6,26.6,103,28679.08219901991,4208.3,2023,26.80448647192706,1.1705513268368102,479
669022,"Gore, MacKenzie",136.1,136.33333333333334,2462,228,9.3,26.6,103,65422.70039974335,4318.9,2023,26.80448647192706,1.1705513268368102,479
608566,"Márquez, Germán",20.0,20.0,303,31,10.2,26.5,103,8039.705755950437,3617.9,2023,26.80448647192706,1.1705513268368102,479
630023,"Chirinos, Yonny",85.0,85.0,1345,143,10.6,26.6,103,35758.88974036871,3786.2,2023,26.80448647192706,1.1705513268368102,479
656945,"Scott, Tanner",78.0,78.0,1220,146,12.0,26.6,103,32423.185992393886,3741.1,2023,26.80448647192706,1.1705513268368102,479
693821,"Elder, Bryce",174.2,174.66666666666666,2851,307,10.8,26.6,103,75786.12910149847,3905.0,2023,26.80448647192706,1.1705513268368102,479
661383,"Ortega, Oliver",14.2,14.666666666666666,239,24,10.0,26.6,103,6352.608991607911,3898.2,2023,26.80448647192706,1.1705513268368102,479
593974,"Peralta, Wandy",54.0,54.0,882,78,8.8,26.6,103,23417.279728556125,3902.9,2023,26.80448647192706,1.1705513268368102,479
669105,"Muckenhirn, Zach",6.0,6.0,95,9,9.5,26.6,103,2526.068158274372,3789.1,2023,26.80448647192706,1.1705513268368102,479
592866,"Williams, Trevor",144.1,144.33333333333334,2627,286,10.9,26.6,103,69855.28984799449,4355.9,2023,26.80448647192706,1.1705513268368102,479
674003,"Bradford, Cody",56.0,56.0,975,104,10.7,26.6,103,25896.651364761663,4162.0,2023,26.80448647192706,1.1705513268368102,479
450203,"Morton, Charlie",163.1,163.33333333333334,2861,264,9.2,26.7,102,76309.68213094698,4204.8,2023,26.80448647192706,1.1705513268368102,479
658648,"Avila, Pedro",50.1,50.333333333333336,895,107,12.0,26.6,102,23825.88977175071,4260.3,2023,26.80448647192706,1.1705513268368102,479
623352,"Hader, Josh",56.1,56.333333333333336,1053,101,9.6,26.7,102,28075.185801269516,4485.4,2023,26.80448647192706,1.1705513268368102,479
445276,"Jansen, Kenley",44.2,44.666666666666664,728,89,12.2,26.7,102,19427.665416652966,3914.5,2023,26.80448647192706,1.1705513268368102,479
502043,"Gibson, Kyle",192.0,192.0,3039,297,9.8,26.6,102,80926.60168419624,3793.4,2023,26.80448647192706,1.1705513268368102,479
663773,"Hoeing, Bryan",70.2,70.66666666666667,1134,125,11.0,26.7,102,30230.803819709854,3850.1,2023,26.80448647192706,1.1705513268368102,479
592773,"Stanek, Ryne",50.2,50.666666666666664,866,90,10.4,26.7,102,23085.561734078387,4100.7,2023,26.80448647192706,1.1705513268368102,479
596295,"Gomber, Austin",139.0,139.0,2167,215,9.9,26.6,102,57735.38301208056,3738.3,2023,26.80448647192706,1.1705513268368102,479
571863,"Koch, Matt",38.2,38.666666666666664,584,65,11.1,26.6,102,15559.150351008695,3621.5,2023,26.80448647192706,1.1705513268368102,479
647336,"Soroka, Michael",32.1,32.333333333333336,537,51,9.5,26.6,102,14305.267295470278,3981.9,2023,26.80448647192706,1.1705513268368102,479
669212,"Morgan, Eli",67.1,67.33333333333333,1204,128,10.6,26.7,102,32131.098318505363,4294.8,2023,26.80448647192706,1.1705513268368102,479
543135,"Eovaldi, Nathan",144.0,144.0,2235,240,10.7,26.6,102,59535.32404154259,3721.0,2023,26.80448647192706,1.1705513268368102,479
621051,"Wilson, Steven",53.0,53.0,942,72,7.6,26.6,102,25096.36404522654,4261.6,2023,26.80448647192706,1.1705513268368102,479
622250,"Sborz, Josh",52.1,52.333333333333336,835,98,11.7,26.6,102,22236.369131030413,3824.1,2023,26.80448647192706,1.1705513268368102,479
689225,"Brieske, Beau",35.0,35.0,638,70,11.0,26.7,102,17011.621718977753,4374.4,2023,26.80448647192706,1.1705513268368102,479
605280,"Holmes, Clay",63.0,63.0,1025,113,11.0,26.7,101,27412.234237664852,3916.0,2023,26.80448647192706,1.1705513268368102,479
663321,"Hernandez, Nick",3.0,3.0,81,5,6.2,26.7,101,2166.1307949054185,6498.4,2023,26.80448647192706,1.1705513268368102,479
687330,"Kelly, Kevin",67.0,67.0,1068,115,10.8,26.8,101,28576.762009107406,3838.7,2023,26.80448647192706,1.1705513268368102,479
446372,"Kluber, Corey",55.0,55.0,990,107,10.8,26.8,101,26489.165145844872,4334.6,2023,26.80448647192706,1.1705513268368102,479
664299,"Javier, Cristian",162.0,162.0,2886,309,10.7,26.7,101,77176.28280141996,4287.6,2023,26.80448647192706,1.1705513268368102,479
596133,"Weaver, Luke",123.2,123.66666666666667,2260,250,11.1,26.7,101,60359.909389327666,4392.8,2023,26.80448647192706,1.1705513268368102,479
670912,"Oviedo, Johan",177.2,177.66666666666666,2993,282,9.4,26.7,101,79894.20995023743,4047.2,2023,26.80448647192706,1.1705513268368102,479
607536,"Freeland, Kyle",155.2,155.66666666666666,2419,259,10.7,26.7,101,64577.13184575652,3733.6,2023,26.80448647192706,1.1705513268368102,479
607074,"Rodón, Carlos",64.1,64.33333333333333,1134,105,9.3,26.7,101,30265.750678333276,4234.1,2023,26.80448647192706,1.1705513268368102,479
669391,"White, Owen",4.0,4.0,68,9,13.2,26.7,101,1817.8810690646876,4090.2,2023,26.80448647192706,1.1705513268368102,479
548384,"Raley, Brooks",54.2,54.666666666666664,996,97,9.7,26.7,101,26588.717063334792,4377.4,2023,26.80448647192706,1.1705513268368102,479
668868,"Thompson, Zack",66.1,66.33333333333333,1169,123,10.5,26.7,101,31241.80393670906,4238.8,2023,26.80448647192706,1.1705513268368102,479
547179,"Lorenzen, Michael",153.0,153.0,2369,233,9.8,26.7,101,63262.17145178449,3721.3,2023,26.80448647192706,1.1705513268368102,479
642578,"Rodríguez, José",3.0,3.0,49,8,16.3,26.8,100,1314.9457537934622,3944.8,2023,26.80448647192706,1.1705513268368102,479
657514,"Bernardino, Brennan",50.2,50.666666666666664,867,93,10.7,26.8,100,23272.88884160343,4134.0,2023,26.80448647192706,1.1705513268368102,479
689266,"Dodd, Dylan",34.1,34.333333333333336,570,60,10.5,26.8,100,15269.595786409793,4002.7,2023,26.80448647192706,1.1705513268368102,479
605154,"Brebbia, John",38.1,38.333333333333336,682,91,13.3,26.8,100,18288.54763389907,4293.8,2023,26.80448647192706,1.1705513268368102,479
663804,"Kowar, Jackson",28.0,28.0,568,71,12.5,26.8,100,15241.622318027963,4899.1,2023,26.80448647192706,1.1705513268368102,479
672282,"Detmers, Reid",148.2,148.66666666666666,2610,260,10.0,26.8,100,69999.10124488709,4237.6,2023,26.80448647192706,1.1705513268368102,479
641712,"Hudson, Dakota",81.1,81.33333333333333,1318,139,10.5,26.8,100,35336.39324918279,3910.2,2023,26.80448647192706,1.1705513268368102,479
681882,"Selby, Colin",24.0,24.0,443,48,10.8,26.8,100,11857.620322370312,4446.6,2023,26.80448647192706,1.1705513268368102,479
663752,"Morris, Cody",8.0,8.0,166,14,8.4,26.8,100,4452.106752504077,5008.6,2023,26.80448647192706,1.1705513268368102,479
671345,"Foley, Jason",69.0,69.0,1056,113,10.7,26.8,100,28330.14034146846,3695.2,2023,26.80448647192706,1.1705513268368102,479
622072,"Wood, Alex",97.2,97.66666666666667,1710,162,9.5,26.8,100,45807.27232907502,4221.1,2023,26.80448647192706,1.1705513268368102,479
613534,"Adams, Austin",17.1,17.333333333333332,363,39,10.7,26.8,100,9733.789557172977,5054.1,2023,26.80448647192706,1.1705513268368102,479
677076,"Andrews, Clayton",3.1,3.3333333333333335,87,9,10.3,26.8,100,2333.4449755888195,6300.3,2023,26.80448647192706,1.1705513268368102,479
643377,"Jax, Griffin",65.1,65.33333333333333,1052,112,10.6,26.8,100,28170.749201089002,3880.7,2023,26.80448647192706,1.1705513268368102,479
543243,"Gray, Sonny",184.0,184.0,2827,310,11.0,26.8,100,75814.585719293,3708.3,2023,26.80448647192706,1.1705513268368102,479
596112,"Stephenson, Robert",52.1,52.333333333333336,771,98,12.7,26.8,100,20646.78996164962,3550.7,2023,26.80448647192706,1.1705513268368102,479
682052,"Lopez, Jacob",12.1,12.333333333333334,194,29,14.9,26.8,100,5200.081661626068,3794.7,2023,26.80448647192706,1.1705513268368102,479
669145,"Zimmermann, Bruce",13.1,13.333333333333334,215,30,14.0,26.9,99,5773.6317412533535,3897.2,2023,26.80448647192706,1.1705513268368102,479
598286,"Ramirez, Nick",40.2,40.666666666666664,659,75,11.4,26.9,99,17715.727886819805,3920.7,2023,26.80448647192706,1.1705513268368102,479
600917,"Leclerc, José",57.0,57.0,986,108,11.0,26.9,99,26509.931383633353,4185.8,2023,26.80448647192706,1.1705513268368102,479
669194,"Nelson, Ryne",144.0,144.0,2358,269,11.4,26.9,99,63400.86841623231,3962.6,2023,26.80448647192706,1.1705513268368102,479
643361,"Herget, Kevin",24.1,24.333333333333332,422,51,12.1,26.9,99,11343.669566187678,4195.6,2023,26.80448647192706,1.1705513268368102,479
642758,"Acevedo, Domingo",9.1,9.333333333333334,181,23,12.7,26.9,99,4865.295205267518,4691.5,2023,26.80448647192706,1.1705513268368102,479
669684,"Murphy, Chris",47.2,47.666666666666664,872,94,10.8,26.9,99,23417.818362457714,4421.5,2023,26.80448647192706,1.1705513268368102,479
621383,"Banks, Tanner",61.0,61.0,1012,109,10.8,26.9,99,27233.855376421197,4018.1,2023,26.80448647192706,1.1705513268368102,479
608638,"Chargois, JT",42.1,42.333333333333336,708,75,10.6,26.9,99,19035.18563551162,4046.9,2023,26.80448647192706,1.1705513268368102,479
608717,"Stratton, Chris",82.2,82.66666666666667,1360,152,11.2,26.9,99,36531.44345407213,3977.2,2023,26.80448647192706,1.1705513268368102,479
621295,"Wittgren, Nick",29.0,29.0,472,54,11.4,26.9,99,12693.6116842679,3939.4,2023,26.80448647192706,1.1705513268368102,479
678606,"Ferrer, José A.",34.0,34.0,563,68,12.1,26.9,99,15138.105386519279,4007.1,2023,26.80448647192706,1.1705513268368102,479
542881,"Anderson, Tyler",141.0,141.0,2435,272,11.2,26.9,99,65460.060062340024,4178.3,2023,26.80448647192706,1.1705513268368102,479
669160,"May, Dustin",48.0,48.0,736,80,10.9,26.9,99,19788.8747164752,3710.4,2023,26.80448647192706,1.1705513268368102,479
680704,"Sandlin, Nick",60.0,60.0,1009,109,10.8,27.0,98,27212.253705123072,4081.8,2023,26.80448647192706,1.1705513268368102,479
623437,"Topa, Justin",69.0,69.0,1062,136,12.8,26.9,98,28590.855777760582,3729.2,2023,26.80448647192706,1.1705513268368102,479
500779,"Quintana, Jose",75.2,75.66666666666667,1231,145,11.8,26.9,98,33153.584026212266,3943.4,2023,26.80448647192706,1.1705513268368102,479
680742,"Bowlan, Jonathan",3.0,3.0,56,6,10.7,27.0,98,1510.1508559695696,4530.5,2023,26.80448647192706,1.1705513268368102,479
678394,"Bello, Brayan",157.0,157.0,2622,288,11.0,27.0,98,70701.14621319616,4052.9,2023,26.80448647192706,1.1705513268368102,479
594577,"Mayers, Mike",26.1,26.333333333333332,455,57,12.5,27.0,98,12275.716575283552,4195.5,2023,26.80448647192706,1.1705513268368102,479
592741,"Shreve, Chasen",44.2,44.666666666666664,753,80,10.6,26.9,98,20272.170553511332,4084.7,2023,26.80448647192706,1.1705513268368102,479
694813,"Stone, Gavin",31.0,31.0,548,56,10.2,26.9,98,14768.101009767832,4287.5,2023,26.80448647192706,1.1705513268368102,479
608665,"Graveman, Kendall",66.1,66.33333333333333,1116,126,11.3,26.9,98,30051.434762814715,4077.3,2023,26.80448647192706,1.1705513268368102,479
694037,"Palencia, Daniel",28.1,28.333333333333332,494,53,10.7,27.0,98,13319.774772347262,4231.0,2023,26.80448647192706,1.1705513268368102,479
667463,"King, John",37.1,37.333333333333336,529,48,9.1,27.0,98,14269.93739964093,3440.1,2023,26.80448647192706,1.1705513268368102,479
668942,"Rojas, Josh",2.0,2.0,36,2,5.6,27.0,98,971.9679391134165,4373.9,2023,26.80448647192706,1.1705513268368102,479
667755,"Soriano, José",42.0,42.0,704,81,11.5,26.9,98,18953.672859469727,4061.5,2023,26.80448647192706,1.1705513268368102,479
672582,"Zerpa, Angel",42.2,42.666666666666664,707,87,12.3,27.0,98,19079.788465936657,4024.6,2023,26.80448647192706,1.1705513268368102,479
676596,"Fleming, Josh",51.2,51.666666666666664,769,84,10.9,27.0,98,20755.88495060428,3615.5,2023,26.80448647192706,1.1705513268368102,479
542947,"Bleier, Richard",30.2,30.666666666666668,460,61,13.3,26.9,98,12392.09629446192,3636.8,2023,26.80448647192706,1.1705513268368102,479
641835,"Mayza, Tim",53.1,53.333333333333336,820,80,9.8,27.0,98,22101.984360892468,3729.7,2023,26.80448647192706,1.1705513268368102,479
570632,"Ureña, José",44.2,44.666666666666664,771,89,11.5,26.9,98,20777.90546179067,4186.6,2023,26.80448647192706,1.1705513268368102,479
656382,"Doyle, Tommy",23.2,23.666666666666668,353,48,13.6,27.0,98,9523.20240926203,3621.5,2023,26.80448647192706,1.1705513268368102,479
681911,"Vesia, Alex",49.2,49.666666666666664,866,92,10.6,27.0,97,23413.009986649336,4242.6,2023,26.80448647192706,1.1705513268368102,479
663623,"Irvin, Jake",121.0,121.0,2149,209,9.7,27.0,97,58113.576458074065,4322.5,2023,26.80448647192706,1.1705513268368102,479
623381,"Pannone, Thomas",2.2,2.6666666666666665,59,6,10.2,27.0,97,1595.502005728995,5384.8,2023,26.80448647192706,1.1705513268368102,479
571656,"Farmer, Buck",75.0,75.0,1224,156,12.7,27.1,97,33131.37959835039,3975.8,2023,26.80448647192706,1.1705513268368102,479
608678,"Leone, Dominic",54.0,54.0,898,98,10.9,27.1,97,24307.836244951235,4051.3,2023,26.80448647192706,1.1705513268368102,479
656353,"Davidson, Tucker",51.1,51.333333333333336,855,93,10.9,27.0,97,23100.839325748122,4050.1,2023,26.80448647192706,1.1705513268368102,479
686839,"White, Brendan",40.2,40.666666666666664,669,86,12.9,27.1,97,18103.85219590524,4006.6,2023,26.80448647192706,1.1705513268368102,479
657585,"Garrett, Reed",19.2,19.666666666666668,348,41,11.8,27.0,97,9405.044458715918,4304.0,2023,26.80448647192706,1.1705513268368102,479
641585,"France, J.P.",136.1,136.33333333333334,2206,219,9.9,27.0,97,59649.58936906655,3937.7,2023,26.80448647192706,1.1705513268368102,479
680735,"Cox, Austin",35.2,35.666666666666664,578,58,10.0,27.0,97,15614.48565402335,3940.1,2023,26.80448647192706,1.1705513268368102,479
656849,"Peterson, David",111.0,111.0,1969,182,9.2,27.0,97,53204.18972615372,4313.9,2023,26.80448647192706,1.1705513268368102,479
641401,"Brogdon, Connor",29.0,29.0,545,61,11.2,27.0,97,14733.679395824529,4572.5,2023,26.80448647192706,1.1705513268368102,479
676092,"Snider, Collin",20.1,20.333333333333332,367,39,10.6,27.0,97,9918.451786927459,4390.1,2023,26.80448647192706,1.1705513268368102,479
680767,"Vodnik, Victor",8.2,8.666666666666666,186,13,7.0,27.0,97,5027.939922091009,5221.3,2023,26.80448647192706,1.1705513268368102,479
676265,"Abbott, Cory",39.1,39.333333333333336,703,79,11.2,27.0,97,18984.00109551307,4343.8,2023,26.80448647192706,1.1705513268368102,479
672710,"Contreras, Roansy",68.1,68.33333333333333,1146,138,12.0,27.1,96,31070.852591779876,4092.3,2023,26.80448647192706,1.1705513268368102,479
471911,"Carrasco, Carlos",90.0,90.0,1592,162,10.2,27.1,96,43180.61624835051,4318.1,2023,26.80448647192706,1.1705513268368102,479
663687,"Harris, Hogan",63.0,63.0,1109,132,11.9,27.1,96,30091.73902077341,4298.8,2023,26.80448647192706,1.1705513268368102,479
641778,"Lauer, Eric",46.2,46.666666666666664,847,95,11.2,27.2,96,22997.068982855133,4435.1,2023,26.80448647192706,1.1705513268368102,479
656731,"Megill, Tylor",126.1,126.33333333333333,2237,231,10.3,27.1,96,60677.70107654048,4322.7,2023,26.80448647192706,1.1705513268368102,479
662253,"Muñoz, Andrés",49.0,49.0,848,87,10.3,27.1,96,22974.38776167984,4219.8,2023,26.80448647192706,1.1705513268368102,479
661309,"Martinez, Adrián",55.0,55.0,945,103,10.9,27.1,96,25645.985753780384,4196.6,2023,26.80448647192706,1.1705513268368102,479
606160,"Montero, Rafael",67.1,67.33333333333333,1253,163,13.0,27.1,96,33994.53185067793,4543.8,2023,26.80448647192706,1.1705513268368102,479
669854,"Blanco, Ronel",52.0,52.0,906,95,10.5,27.1,96,24535.936106730478,4246.6,2023,26.80448647192706,1.1705513268368102,479
673111,"Lopez, José",2.0,2.0,51,2,3.9,27.1,96,1383.2915259250403,6224.8,2023,26.80448647192706,1.1705513268368102,479
679525,"Marsh, Alec",74.1,74.33333333333333,1342,152,11.3,27.1,96,36355.907788701035,4401.8,2023,26.80448647192706,1.1705513268368102,479
663903,"Singer, Brady",159.2,159.66666666666666,2615,278,10.6,27.1,96,70976.94254905469,4000.8,2023,26.80448647192706,1.1705513268368102,479
623167,"Flexen, Chris",102.1,102.33333333333333,1755,195,11.1,27.1,96,47626.76824455936,4188.7,2023,26.80448647192706,1.1705513268368102,479
625643,"López, Reynaldo",66.0,66.0,1219,145,11.9,27.1,96,33089.801762383766,4512.2,2023,26.80448647192706,1.1705513268368102,479
660853,"De Los Santos, Enyel",65.2,65.66666666666667,1059,126,11.9,27.1,96,28717.029227502328,3935.8,2023,26.80448647192706,1.1705513268368102,479
621389,"Blach, Ty",78.0,78.0,1264,144,11.4,27.2,95,34390.265875025274,3968.1,2023,26.80448647192706,1.1705513268368102,479
448179,"Hill, Rich",146.1,146.33333333333334,2536,293,11.6,27.2,95,68991.36830880247,4243.2,2023,26.80448647192706,1.1705513268368102,479
668665,"Nogosek, Stephen",25.2,25.666666666666668,490,50,10.2,27.2,95,13340.522081603542,4677.8,2023,26.80448647192706,1.1705513268368102,479
677053,"Nardi, Andrew",57.1,57.333333333333336,966,105,10.9,27.2,95,26266.856404338054,4123.3,2023,26.80448647192706,1.1705513268368102,479
694363,"Shuster, Jared",52.2,52.666666666666664,864,87,10.1,27.2,95,23493.106419878426,4014.6,2023,26.80448647192706,1.1705513268368102,479
656638,"Lange, Alex",66.0,66.0,1151,128,11.1,27.2,95,31269.84295593034,4264.1,2023,26.80448647192706,1.1705513268368102,479
686826,"Jarvis, Bryce",23.2,23.666666666666668,370,47,12.7,27.2,95,10066.991456714615,3828.3,2023,26.80448647192706,1.1705513268368102,479
488984,"Hunter, Tommy",23.2,23.666666666666668,368,46,12.5,27.2,95,10004.415018319678,3804.5,2023,26.80448647192706,1.1705513268368102,479
656557,"Houck, Tanner",106.0,106.0,1742,211,12.1,27.2,95,47437.30924282489,4027.7,2023,26.80448647192706,1.1705513268368102,479
607968,"Rucinski, Drew",18.0,18.0,350,38,10.9,27.2,95,9512.437653432475,4756.2,2023,26.80448647192706,1.1705513268368102,479
676701,"Trejo, Alan",2.0,2.0,25,3,12.0,27.2,95,680.7318820449,3063.3,2023,26.80448647192706,1.1705513268368102,479
502083,"McAllister, Zach",5.1,5.333333333333333,123,7,5.7,27.2,95,3341.0654144984715,5638.0,2023,26.80448647192706,1.1705513268368102,479
623451,"Stephens, Jackson",12.0,12.0,226,27,11.9,27.2,95,6143.275659730023,4607.5,2023,26.80448647192706,1.1705513268368102,479
657024,"Swanson, Erik",66.2,66.66666666666667,1059,130,12.3,27.2,95,28763.639216221323,3883.1,2023,26.80448647192706,1.1705513268368102,479
669270,"Kuhnel, Joel",13.0,13.0,196,23,11.7,27.2,95,5336.779578876097,3694.7,2023,26.80448647192706,1.1705513268368102,479
656302,"Cease, Dylan",177.0,177.0,3268,397,12.1,27.2,95,88940.22980150339,4522.4,2023,26.80448647192706,1.1705513268368102,479
669084,"Hall, DL",19.1,19.333333333333332,373,46,12.3,27.2,95,10129.850459230043,4715.6,2023,26.80448647192706,1.1705513268368102,479
605498,"Suárez, Andrew",27.2,27.666666666666668,521,63,12.1,27.2,95,14177.133482543726,4611.8,2023,26.80448647192706,1.1705513268368102,479
678061,"Kerr, Ray",27.0,27.0,435,59,13.6,27.3,94,11877.053342793588,3959.0,2023,26.80448647192706,1.1705513268368102,479
663462,"Campbell, Isaiah",28.2,28.666666666666668,483,51,10.6,27.3,94,13168.470079874094,4134.3,2023,26.80448647192706,1.1705513268368102,479
668941,"Romero, JoJo",36.2,36.666666666666664,550,73,13.3,27.3,94,15010.855650433936,3684.5,2023,26.80448647192706,1.1705513268368102,479
670990,"Ramírez, Yohan",38.1,38.333333333333336,719,75,10.4,27.3,94,19612.733257704524,4604.7,2023,26.80448647192706,1.1705513268368102,479
663776,"Sandoval, Patrick",144.2,144.66666666666666,2631,293,11.1,27.2,94,71677.39516617676,4459.2,2023,26.80448647192706,1.1705513268368102,479
670036,"Festa, Matt",9.0,9.0,196,12,6.1,27.3,94,5344.605191813415,5344.6,2023,26.80448647192706,1.1705513268368102,479
671106,"Allen, Logan",125.1,125.33333333333333,2134,236,11.1,27.3,94,58161.43180314931,4176.5,2023,26.80448647192706,1.1705513268368102,479
664199,"Clarke, Taylor",59.0,59.0,1074,132,12.3,27.3,94,29323.51429218075,4473.1,2023,26.80448647192706,1.1705513268368102,479
663372,"Feltner, Ryan",43.1,43.333333333333336,784,84,10.7,27.3,94,21365.227479698937,4437.4,2023,26.80448647192706,1.1705513268368102,479
672578,"Hernández, Carlos",70.0,70.0,1257,145,11.5,27.3,94,34277.30578237794,4407.1,2023,26.80448647192706,1.1705513268368102,479
663978,"Paddack, Chris",5.0,5.0,79,4,5.1,27.2,94,2151.9164506925645,3873.4,2023,26.80448647192706,1.1705513268368102,479
425794,"Wainwright, Adam",101.0,101.0,1793,201,11.2,27.3,94,48876.65525187508,4355.3,2023,26.80448647192706,1.1705513268368102,479
607755,"Vasquez, Andrew",48.1,48.333333333333336,859,108,12.6,27.3,94,23411.68456993835,4359.4,2023,26.80448647192706,1.1705513268368102,479
493603,"Ottavino, Adam",61.2,61.666666666666664,1035,116,11.2,27.3,94,28256.179996368362,4123.9,2023,26.80448647192706,1.1705513268368102,479
605347,"López, Jorge",59.0,59.0,980,117,11.9,27.2,94,26691.25649840423,4071.5,2023,26.80448647192706,1.1705513268368102,479
607179,"Weems, Jordan",54.2,54.666666666666664,941,114,12.1,27.2,94,25641.831313000792,4221.5,2023,26.80448647192706,1.1705513268368102,479
650960,"Duarte, Daniel",31.2,31.666666666666668,572,68,11.9,27.2,94,15581.456769440974,4428.4,2023,26.80448647192706,1.1705513268368102,479
621237,"Alvarado, José",41.1,41.333333333333336,745,99,13.3,27.3,94,20318.708268818787,4424.2,2023,26.80448647192706,1.1705513268368102,479
554340,"García, Yimi",66.0,66.0,1101,133,12.1,27.3,94,30045.401670749674,4097.1,2023,26.80448647192706,1.1705513268368102,479
623211,"Brazobán, Huascar",58.2,58.666666666666664,1025,126,12.3,27.3,93,28028.179123900587,4299.8,2023,26.80448647192706,1.1705513268368102,479
664294,"Moreta, Dauri",58.0,58.0,966,117,12.1,27.3,93,26402.7717670191,4097.0,2023,26.80448647192706,1.1705513268368102,479
605483,"Snell, Blake",180.0,180.0,3170,374,11.8,27.3,93,86622.14515600083,4331.1,2023,26.80448647192706,1.1705513268368102,479
572955,"Johnson, Pierce",62.2,62.666666666666664,1089,137,12.6,27.3,93,29759.294740895544,4273.9,2023,26.80448647192706,1.1705513268368102,479
615698,"Quantrill, Cal",99.2,99.66666666666667,1714,220,12.8,27.4,93,46890.686609113516,4234.3,2023,26.80448647192706,1.1705513268368102,479
571882,"Law, Derek",55.0,55.0,962,106,11.0,27.4,93,26319.642860662494,4306.9,2023,26.80448647192706,1.1705513268368102,479
624522,"Thompson, Keegan",28.2,28.666666666666668,478,58,12.1,27.3,93,13065.074126791702,4101.8,2023,26.80448647192706,1.1705513268368102,479
664875,"Lawrence, Justin",75.0,75.0,1199,141,11.8,27.4,93,32836.857868010215,3940.4,2023,26.80448647192706,1.1705513268368102,479
669912,"Snead, Kirby",11.2,11.666666666666666,197,22,11.2,27.4,93,5390.330146106881,4158.3,2023,26.80448647192706,1.1705513268368102,479
621368,"Hearn, Taylor",15.0,15.0,313,41,13.1,27.4,93,8564.732601391699,5138.8,2023,26.80448647192706,1.1705513268368102,479
668970,"Hollowell, Gavin",33.2,33.666666666666664,617,60,9.7,27.3,93,16855.870053239563,4506.0,2023,26.80448647192706,1.1705513268368102,479
682967,"Sweet, Devin",8.2,8.666666666666666,166,16,9.6,27.4,93,4545.371726415317,4720.2,2023,26.80448647192706,1.1705513268368102,479
608348,"Kelly, Carson",2.2,2.6666666666666665,52,6,11.5,27.4,93,1424.0013273467573,4806.0,2023,26.80448647192706,1.1705513268368102,479
642585,"Bautista, Félix",61.0,61.0,988,131,13.3,27.3,93,27021.33299574372,3986.8,2023,26.80448647192706,1.1705513268368102,479
643338,"Green, Chad",12.0,12.0,199,27,13.6,27.3,93,5440.0341312601,4080.0,2023,26.80448647192706,1.1705513268368102,479
608723,"Voth, Austin",34.2,34.666666666666664,667,90,13.5,27.3,93,18221.60675638121,4730.6,2023,26.80448647192706,1.1705513268368102,479
665625,"Peguero, Elvis",61.1,61.333333333333336,921,114,12.4,27.4,93,25222.852142352986,3701.2,2023,26.80448647192706,1.1705513268368102,479
650496,"Mejía, J.C.",11.1,11.333333333333334,214,22,10.3,27.3,93,5847.277162811404,4643.4,2023,26.80448647192706,1.1705513268368102,479
650556,"Abreu, Bryan",72.0,72.0,1218,129,10.6,27.3,93,33273.91734288216,4159.2,2023,26.80448647192706,1.1705513268368102,479
611093,"Bracho, Silvino",7.1,7.333333333333333,126,14,11.1,27.4,93,3449.755206712756,4233.8,2023,26.80448647192706,1.1705513268368102,479
605200,"Davies, Zach",82.1,82.33333333333333,1501,169,11.3,27.4,93,41078.545435639244,4490.4,2023,26.80448647192706,1.1705513268368102,479
656629,"Kopech, Michael",129.1,129.33333333333334,2432,278,11.4,27.4,92,66669.27459628975,4639.4,2023,26.80448647192706,1.1705513268368102,479
650893,"Cabrera, Génesis",55.2,55.666666666666664,963,121,12.6,27.4,92,26423.556990059005,4272.1,2023,26.80448647192706,1.1705513268368102,479
669438,"Englert, Mason",56.0,56.0,960,137,14.3,27.4,92,26324.579272135743,4230.7,2023,26.80448647192706,1.1705513268368102,479
595345,"Okert, Steven",58.2,58.666666666666664,1021,122,11.9,27.5,92,28035.240982852058,4300.9,2023,26.80448647192706,1.1705513268368102,479
593576,"Neris, Héctor",68.1,68.33333333333333,1094,150,13.7,27.4,92,30019.388663052552,3953.8,2023,26.80448647192706,1.1705513268368102,479
570666,"Cessa, Luis",26.0,26.0,465,54,11.6,27.4,92,12763.50965733368,4418.1,2023,26.80448647192706,1.1705513268368102,479
547973,"Chapman, Aroldis",58.1,58.333333333333336,1021,134,13.1,27.4,92,27975.075421792586,4316.2,2023,26.80448647192706,1.1705513268368102,479
668984,"Legumina, Casey",12.2,12.666666666666666,231,27,11.7,27.4,92,6329.519008746231,4497.3,2023,26.80448647192706,1.1705513268368102,479
641703,"Honeywell, Brent",52.1,52.333333333333336,947,100,10.6,27.4,92,25949.37462939647,4462.6,2023,26.80448647192706,1.1705513268368102,479
656061,"Abreu, Albert",59.0,59.0,1055,119,11.3,27.4,92,28954.747487619,4416.8,2023,26.80448647192706,1.1705513268368102,479
661403,"Clase, Emmanuel",72.2,72.66666666666667,1133,149,13.2,27.4,92,31081.914230145685,3849.6,2023,26.80448647192706,1.1705513268368102,479
622554,"Domínguez, Seranthony",50.0,50.0,859,113,13.2,27.5,91,23660.85551050352,4259.0,2023,26.80448647192706,1.1705513268368102,479
621363,"Poche, Colin",60.2,60.666666666666664,931,112,12.0,27.5,91,25622.610802031657,3801.2,2023,26.80448647192706,1.1705513268368102,479
641672,"Hatch, Thomas",28.2,28.666666666666668,477,49,10.3,27.5,91,13120.025373070055,4119.1,2023,26.80448647192706,1.1705513268368102,479
642545,"Barria, Jaime",82.1,82.33333333333333,1377,164,11.9,27.5,91,37857.78260469596,4138.3,2023,26.80448647192706,1.1705513268368102,479
621139,"Kriske, Brooks",6.2,6.666666666666667,92,9,9.8,27.5,91,2528.5172251604768,3413.5,2023,26.80448647192706,1.1705513268368102,479
612434,"Castro, Miguel",64.2,64.66666666666667,1022,119,11.6,27.5,91,28126.625778331007,3914.5,2023,26.80448647192706,1.1705513268368102,479
657508,"Baumann, Mike",64.2,64.66666666666667,1081,123,11.4,27.5,91,29762.70446361924,4142.2,2023,26.80448647192706,1.1705513268368102,479
663765,"Woodford, Jake",47.2,47.666666666666664,910,104,11.4,27.5,91,25056.355322101954,4730.9,2023,26.80448647192706,1.1705513268368102,479
571578,"Corbin, Patrick",180.0,180.0,2925,377,12.9,27.5,91,80444.4145111314,4022.2,2023,26.80448647192706,1.1705513268368102,479
521230,"Hendriks, Liam",5.0,5.0,87,11,12.6,27.5,91,2394.048347068709,4309.3,2023,26.80448647192706,1.1705513268368102,479
682990,"Priester, Quinn",50.0,50.0,866,116,13.4,27.5,91,23835.385446769465,4290.4,2023,26.80448647192706,1.1705513268368102,479
676206,"Tarnok, Freddy",14.2,14.666666666666666,287,23,8.0,27.5,91,7902.563702246955,4849.3,2023,26.80448647192706,1.1705513268368102,479
681982,"Anderson, Grant",35.2,35.666666666666664,601,79,13.1,27.5,91,16526.580562190862,4170.3,2023,26.80448647192706,1.1705513268368102,479
502624,"Anderson, Chase",86.1,86.33333333333333,1449,167,11.5,27.5,91,39909.3619896336,4160.4,2023,26.80448647192706,1.1705513268368102,479
671111,"Peralta, Sammy",20.0,20.0,379,48,12.7,27.5,91,10439.472526047934,4697.8,2023,26.80448647192706,1.1705513268368102,479
661440,"Llovera, Mauricio",35.0,35.0,633,80,12.6,27.5,91,17415.52876952735,4478.3,2023,26.80448647192706,1.1705513268368102,479
666205,"Muller, Kyle",77.0,77.0,1461,177,12.1,27.5,90,40245.68570412487,4704.0,2023,26.80448647192706,1.1705513268368102,479
518397,"Alexander, Scott",48.1,48.333333333333336,706,88,12.5,27.6,90,19481.320946914755,3627.6,2023,26.80448647192706,1.1705513268368102,479
605155,"Brewer, Colten",8.1,8.333333333333334,104,16,15.4,27.6,90,2866.908661149373,3096.3,2023,26.80448647192706,1.1705513268368102,479
665622,"Medina, Luis",109.2,109.66666666666667,1958,204,10.4,27.6,90,53987.134593143186,4430.6,2023,26.80448647192706,1.1705513268368102,479
666818,"Frías, Luis",31.0,31.0,539,70,13.0,27.6,90,14887.889535555754,4322.3,2023,26.80448647192706,1.1705513268368102,479
660761,"Suarez, José",33.2,33.666666666666664,624,66,10.6,27.6,90,17192.122102632697,4595.9,2023,26.80448647192706,1.1705513268368102,479
681432,"Little, Luke",6.2,6.666666666666667,136,19,14.0,27.6,90,3753.1456230529884,5066.7,2023,26.80448647192706,1.1705513268368102,479
656818,"Overton, Connor",11.0,11.0,200,16,8.0,27.6,90,5517.041304447385,4513.9,2023,26.80448647192706,1.1705513268368102,479
670280,"Bednar, David",67.1,67.33333333333333,1122,147,13.1,27.6,90,30948.844702191105,4136.7,2023,26.80448647192706,1.1705513268368102,479
518617,"Diekman, Jake",56.2,56.666666666666664,999,117,11.7,27.7,89,27646.185683479387,4390.9,2023,26.80448647192706,1.1705513268368102,479
541640,"Ramírez, Erasmo",60.1,60.333333333333336,962,116,12.1,27.6,89,26597.413574516537,3967.6,2023,26.80448647192706,1.1705513268368102,479
543056,"Coulombe, Danny",51.1,51.333333333333336,832,112,13.5,27.7,89,23023.84034529132,4036.6,2023,26.80448647192706,1.1705513268368102,479
641627,"Gott, Trevor",58.0,58.0,990,140,14.1,27.6,89,27357.074016836516,4245.1,2023,26.80448647192706,1.1705513268368102,479
682171,"Murfee, Penn",14.0,14.0,236,33,14.0,27.6,89,6523.781467495255,4193.9,2023,26.80448647192706,1.1705513268368102,479
641656,"Hamilton, Ian",58.0,58.0,986,125,12.7,27.6,89,27253.944646959884,4229.1,2023,26.80448647192706,1.1705513268368102,479
670174,"Winckowski, Josh",84.1,84.33333333333333,1394,175,12.6,27.6,89,38534.778175008614,4112.4,2023,26.80448647192706,1.1705513268368102,479
641427,"Busenitz, Alan",7.0,7.0,111,16,14.4,27.6,89,3066.87412042959,3943.1,2023,26.80448647192706,1.1705513268368102,479
640448,"Finnegan, Kyle",69.1,69.33333333333333,1118,146,13.1,27.7,89,30934.193583596847,4015.5,2023,26.80448647192706,1.1705513268368102,479
571670,"Floro, Dylan",56.2,56.666666666666664,969,138,14.2,27.7,89,26826.36393672697,4260.7,2023,26.80448647192706,1.1705513268368102,479
680686,"Gray, Josiah",159.0,159.0,2817,333,11.8,27.6,89,77877.6220405938,4408.2,2023,26.80448647192706,1.1705513268368102,479
622075,"Almonte, Yency",48.0,48.0,807,106,13.1,27.7,89,22333.096252066018,4187.5,2023,26.80448647192706,1.1705513268368102,479
607259,"Martinez, Nick",110.1,110.33333333333333,1756,235,13.4,27.7,89,48614.66755535932,3965.5,2023,26.80448647192706,1.1705513268368102,479
607359,"Patton, Spencer",12.1,12.333333333333334,209,26,12.4,27.6,89,5774.115049630805,4213.5,2023,26.80448647192706,1.1705513268368102,479
672335,"Pérez, Cionel",53.1,53.333333333333336,888,124,14.0,27.7,89,24577.42069799639,4147.4,2023,26.80448647192706,1.1705513268368102,479
608718,"Suter, Brent",69.1,69.33333333333333,1130,143,12.7,27.7,89,31248.27078077262,4056.3,2023,26.80448647192706,1.1705513268368102,479
701643,"Hartwig, Grant",35.1,35.333333333333336,643,86,13.4,27.6,89,17767.414699553792,4525.7,2023,26.80448647192706,1.1705513268368102,479
665871,"Assad, Javier",109.1,109.33333333333333,1713,218,12.7,27.6,89,47353.33494554495,3898.0,2023,26.80448647192706,1.1705513268368102,479
660896,"Alcala, Jorge",17.1,17.333333333333332,320,48,15.0,27.6,89,8839.922004137063,4590.0,2023,26.80448647192706,1.1705513268368102,479
656457,"Gilbert, Tyler",17.1,17.333333333333332,263,32,12.2,27.7,88,7295.993272896222,3788.3,2023,26.80448647192706,1.1705513268368102,479
605177,"Chafin, Andrew",51.1,51.333333333333336,922,124,13.4,27.7,88,25577.830971448682,4484.4,2023,26.80448647192706,1.1705513268368102,479
670059,"Holderman, Colin",56.0,56.0,939,117,12.5,27.7,88,26056.189612947634,4187.6,2023,26.80448647192706,1.1705513268368102,479
660825,"Bazardo, Eduard",16.0,16.0,270,47,17.4,27.8,88,7497.178723403173,4217.2,2023,26.80448647192706,1.1705513268368102,479
666720,"Rodríguez, Yerry",13.2,13.666666666666666,282,49,17.4,27.7,88,7813.12582181697,5145.2,2023,26.80448647192706,1.1705513268368102,479
666277,"Soriano, George",52.0,52.0,888,108,12.2,27.8,88,24646.497264181686,4265.7,2023,26.80448647192706,1.1705513268368102,479
657053,"Toussaint, Touki",87.0,87.0,1595,215,13.5,27.7,88,44192.99215157258,4571.7,2023,26.80448647192706,1.1705513268368102,479
676130,"Buttó, José",42.0,42.0,734,81,11.0,27.7,88,20357.834267839837,4362.4,2023,26.80448647192706,1.1705513268368102,479
670329,"Garcia, Rico",11.2,11.666666666666666,267,34,12.7,27.8,88,7414.496021918172,5719.8,2023,26.80448647192706,1.1705513268368102,479
595897,"Burdi, Nick",3.0,3.0,58,10,17.2,27.8,88,1610.7207351738366,4832.2,2023,26.80448647192706,1.1705513268368102,479
596057,"Norris, Daniel",12.2,12.666666666666666,258,32,12.4,27.7,88,7157.869371712876,5085.9,2023,26.80448647192706,1.1705513268368102,479
669461,"Liberatore, Matthew",61.2,61.666666666666664,1063,143,13.5,27.7,88,29476.17789971018,4301.9,2023,26.80448647192706,1.1705513268368102,479
700363,"Smith-Shawver, AJ",25.1,25.333333333333332,454,43,9.5,27.7,88,12577.229153324064,4468.2,2023,26.80448647192706,1.1705513268368102,479
606965,"Devenski, Chris",42.1,42.333333333333336,685,104,15.2,27.7,88,18986.2207241624,4036.4,2023,26.80448647192706,1.1705513268368102,479
622772,"Cordero, Jimmy",32.2,32.666666666666664,515,70,13.6,27.8,87,14332.978555359772,3948.9,2023,26.80448647192706,1.1705513268368102,479
663855,"Hicks, Jordan",65.2,65.66666666666667,1124,150,13.3,27.8,87,31259.14566093394,4284.2,2023,26.80448647192706,1.1705513268368102,479
621219,"Mills, Alec",1.0,1.0,40,5,12.5,27.8,87,1112.2235593032954,10010.0,2023,26.80448647192706,1.1705513268368102,479
657612,"Hill, Tim",44.1,44.333333333333336,718,105,14.6,27.8,87,19982.61436384757,4056.6,2023,26.80448647192706,1.1705513268368102,479
656794,"Newcomb, Sean",15.0,15.0,281,28,10.0,27.8,87,7811.139692180606,4686.7,2023,26.80448647192706,1.1705513268368102,479
669947,"Scholtens, Jesse",85.0,85.0,1451,188,13.0,27.8,87,40359.74121344614,4273.4,2023,26.80448647192706,1.1705513268368102,479
663986,"Stephan, Trevor",68.2,68.66666666666667,1133,157,13.9,27.8,87,31550.9280893777,4135.3,2023,26.80448647192706,1.1705513268368102,479
543766,"Shaw, Bryan",45.2,45.666666666666664,774,103,13.3,27.8,87,21545.632929483287,4246.2,2023,26.80448647192706,1.1705513268368102,479
696136,"Wicks, Jordan",34.2,34.666666666666664,583,75,12.9,27.8,87,16233.127976436863,4214.4,2023,26.80448647192706,1.1705513268368102,479
657756,"Seabold, Connor",87.1,87.33333333333333,1567,225,14.4,27.9,86,43733.199512666884,4506.9,2023,26.80448647192706,1.1705513268368102,479
656427,"Flaherty, Jack",144.1,144.33333333333334,2638,358,13.6,27.9,86,73672.00974043405,4593.9,2023,26.80448647192706,1.1705513268368102,479
445926,"Chavez, Jesse",34.2,34.666666666666664,582,71,12.2,27.9,86,16226.17879322629,4212.6,2023,26.80448647192706,1.1705513268368102,479
657571,"Ferguson, Caleb",60.1,60.333333333333336,1067,148,13.9,27.9,86,29774.20934864643,4441.5,2023,26.80448647192706,1.1705513268368102,479
628708,"Marte, Yunior",39.1,39.333333333333336,700,102,14.6,27.9,86,19531.542099857288,4469.1,2023,26.80448647192706,1.1705513268368102,479
656546,"Hoffman, Jeff",52.1,52.333333333333336,876,128,14.6,27.9,86,24421.71464436984,4199.9,2023,26.80448647192706,1.1705513268368102,479
687396,"Headrick, Brent",25.2,25.666666666666668,494,67,13.6,27.9,86,13786.816423146958,4834.3,2023,26.80448647192706,1.1705513268368102,479
523260,"Kelly, Joe",39.1,39.333333333333336,715,99,13.8,27.9,86,19946.153014619405,4564.0,2023,26.80448647192706,1.1705513268368102,479
664901,"Mendick, Danny",2.0,2.0,38,4,10.5,27.9,86,1060.6507178972263,4772.9,2023,26.80448647192706,1.1705513268368102,479
681402,"Varland, Gus",20.1,20.333333333333332,408,56,13.7,27.9,86,11381.30241280458,5037.6,2023,26.80448647192706,1.1705513268368102,479
643256,"Cimber, Adam",20.2,20.666666666666668,373,61,16.4,27.9,86,10408.441153545678,4532.7,2023,26.80448647192706,1.1705513268368102,479
543518,"McGough, Scott",70.1,70.33333333333333,1243,171,13.8,27.9,86,34629.11768473416,4431.2,2023,26.80448647192706,1.1705513268368102,479
600921,"Machado, Andrés",50.0,50.0,784,107,13.6,27.9,86,21874.923260135674,3937.5,2023,26.80448647192706,1.1705513268368102,479
621076,"Kaprielian, James",61.0,61.0,1097,158,14.4,27.9,85,30651.37941929944,4522.3,2023,26.80448647192706,1.1705513268368102,479
641329,"Baker, Bryan",45.0,45.0,793,119,15.0,28.0,85,22184.12663589861,4436.8,2023,26.80448647192706,1.1705513268368102,479
665019,"Clemens, Kody",2.2,2.6666666666666665,41,3,7.3,27.9,85,1145.7151434742968,3866.8,2023,26.80448647192706,1.1705513268368102,479
608032,"Estévez, Carlos",62.1,62.333333333333336,1148,163,14.2,28.0,85,32122.41303652526,4638.0,2023,26.80448647192706,1.1705513268368102,479
543521,"McHugh, Collin",58.2,58.666666666666664,1024,129,12.6,28.0,85,28646.965966330707,4394.7,2023,26.80448647192706,1.1705513268368102,479
605130,"Barlow, Scott",68.0,68.0,1209,177,14.6,28.0,85,33861.43115321019,4481.7,2023,26.80448647192706,1.1705513268368102,479
674370,"Bido, Osvaldo",50.2,50.666666666666664,942,127,13.5,28.0,85,26340.87762920613,4679.0,2023,26.80448647192706,1.1705513268368102,479
642048,"Saucedo, Tayler",47.2,47.666666666666664,791,109,13.8,28.0,85,22149.94224910354,4182.2,2023,26.80448647192706,1.1705513268368102,479
670871,"Zuñiga, Guillo",2.0,2.0,43,6,14.0,28.0,85,1203.318600002727,5414.9,2023,26.80448647192706,1.1705513268368102,479
527048,"Pérez, Martín",141.2,141.66666666666666,2230,299,13.4,28.0,85,62345.42439180052,3960.8,2023,26.80448647192706,1.1705513268368102,479
656232,"Bielak, Brandon",80.0,80.0,1388,183,13.2,28.0,85,38812.81984503015,4366.4,2023,26.80448647192706,1.1705513268368102,479
552640,"Kittredge, Andrew",11.2,11.666666666666666,187,26,13.9,28.0,85,5232.904792345155,4036.8,2023,26.80448647192706,1.1705513268368102,479
660593,"Reyes, Denyi",19.2,19.666666666666668,364,52,14.3,28.0,85,10178.471371823505,4657.9,2023,26.80448647192706,1.1705513268368102,479
542585,"Cisnero, José",59.1,59.333333333333336,996,140,14.1,28.1,84,27951.033309249153,4239.8,2023,26.80448647192706,1.1705513268368102,479
614179,"Ruiz, José",44.1,44.333333333333336,825,107,13.0,28.0,84,23137.832818901312,4697.2,2023,26.80448647192706,1.1705513268368102,479
621112,"Blackburn, Paul",103.2,103.66666666666667,1880,245,13.0,28.0,84,52703.46013272717,4575.5,2023,26.80448647192706,1.1705513268368102,479
573124,"Rogers, Taylor",51.2,51.666666666666664,848,112,13.2,28.0,84,23772.006777904553,4140.9,2023,26.80448647192706,1.1705513268368102,479
668754,"Bristo, Braden",7.0,7.0,118,15,12.7,28.1,84,3314.1316297644207,4261.0,2023,26.80448647192706,1.1705513268368102,479
656257,"Brigham, Jeff",37.2,37.666666666666664,681,108,15.9,28.1,84,19111.362796523743,4566.4,2023,26.80448647192706,1.1705513268368102,479
668676,"Plesac, Zach",21.1,21.333333333333332,374,58,15.5,28.0,84,10489.721664462031,4425.4,2023,26.80448647192706,1.1705513268368102,479
592229,"Covey, Dylan",43.0,43.0,740,97,13.1,28.1,84,20787.790648430208,4350.9,2023,26.80448647192706,1.1705513268368102,479
657093,"Watkins, Spenser",4.1,4.333333333333333,90,10,11.1,28.2,83,2534.4125656460064,5263.8,2023,26.80448647192706,1.1705513268368102,479
642239,"Zastryzny, Rob",20.2,20.666666666666668,394,54,13.7,28.1,83,11080.077924452095,4825.2,2023,26.80448647192706,1.1705513268368102,479
666619,"Santos, Gregory",66.1,66.33333333333333,1053,158,15.0,28.1,83,29581.251951197093,4013.5,2023,26.80448647192706,1.1705513268368102,479
621074,"Rucker, Michael",40.1,40.333333333333336,720,89,12.4,28.1,83,20254.845937952992,4519.7,2023,26.80448647192706,1.1705513268368102,479
598264,"Barnes, Matt",21.1,21.333333333333332,404,62,15.3,28.2,83,11375.74230078337,4799.1,2023,26.80448647192706,1.1705513268368102,479
674444,"Cruz, Steven",12.2,12.666666666666666,245,30,12.2,28.1,83,6896.2570394646955,4900.0,2023,26.80448647192706,1.1705513268368102,479
664208,"Maton, Phil",66.0,66.0,1047,171,16.3,28.2,82,29522.84012292021,4025.8,2023,26.80448647192706,1.1705513268368102,479
669952,"White, Mitch",12.2,12.666666666666666,253,32,12.6,28.2,82,7128.387635939884,5064.9,2023,26.80448647192706,1.1705513268368102,479
656981,"Solomon, Peter",13.1,13.333333333333334,236,33,14.0,28.2,82,6649.972053475603,4488.7,2023,26.80448647192706,1.1705513268368102,479
572971,"Keuchel, Dallas",37.2,37.666666666666664,658,95,14.4,28.2,82,18555.746264880705,4433.7,2023,26.80448647192706,1.1705513268368102,479
594580,"Moll, Sam",62.1,62.333333333333336,1058,153,14.5,28.2,82,29872.048620460428,4313.1,2023,26.80448647192706,1.1705513268368102,479
676714,"Hughes, Brandon",13.2,13.666666666666666,243,33,13.6,28.2,82,6850.398843648428,4511.2,2023,26.80448647192706,1.1705513268368102,479
453178,"Kennedy, Ian",16.1,16.333333333333332,314,48,15.3,28.2,82,8857.05154768613,4880.4,2023,26.80448647192706,1.1705513268368102,479
572403,"VerHagen, Drew",61.0,61.0,1052,153,14.5,28.2,82,29642.591764807003,4373.5,2023,26.80448647192706,1.1705513268368102,479
643493,"Pruitt, Austin",48.1,48.333333333333336,763,102,13.4,28.2,82,21503.013864927663,4004.0,2023,26.80448647192706,1.1705513268368102,479
673858,"Wong, Jake",3.0,3.0,57,5,8.8,28.3,81,1611.3091793634405,4833.9,2023,26.80448647192706,1.1705513268368102,479
669674,"Long, Sam",45.0,45.0,787,109,13.9,28.3,81,22248.159098223518,4449.6,2023,26.80448647192706,1.1705513268368102,479
665795,"Cabrera, Edward",99.2,99.66666666666667,1806,246,13.6,28.3,81,51155.56319439867,4619.4,2023,26.80448647192706,1.1705513268368102,479
666201,"Manoah, Alek",87.1,87.33333333333333,1697,224,13.2,28.3,81,48010.49111003958,4947.6,2023,26.80448647192706,1.1705513268368102,479
669211,"Akin, Keegan",23.2,23.666666666666668,460,68,14.8,28.3,81,12999.748320168745,4943.6,2023,26.80448647192706,1.1705513268368102,479
678226,"Hernández, Daysbel",3.2,3.6666666666666665,83,14,16.9,28.3,81,2348.932943939144,5765.6,2023,26.80448647192706,1.1705513268368102,479
543272,"Hand, Brad",53.2,53.666666666666664,983,162,16.5,28.3,81,27815.315139261587,4664.7,2023,26.80448647192706,1.1705513268368102,479
663878,"Pearson, Nate",42.2,42.666666666666664,742,114,15.4,28.2,81,20960.76456211679,4421.4,2023,26.80448647192706,1.1705513268368102,479
681806,"Wantz, Andrew",39.1,39.333333333333336,663,97,14.6,28.4,80,18804.868515287395,4302.8,2023,26.80448647192706,1.1705513268368102,479
681987,"Eaton, Nate",1.0,1.0,22,3,13.6,28.3,80,623.5795905862999,5612.2,2023,26.80448647192706,1.1705513268368102,479
472610,"García, Luis",59.2,59.666666666666664,1014,149,14.7,28.4,80,28799.155381267035,4344.0,2023,26.80448647192706,1.1705513268368102,479
661395,"Duran, Jhoan",62.1,62.333333333333336,1034,161,15.6,28.3,80,29309.15433059448,4231.8,2023,26.80448647192706,1.1705513268368102,479
543507,"May, Trevor",46.2,46.666666666666664,798,104,13.0,28.3,80,22610.57715522974,4360.6,2023,26.80448647192706,1.1705513268368102,479
663385,"Smith, Chad",13.2,13.666666666666666,248,34,13.7,28.5,79,7063.072628431479,4651.3,2023,26.80448647192706,1.1705513268368102,479
622098,"Smith, Drew",56.1,56.333333333333336,1083,152,14.0,28.5,79,30833.551147648825,4926.1,2023,26.80448647192706,1.1705513268368102,479
663546,"Hjelle, Sean",29.0,29.0,520,81,15.6,28.5,79,14796.53023426106,4592.0,2023,26.80448647192706,1.1705513268368102,479
682847,"Ortiz, Luis",86.2,86.66666666666667,1462,214,14.6,28.5,79,41601.08778522499,4320.1,2023,26.80448647192706,1.1705513268368102,479
682120,"Herrin, Tim",27.2,27.666666666666668,510,70,13.7,28.4,79,14503.829646292843,4718.1,2023,26.80448647192706,1.1705513268368102,479
664854,"Helsley, Ryan",36.2,36.666666666666664,611,91,14.9,28.5,79,17401.027289695176,4271.2,2023,26.80448647192706,1.1705513268368102,479
680723,"Rom, Drew",33.2,33.666666666666664,672,87,12.9,28.4,79,19095.277851077022,5104.7,2023,26.80448647192706,1.1705513268368102,479
664129,"Hartlieb, Geoff",4.0,4.0,66,4,6.1,28.5,79,1879.523699833508,4228.9,2023,26.80448647192706,1.1705513268368102,479
677865,"Bruihl, Justin",28.0,28.0,447,67,15.0,28.5,79,12727.05568942597,4090.8,2023,26.80448647192706,1.1705513268368102,479
663704,"McArthur, James",23.1,23.333333333333332,341,61,17.9,28.4,79,9693.454093669554,3738.9,2023,26.80448647192706,1.1705513268368102,479
672715,"Patiño, Luis",21.2,21.666666666666668,385,59,15.3,28.5,78,10982.805336118792,4562.1,2023,26.80448647192706,1.1705513268368102,479
596271,"Lawrence, Casey",27.1,27.333333333333332,455,73,16.0,28.5,78,12986.906539650423,4276.2,2023,26.80448647192706,1.1705513268368102,479
680573,"Woods Richardson, Simeon",4.2,4.666666666666667,99,9,9.1,28.5,78,2825.2169087435427,5448.6,2023,26.80448647192706,1.1705513268368102,479
605463,"Scott, Tayler",17.2,17.666666666666668,346,53,15.3,28.5,78,9857.30889327183,5021.6,2023,26.80448647192706,1.1705513268368102,479
675989,"Bolton, Cody",21.1,21.333333333333332,455,59,13.0,28.5,78,12975.506127502511,5474.0,2023,26.80448647192706,1.1705513268368102,479
661527,"Martinez, Seth",43.0,43.0,773,114,14.7,28.5,78,22037.0202827726,4612.4,2023,26.80448647192706,1.1705513268368102,479
641360,"Bickford, Phil",67.1,67.33333333333333,1248,187,15.0,28.5,78,35563.88225649027,4753.6,2023,26.80448647192706,1.1705513268368102,479
666374,"Brash, Matt",70.2,70.66666666666667,1306,184,14.1,28.5,78,37265.02595184266,4746.0,2023,26.80448647192706,1.1705513268368102,479
656222,"Beeks, Jalen",42.1,42.333333333333336,732,113,15.4,28.6,77,20927.030804627822,4449.1,2023,26.80448647192706,1.1705513268368102,479
668674,"Erceg, Lucas",55.0,55.0,1057,152,14.4,28.6,77,30213.79501295426,4944.1,2023,26.80448647192706,1.1705513268368102,479
656730,"Megill, Trevor",34.2,34.666666666666664,602,99,16.4,28.6,77,17215.351755314296,4469.4,2023,26.80448647192706,1.1705513268368102,479
571539,"Carasiti, Matt",24.1,24.333333333333332,411,68,16.5,28.6,77,11753.902439946078,4347.3,2023,26.80448647192706,1.1705513268368102,479
682175,"Jacques, Joe",26.2,26.666666666666668,443,65,14.7,28.6,77,12677.260093952085,4278.6,2023,26.80448647192706,1.1705513268368102,479
657140,"Wright, Kyle",31.0,31.0,576,79,13.7,28.7,76,16533.202999993424,4800.0,2023,26.80448647192706,1.1705513268368102,479
677960,"Weathers, Ryan",57.2,57.666666666666664,1073,166,15.5,28.7,76,30757.339077575278,4800.3,2023,26.80448647192706,1.1705513268368102,479
666168,"Thompson, Mason",54.0,54.0,897,130,14.5,28.7,76,25712.478805464558,4285.4,2023,26.80448647192706,1.1705513268368102,479
605447,"Romano, Jordan",59.0,59.0,937,147,15.7,28.7,76,26874.10058749647,4099.4,2023,26.80448647192706,1.1705513268368102,479
640444,"Crowe, Wil",9.2,9.666666666666666,183,24,13.1,28.7,75,5259.801288149296,4897.1,2023,26.80448647192706,1.1705513268368102,479
686610,"Waldichuk, Ken",141.0,141.0,2558,412,16.1,28.7,75,73461.65492016,4689.0,2023,26.80448647192706,1.1705513268368102,479
670167,"Schreiber, John",46.2,46.666666666666664,830,140,16.9,28.8,75,23873.704195533595,4604.2,2023,26.80448647192706,1.1705513268368102,479
571901,"Loup, Aaron",48.2,48.666666666666664,855,123,14.4,28.7,75,24554.0876384877,4540.8,2023,26.80448647192706,1.1705513268368102,479
622503,"Crismatt, Nabil",13.0,13.0,263,30,11.4,28.8,75,7561.46344356426,5234.9,2023,26.80448647192706,1.1705513268368102,479
656529,"Hentges, Sam",52.1,52.333333333333336,857,128,14.9,28.7,75,24635.093168021525,4236.6,2023,26.80448647192706,1.1705513268368102,479
664028,"Kennedy, Brett",18.0,18.0,310,52,16.8,28.8,75,8913.181156640061,4456.6,2023,26.80448647192706,1.1705513268368102,479
657031,"Taylor, Josh",17.2,17.666666666666668,345,61,17.7,28.7,75,9908.96551372613,5048.0,2023,26.80448647192706,1.1705513268368102,479
663474,"McKenzie, Triston",16.0,16.0,300,38,12.7,28.7,75,8618.779928258255,4848.1,2023,26.80448647192706,1.1705513268368102,479
686651,"Stoudt, Levi",10.1,10.333333333333334,224,33,14.7,28.7,75,6434.971310141966,5604.7,2023,26.80448647192706,1.1705513268368102,479
543594,"Nolin, Sean",3.0,3.0,63,9,14.3,28.8,74,1816.1447367030921,5448.4,2023,26.80448647192706,1.1705513268368102,479
605242,"Fulmer, Michael",57.0,57.0,950,158,16.6,28.8,74,27387.493863236927,4324.3,2023,26.80448647192706,1.1705513268368102,479
650895,"Castillo, Diego",8.2,8.666666666666666,162,29,17.9,28.8,74,4666.961084085142,4846.5,2023,26.80448647192706,1.1705513268368102,479
669467,"Pallante, Andre",68.0,68.0,1140,164,14.4,28.9,74,32890.846187879804,4353.2,2023,26.80448647192706,1.1705513268368102,479
518516,"Bumgarner, Madison",16.2,16.666666666666668,350,45,12.9,28.9,74,10102.666096122653,5455.4,2023,26.80448647192706,1.1705513268368102,479
593619,"Tapia, Domingo",17.2,17.666666666666668,323,47,14.6,28.8,74,9303.494713166969,4739.5,2023,26.80448647192706,1.1705513268368102,479
677161,"Kelly, Zack",9.1,9.333333333333334,181,24,13.3,28.8,74,5220.384703086104,5033.9,2023,26.80448647192706,1.1705513268368102,479
665620,"García, Deivi",15.0,15.0,289,48,16.6,28.9,73,8359.843265063946,5015.9,2023,26.80448647192706,1.1705513268368102,479
621016,"Cuas, Jose",65.1,65.33333333333333,1177,165,14.0,28.9,73,34069.030956242306,4693.2,2023,26.80448647192706,1.1705513268368102,479
622259,"Wingenter, Trey",17.0,17.0,309,40,12.9,28.9,73,8931.6388305943,4728.5,2023,26.80448647192706,1.1705513268368102,479
642770,"Guerra, Javy",19.1,19.333333333333332,375,51,13.6,28.9,73,10836.306393836401,5044.5,2023,26.80448647192706,1.1705513268368102,479
674681,"Plassmeyer, Michael",3.2,3.6666666666666665,85,10,11.8,28.9,73,2459.4380137071144,6036.8,2023,26.80448647192706,1.1705513268368102,479
642546,"Hernández, Jonathan",31.2,31.666666666666668,557,89,16.0,28.9,73,16097.88904407586,4575.2,2023,26.80448647192706,1.1705513268368102,479
656986,"Sousa, Bennett",9.0,9.0,140,21,15.0,28.9,73,4052.922104181842,4052.9,2023,26.80448647192706,1.1705513268368102,479
664747,"Díaz, Alexis",67.1,67.33333333333333,1166,191,16.4,28.9,73,33701.09014421695,4504.6,2023,26.80448647192706,1.1705513268368102,479
622251,"Staumont, Josh",20.0,20.0,361,64,17.7,29.0,72,10452.457869904882,4703.6,2023,26.80448647192706,1.1705513268368102,479
605218,"Edwards Jr., Carl",31.2,31.666666666666668,574,87,15.2,29.0,72,16660.82728748005,4735.2,2023,26.80448647192706,1.1705513268368102,479
680689,"Richardson, Lyon",16.2,16.666666666666668,331,51,15.4,29.0,72,9593.722397761576,5180.6,2023,26.80448647192706,1.1705513268368102,479
605151,"Bradley, Archie",7.1,7.333333333333333,149,26,17.4,29.0,72,4324.004355396458,5306.7,2023,26.80448647192706,1.1705513268368102,479
572193,"Tepera, Ryan",10.2,10.666666666666666,233,40,17.2,29.0,72,6757.083517419462,5701.3,2023,26.80448647192706,1.1705513268368102,479
665048,"Harris, Hobie",19.1,19.333333333333332,350,60,17.1,29.0,72,10152.429329618397,4726.1,2023,26.80448647192706,1.1705513268368102,479
693312,"Nicolas, Kyle",5.1,5.333333333333333,111,20,18.0,29.0,72,3217.5877519926416,5429.7,2023,26.80448647192706,1.1705513268368102,479
476595,"Luetge, Lucas",13.2,13.666666666666666,288,48,16.7,29.0,72,8352.161118863301,5500.2,2023,26.80448647192706,1.1705513268368102,479
500871,"Escobar, Eduardo",3.2,3.6666666666666665,44,5,11.4,29.0,72,1276.7189918744828,3133.8,2023,26.80448647192706,1.1705513268368102,479
660906,"Pérez, Francisco",16.2,16.666666666666668,312,53,17.0,29.0,72,9044.483766912283,4884.0,2023,26.80448647192706,1.1705513268368102,479
607457,"Barraclough, Kyle",7.2,7.666666666666667,156,25,16.0,29.1,71,4535.506003867273,5324.3,2023,26.80448647192706,1.1705513268368102,479
543510,"McCann, James",1.0,1.0,14,3,21.4,29.1,71,406.8741729278687,3661.9,2023,26.80448647192706,1.1705513268368102,479
663542,"Hudson, Bryan",8.2,8.666666666666666,164,32,19.5,29.1,71,4768.051177183114,4951.4,2023,26.80448647192706,1.1705513268368102,479
571875,"Lamb, Jake",1.0,1.0,8,1,12.5,29.2,70,233.4247751712023,2100.8,2023,26.80448647192706,1.1705513268368102,479
545121,"Vargas, Ildemaro",2.0,2.0,28,4,14.3,29.1,70,815.4089404668432,3669.3,2023,26.80448647192706,1.1705513268368102,479
544727,"Familia, Jeurys",12.2,12.666666666666666,256,46,18.0,29.2,70,7470.875017802863,5308.3,2023,26.80448647192706,1.1705513268368102,479
688427,"Ingram, Kolton",5.1,5.333333333333333,100,16,16.0,29.1,70,2912.060080144798,4914.1,2023,26.80448647192706,1.1705513268368102,479
646241,"De Jesus, Enmanuel",6.1,6.333333333333333,136,25,18.4,29.1,70,3958.635036562337,5625.4,2023,26.80448647192706,1.1705513268368102,479
641771,"Kuhl, Chad",38.1,38.333333333333336,774,139,18.0,29.2,70,22568.16993608825,5298.6,2023,26.80448647192706,1.1705513268368102,479
660261,"Fujinami, Shintaro",79.0,79.0,1411,244,17.3,29.2,69,41225.48676669667,4696.6,2023,26.80448647192706,1.1705513268368102,479
666808,"Doval, Camilo",67.2,67.66666666666667,1163,200,17.2,29.2,69,33998.16074826961,4521.9,2023,26.80448647192706,1.1705513268368102,479
677020,"Walker, Josh",10.0,10.0,219,32,14.6,29.3,68,6409.708494497321,5768.7,2023,26.80448647192706,1.1705513268368102,479
663658,"Ward, Thaddeus",35.1,35.333333333333336,685,107,15.6,29.3,68,20087.463419205924,5116.6,2023,26.80448647192706,1.1705513268368102,479
679346,"Navarro, Edgar",8.2,8.666666666666666,150,27,18.0,29.3,68,4395.213713426207,4564.3,2023,26.80448647192706,1.1705513268368102,479
682842,"Uribe, Abner",30.2,30.666666666666668,520,81,15.6,29.3,68,15235.069401333054,4471.2,2023,26.80448647192706,1.1705513268368102,479
663558,"Morán, Jovani",42.1,42.333333333333336,756,117,15.5,29.3,68,22143.749097689375,4707.7,2023,26.80448647192706,1.1705513268368102,479
687798,"Robertson, Nick",22.1,22.333333333333332,400,79,19.8,29.3,68,11733.306444988073,4728.3,2023,26.80448647192706,1.1705513268368102,479
605513,"Turnbull, Spencer",31.0,31.0,556,86,15.5,29.3,68,16298.824804157695,4731.9,2023,26.80448647192706,1.1705513268368102,479
676760,"Marinaccio, Ron",47.1,47.333333333333336,898,148,16.5,29.4,67,26414.97326620307,5022.6,2023,26.80448647192706,1.1705513268368102,479
676961,"Boushley, Caleb",2.1,2.3333333333333335,41,6,14.6,29.3,67,1203.2008811337337,4640.9,2023,26.80448647192706,1.1705513268368102,479
675916,"Karinchak, James",39.0,39.0,740,123,16.6,29.5,66,21803.911670218247,5031.7,2023,26.80448647192706,1.1705513268368102,479
671131,"Rutledge, Jackson",20.0,20.0,346,63,18.2,29.5,65,10220.015723968017,4599.0,2023,26.80448647192706,1.1705513268368102,479
676395,"Garcia, Robert",32.0,32.0,530,100,18.9,29.5,65,15646.596768601232,4400.6,2023,26.80448647192706,1.1705513268368102,479
657097,"Webb, Jacob",53.2,53.666666666666664,938,171,18.2,29.5,65,27713.04938606595,4647.5,2023,26.80448647192706,1.1705513268368102,479
696147,"Bachman, Sam",17.0,17.0,321,54,16.8,29.5,65,9475.357645462891,5016.4,2023,26.80448647192706,1.1705513268368102,479
664942,"Naile, James",15.1,15.333333333333334,308,48,15.6,29.7,63,9152.541452389298,5372.1,2023,26.80448647192706,1.1705513268368102,479
518585,"Cruz, Fernando",66.0,66.0,1122,221,19.7,29.7,63,33352.24964246821,4548.0,2023,26.80448647192706,1.1705513268368102,479
686730,"Spiers, Carson",13.0,13.0,291,50,17.2,29.7,63,8646.576313622314,5986.1,2023,26.80448647192706,1.1705513268368102,479
686539,"Cronin, Declan",11.0,11.0,193,34,17.6,29.7,63,5731.365588119059,4689.3,2023,26.80448647192706,1.1705513268368102,479
670810,"Gillaspie, Logan",9.0,9.0,191,35,18.3,29.7,63,5663.782010676431,5663.8,2023,26.80448647192706,1.1705513268368102,479
605612,"Castro, Harold",2.0,2.0,29,2,6.9,29.8,62,863.0085658877534,3883.5,2023,26.80448647192706,1.1705513268368102,479
666154,"Kauffmann, Karl",35.0,35.0,583,96,16.5,29.8,62,17354.825205078156,4462.7,2023,26.80448647192706,1.1705513268368102,479
674285,"Salazar, Eduardo",12.1,12.333333333333334,239,44,18.4,29.8,62,7110.441059482999,5188.7,2023,26.80448647192706,1.1705513268368102,479
685314,"Saalfrank, Andrew",10.1,10.333333333333334,160,29,18.1,29.8,62,4766.93783219868,4151.8,2023,26.80448647192706,1.1705513268368102,479
663574,"Santillan, Tony",3.1,3.3333333333333335,63,11,17.5,29.8,61,1878.05580656,5070.8,2023,26.80448647192706,1.1705513268368102,479
682010,"Ramsey, Lane",20.0,20.0,340,57,16.8,29.8,61,10138.06829263293,4562.1,2023,26.80448647192706,1.1705513268368102,479
657424,"Gage, Matt",6.2,6.666666666666667,119,20,16.8,29.9,61,3555.8717950007763,4800.4,2023,26.80448647192706,1.1705513268368102,479
621057,"Garza, Justin",18.1,18.333333333333332,356,67,18.8,29.8,61,10618.550037888412,5212.7,2023,26.80448647192706,1.1705513268368102,479
595411,"Sherriff, Ryan",6.2,6.666666666666667,106,20,18.9,29.9,61,3166.0794854956025,4274.2,2023,26.80448647192706,1.1705513268368102,479
519008,"McFarland, T.J.",1.2,1.6666666666666665,51,9,17.6,29.9,61,1523.9266218103087,8229.2,2023,26.80448647192706,1.1705513268368102,479
608371,"Sims, Lucas",61.0,61.0,1062,188,17.7,30.0,59,31834.809442992155,4696.9,2023,26.80448647192706,1.1705513268368102,479
453268,"Bard, Daniel",49.1,49.333333333333336,946,166,17.5,30.0,59,28376.67507160095,5176.8,2023,26.80448647192706,1.1705513268368102,479
663562,"Davis, Noah",30.0,30.0,602,119,19.8,30.0,59,18085.19507241615,5425.6,2023,26.80448647192706,1.1705513268368102,479
665896,"Marte, José",9.1,9.333333333333334,173,30,17.3,30.0,59,5193.3649126658265,5007.9,2023,26.80448647192706,1.1705513268368102,479
672391,"Ort, Kaleb",23.0,23.0,392,84,21.4,30.1,58,11805.933762129653,4619.7,2023,26.80448647192706,1.1705513268368102,479
664076,"Cleavinger, Garrett",12.0,12.0,211,41,19.4,30.1,57,6356.252566799103,4767.2,2023,26.80448647192706,1.1705513268368102,479
607481,"Bummer, Aaron",58.1,58.333333333333336,1114,218,19.6,30.2,57,33603.34909381383,5184.5,2023,26.80448647192706,1.1705513268368102,479
670183,"Acton, Garrett",5.2,5.666666666666667,132,26,19.7,30.2,57,3985.2773528469043,6329.6,2023,26.80448647192706,1.1705513268368102,479
641755,"Kinley, Tyler",16.1,16.333333333333332,298,58,19.5,30.2,57,8988.244811437096,4952.7,2023,26.80448647192706,1.1705513268368102,479
641745,"Keller, Brad",45.1,45.333333333333336,879,160,18.2,30.2,57,26513.656170336242,5263.7,2023,26.80448647192706,1.1705513268368102,479
605446,"Rodríguez, Dereck",5.1,5.333333333333333,98,22,22.4,30.1,57,2954.1760039333394,4985.2,2023,26.80448647192706,1.1705513268368102,479
690829,"Joyce, Ben",10.0,10.0,202,32,15.8,30.2,56,6102.477614819752,5492.2,2023,26.80448647192706,1.1705513268368102,479
500743,"Rojas, Miguel",3.0,3.0,37,7,18.9,30.3,55,1120.4531153779549,3361.4,2023,26.80448647192706,1.1705513268368102,479
656814,"Ortiz, Luis",19.0,19.0,299,63,21.1,30.3,55,9065.933349336168,4294.4,2023,26.80448647192706,1.1705513268368102,479
593833,"Suero, Wander",8.0,8.0,160,28,17.5,30.3,55,4849.455277548122,5455.6,2023,26.80448647192706,1.1705513268368102,479
669395,"Coleman, Dylan",18.1,18.333333333333332,385,65,16.9,30.3,55,11666.190529419795,5727.0,2023,26.80448647192706,1.1705513268368102,479
682051,"Hill, Garrett",15.2,15.666666666666666,310,56,18.1,30.4,54,9427.082387140956,5415.6,2023,26.80448647192706,1.1705513268368102,479
664776,"Cousins, Jake",9.1,9.333333333333334,202,41,20.3,30.5,53,6160.766070397318,5940.7,2023,26.80448647192706,1.1705513268368102,479
623507,"Lester, Josh",1.0,1.0,18,3,16.7,30.5,53,549.0670481317431,4941.6,2023,26.80448647192706,1.1705513268368102,479
572888,"Greene, Shane",3.0,3.0,42,7,16.7,30.5,53,1281.1153692107614,3843.3,2023,26.80448647192706,1.1705513268368102,479
456713,"Bush, Matt",10.1,10.333333333333334,194,39,20.1,30.5,53,5917.005387192081,5153.5,2023,26.80448647192706,1.1705513268368102,479
667427,"Jackson, Zach",18.0,18.0,372,82,22.0,30.6,52,11365.08468085698,5682.5,2023,26.80448647192706,1.1705513268368102,479
606625,"Moronta, Reyes",1.1,1.3333333333333333,48,10,20.8,30.5,52,1466.3294690298856,9897.7,2023,26.80448647192706,1.1705513268368102,479
665734,"Felipe, Angel",15.0,15.0,271,49,18.1,30.5,52,8276.314666537051,4965.8,2023,26.80448647192706,1.1705513268368102,479
592662,"Ray, Robbie",3.1,3.3333333333333335,91,18,19.8,30.6,51,2784.098846290939,7517.1,2023,26.80448647192706,1.1705513268368102,479
669721,"Daniel, Davis",12.1,12.333333333333334,218,48,22.0,30.6,51,6669.999858694224,4867.3,2023,26.80448647192706,1.1705513268368102,479
663753,"Knehr, Reiss",5.2,5.666666666666667,124,22,17.7,30.7,51,3802.0440248694335,6038.5,2023,26.80448647192706,1.1705513268368102,479
669093,"Estrada, Jeremiah",10.2,10.666666666666666,242,43,17.8,30.7,50,7425.0110139755225,6264.9,2023,26.80448647192706,1.1705513268368102,479
681517,"Leahy, Kyle",1.2,1.6666666666666665,58,13,22.4,30.7,50,1779.5427600114385,9609.5,2023,26.80448647192706,1.1705513268368102,479
656266,"Bukauskas, J.B.",7.0,7.0,103,23,22.3,30.8,49,3169.987590097778,4075.7,2023,26.80448647192706,1.1705513268368102,479
455117,"Maldonado, Martín",1.0,1.0,30,3,10.0,30.8,49,923.8777894007034,8314.9,2023,26.80448647192706,1.1705513268368102,479
659275,"Lamet, Dinelson",27.2,27.666666666666668,605,116,19.2,30.8,49,18645.974195472576,6065.6,2023,26.80448647192706,1.1705513268368102,479
680983,"Cáceres, Kelvin",1.1,1.3333333333333333,36,6,16.7,31.0,47,1114.2678500397064,7521.3,2023,26.80448647192706,1.1705513268368102,479
641149,"Parsons, Wes",4.0,4.0,89,22,24.7,31.0,47,2756.4033319417977,6201.9,2023,26.80448647192706,1.1705513268368102,479
656887,"Reid-Foley, Sean",7.2,7.666666666666667,165,35,21.2,31.0,46,5117.981924426006,6008.1,2023,26.80448647192706,1.1705513268368102,479
657697,"Nittoli, Vinny",3.2,3.6666666666666665,54,14,25.9,31.0,46,1673.685705029097,4108.1,2023,26.80448647192706,1.1705513268368102,479
607455,"Banda, Anthony",7.0,7.0,161,24,14.9,31.1,45,5005.13368958468,6435.2,2023,26.80448647192706,1.1705513268368102,479
592779,"Stewart, Brock",27.2,27.666666666666668,452,104,23.0,31.2,44,14083.746983884572,4581.5,2023,26.80448647192706,1.1705513268368102,479
596082,"Reed, Jake",0.2,0.6666666666666666,29,4,13.8,31.2,44,904.5795240259785,12211.8,2023,26.80448647192706,1.1705513268368102,479
670124,"Oller, Adam",19.2,19.666666666666668,412,88,21.4,31.1,44,12829.343129933692,5871.1,2023,26.80448647192706,1.1705513268368102,479
665665,"Sanmartin, Reiver",14.0,14.0,311,62,19.9,31.3,42,9739.886321169468,6261.4,2023,26.80448647192706,1.1705513268368102,479
570257,"Rodríguez, Joely",11.0,11.0,216,54,25.0,31.4,42,6771.641170113357,5540.4,2023,26.80448647192706,1.1705513268368102,479
593423,"Montas, Frankie",1.1,1.3333333333333333,26,6,23.1,31.4,41,817.1893438499297,5516.0,2023,26.80448647192706,1.1705513268368102,479
681584,"Villar, David",1.0,1.0,8,1,12.5,31.4,41,251.5659830522542,2264.1,2023,26.80448647192706,1.1705513268368102,479
672841,"Vargas, Carlos",4.2,4.666666666666667,83,22,26.5,31.5,40,2613.3582188778287,5040.0,2023,26.80448647192706,1.1705513268368102,479
607237,"Garrett, Amir",24.1,24.333333333333332,476,111,23.3,31.5,40,14996.242667294113,5546.6,2023,26.80448647192706,1.1705513268368102,479
621199,"Bowman, Matt",4.0,4.0,87,17,19.5,31.6,39,2749.3071301139075,6185.9,2023,26.80448647192706,1.1705513268368102,479
687922,"Lucas, Easton",6.2,6.666666666666667,152,37,24.3,31.9,35,4843.499441146862,6538.7,2023,26.80448647192706,1.1705513268368102,479
608328,"De Jong, Chase",11.1,11.333333333333334,226,54,23.9,32.1,32,7253.375613411027,5760.0,2023,26.80448647192706,1.1705513268368102,479
543543,"Miller, Brad",2.0,2.0,39,8,20.5,32.2,30,1257.076033874248,5656.8,2023,26.80448647192706,1.1705513268368102,479
668873,"Kilian, Caleb",5.1,5.333333333333333,131,34,26.0,32.2,30,4222.4377141321775,7125.4,2023,26.80448647192706,1.1705513268368102,479
689147,"Kerkering, Orion",3.0,3.0,61,16,26.2,32.3,29,1972.4024553068334,5917.2,2023,26.80448647192706,1.1705513268368102,479
657041,"Thomas, Lane",1.0,1.0,21,4,19.0,32.4,28,680.6809504579198,6126.1,2023,26.80448647192706,1.1705513268368102,479
472551,"Abad, Fernando",6.1,6.333333333333333,143,37,25.9,32.4,28,4634.707490102415,6586.2,2023,26.80448647192706,1.1705513268368102,479
676632,"Madris, Bligh",1.0,1.0,11,2,18.2,32.5,27,357.5835836370009,3218.3,2023,26.80448647192706,1.1705513268368102,479
679885,"Martinez, Justin",10.0,10.0,240,55,22.9,32.6,26,7827.567170119498,7044.8,2023,26.80448647192706,1.1705513268368102,479
666207,"Pint, Riley",0.1,0.3333333333333333,20,4,20.0,32.8,23,655.8240212576391,17707.2,2023,26.80448647192706,1.1705513268368102,479
676979,"Crochet, Garrett",12.2,12.666666666666666,292,73,25.0,33.0,20,9639.342057563945,6849.0,2023,26.80448647192706,1.1705513268368102,479
517008,"Colomé, Alex",3.0,3.0,63,15,23.8,33.0,20,2082.035260894926,6246.1,2023,26.80448647192706,1.1705513268368102,479
682989,"Mederos, Victor",3.0,3.0,66,18,27.3,33.2,19,2188.49320226138,6565.5,2023,26.80448647192706,1.1705513268368102,479
640454,"Krook, Matt",4.0,4.0,107,32,29.9,33.3,17,3558.7531378468225,8007.2,2023,26.80448647192706,1.1705513268368102,479
664744,"Espada, Jose",1.0,1.0,25,5,20.0,33.4,16,834.3930040800457,7509.5,2023,26.80448647192706,1.1705513268368102,479
687145,"Justice, Evan",7.1,7.333333333333333,170,43,25.3,33.7,12,5725.64270529745,7026.9,2023,26.80448647192706,1.1705513268368102,479
656322,"Coonrod, Sam",6.2,6.666666666666667,147,45,30.6,33.7,12,4946.768661958023,6678.1,2023,26.80448647192706,1.1705513268368102,479
543281,"Harrison, Josh",1.2,1.6666666666666665,44,9,20.5,33.8,11,1486.1968749147723,8025.5,2023,26.80448647192706,1.1705513268368102,479
670970,"Morejon, Adrian",9.0,9.0,162,47,29.0,33.9,9,5498.533944462963,5498.5,2023,26.80448647192706,1.1705513268368102,479
663432,"Rainey, Tanner",1.0,1.0,18,3,16.7,33.9,9,610.0432020508983,5490.4,2023,26.80448647192706,1.1705513268368102,479
613564,"Vosler, Jason",2.0,2.0,25,6,24.0,34.2,5,855.3097674855103,3848.9,2023,26.80448647192706,1.1705513268368102,479
686842,"Moore, McKinley",3.1,3.3333333333333335,86,29,33.7,34.3,4,2946.7039765426935,7956.1,2023,26.80448647192706,1.1705513268368102,479
645444,"Herrera, Jose",2.0,2.0,38,14,36.8,34.4,2,1308.1659845490422,5886.7,2023,26.80448647192706,1.1705513268368102,479
663630,"McKenna, Ryan",1.0,1.0,18,7,38.9,34.5,1,621.3803782712323,5592.4,2023,26.80448647192706,1.1705513268368102,479
542208,"Pérez, Carlos",1.2,1.6666666666666665,42,15,35.7,34.5,1,1450.5335016539898,7832.9,2023,26.80448647192706,1.1705513268368102,479
571710,"Givens, Mychal",4.0,4.0,94,28,29.8,34.6,0,3251.241681434163,7315.3,2023,26.80448647192706,1.1705513268368102,479
686972,"Waites, Cole",2.1,2.3333333333333335,65,20,30.8,34.6,0,2251.077898578847,8682.7,2023,26.80448647192706,1.1705513268368102,479
543339,"Hudson, Daniel",3.0,3.0,64,18,28.1,35.0,-5,2242.054849895965,6726.2,2023,26.80448647192706,1.1705513268368102,479
502179,"Espino, Paolo",4.0,4.0,101,35,34.7,35.4,-10,3573.266763279934,8039.9,2023,26.80448647192706,1.1705513268368102,479
676475,"Burleson, Alec",1.2,1.6666666666666665,45,14,31.1,35.5,-12,1598.3962918779418,8631.3,2023,26.80448647192706,1.1705513268368102,479
621433,"Phillips, Brett",0.1,0.3333333333333333,7,2,28.6,35.6,-13,249.16606281097597,6727.5,2023,26.80448647192706,1.1705513268368102,479
645801,"Ford, Mike",2.0,2.0,42,12,28.6,36.0,-18,1513.5431666270495,6810.9,2023,26.80448647192706,1.1705513268368102,479
629498,"Quezada, Johan",0.2,0.6666666666666666,32,9,28.1,36.0,-18,1151.667680509132,15547.5,2023,26.80448647192706,1.1705513268368102,479
675921,"Howard, Spencer",3.1,3.3333333333333335,81,32,39.5,36.1,-19,2926.1971590126527,7900.7,2023,26.80448647192706,1.1705513268368102,479
646242,"Díaz, Jhonathan",7.0,7.0,160,51,31.9,36.6,-26,5857.844396649598,7531.5,2023,26.80448647192706,1.1705513268368102,479
641447,"Castano, Daniel",3.0,3.0,69,29,42.0,37.3,-34,2573.469534784058,7720.4,2023,26.80448647192706,1.1705513268368102,479
620454,"Castillo, José",0.1,0.3333333333333333,23,9,39.1,37.4,-35,859.5367587942914,23207.5,2023,26.80448647192706,1.1705513268368102,479
657272,"Uelmen, Erich",1.0,1.0,33,13,39.4,37.5,-37,1238.0292843484906,11142.3,2023,26.80448647192706,1.1705513268368102,479
572008,"Owings, Chris",1.0,1.0,9,3,33.3,37.8,-41,340.4201022855923,3063.8,2023,26.80448647192706,1.1705513268368102,479
642133,"Tellez, Rowdy",1.0,1.0,13,5,38.5,38.2,-46,497.0677177638171,4473.6,2023,26.80448647192706,1.1705513268368102,479
622569,"Reyes, Pablo",2.0,2.0,44,18,40.9,38.9,-54,1709.833906240844,7694.3,2023,26.80448647192706,1.1705513268368102,479
543063,"Crawford, Brandon",1.0,1.0,20,10,50.0,39.4,-62,788.8754967053815,7099.9,2023,26.80448647192706,1.1705513268368102,479
666208,"Speas, Alex",2.0,2.0,67,26,38.8,39.5,-62,2644.47237883067,11900.1,2023,26.80448647192706,1.1705513268368102,479
607188,"Faria, Jake",2.0,2.0,65,26,40.0,39.7,-66,2583.159152346812,11624.2,2023,26.80448647192706,1.1705513268368102,479
660431,"Perez, Hector",0.1,0.3333333333333333,17,6,35.3,40.5,-75,688.4461368248942,18588.0,2023,26.80448647192706,1.1705513268368102,479
650489,"Castro, Willi",2.1,2.3333333333333335,36,17,47.2,43.2,-110,1554.0318708448285,5994.1,2023,26.80448647192706,1.1705513268368102,479
676689,"Karcher, Ricky",1.0,1.0,22,15,68.2,44.3,-124,974.82834081288,8773.5,2023,26.80448647192706,1.1705513268368102,479
605441,"Ríos, Yacksel",1.2,1.6666666666666665,62,31,50.0,46.3,-150,2870.200424078128,15499.1,2023,26.80448647192706,1.1705513268368102,479
