pitcher,player_name,official_ip,ip_decimal,pitches,stressful_pitches,ps_pct,aps,aps_plus,total_stress,ss_per_9,season,aps_reference_mean,aps_reference_std,aps_reference_count
571912,"Maile, Luke",1.0,1.0,13,0,0.0,18.7,206,242.88375335874943,2186.0,2025,26.70176952236047,1.1388432801235475,479
663967,"Salazar, César",1.0,1.0,11,0,0.0,19.6,193,216.06098466900187,1944.5,2025,26.70176952236047,1.1388432801235475,479
641658,"Hampson, Garrett",1.0,1.0,3,0,0.0,20.3,184,60.92153827665195,548.3,2025,26.70176952236047,1.1388432801235475,479
656716,"McKinstry, Zach",0.1,0.3333333333333333,2,0,0.0,20.4,182,40.87737430233411,1103.7,2025,26.70176952236047,1.1388432801235475,479
676680,"Cosgrove, Tom",4.0,4.0,64,0,0.0,20.6,180,1320.245457398179,2970.6,2025,26.70176952236047,1.1388432801235475,479
687589,"Hamel, Dom",1.0,1.0,13,0,0.0,20.7,179,269.17892872165703,2422.6,2025,26.70176952236047,1.1388432801235475,479
621512,"Nido, Tomás",1.2,1.6666666666666665,9,0,0.0,20.8,178,187.02483565300724,1009.9,2025,26.70176952236047,1.1388432801235475,479
646242,"Díaz, Jhonathan",1.1,1.3333333333333333,26,0,0.0,21.3,172,552.8157927718682,3731.5,2025,26.70176952236047,1.1388432801235475,479
683021,"Stefanic, Michael",1.0,1.0,7,0,0.0,21.4,169,150.0843461204003,1350.8,2025,26.70176952236047,1.1388432801235475,479
680701,"Rooney, John",1.1,1.3333333333333333,23,0,0.0,21.5,168,494.8737548860656,3340.4,2025,26.70176952236047,1.1388432801235475,479
656458,"Gilbreath, Lucas",1.0,1.0,18,0,0.0,21.6,167,389.6640134099238,3507.0,2025,26.70176952236047,1.1388432801235475,479
596142,"Sánchez, Gary",1.0,1.0,19,0,0.0,21.9,164,415.202548728789,3736.8,2025,26.70176952236047,1.1388432801235475,479
683766,"Koss, Christian",4.0,4.0,42,0,0.0,21.9,163,920.9946537663874,2072.2,2025,26.70176952236047,1.1388432801235475,479
664744,"Espada, Jose",3.0,3.0,30,0,0.0,21.9,163,656.4758539832512,1969.4,2025,26.70176952236047,1.1388432801235475,479
621114,"Burr, Ryan",2.0,2.0,39,1,2.6,22.1,161,860.4446710626324,3872.0,2025,26.70176952236047,1.1388432801235475,479
607732,"Stallings, Jacob",2.0,2.0,26,1,3.8,22.2,160,575.9776829180213,2591.9,2025,26.70176952236047,1.1388432801235475,479
596103,"Slater, Austin",0.2,0.6666666666666666,10,0,0.0,22.1,160,221.32063302980748,2987.8,2025,26.70176952236047,1.1388432801235475,479
689520,"Laweryson, Cody",7.2,7.666666666666667,93,3,3.2,22.2,159,2063.441065658065,2422.3,2025,26.70176952236047,1.1388432801235475,479
664123,"Effross, Scott",10.2,10.666666666666666,157,6,3.8,22.6,154,3544.684605043513,2990.8,2025,26.70176952236047,1.1388432801235475,479
677651,"Garcia, Luis",7.2,7.666666666666667,106,4,3.8,22.8,151,2421.322483206256,2842.4,2025,26.70176952236047,1.1388432801235475,479
686654,"Adcock, Ty",3.0,3.0,82,0,0.0,23.1,147,1893.9187451215184,5681.8,2025,26.70176952236047,1.1388432801235475,479
802686,"Harris, Hayden",2.2,2.6666666666666665,50,3,6.0,23.2,147,1158.3545156532598,3909.4,2025,26.70176952236047,1.1388432801235475,479
685801,"Bigge, Hunter",15.0,15.0,227,11,4.8,23.1,147,5251.364815399853,3150.8,2025,26.70176952236047,1.1388432801235475,479
592351,"Gray, Jon",14.0,14.0,210,5,2.4,23.2,146,4866.142738276997,3128.2,2025,26.70176952236047,1.1388432801235475,479
663462,"Campbell, Isaiah",7.2,7.666666666666667,109,2,1.8,23.2,146,2530.42277509656,2970.5,2025,26.70176952236047,1.1388432801235475,479
669450,"Hummel, Cooper",1.0,1.0,17,1,5.9,23.3,145,396.2008010388702,3565.8,2025,26.70176952236047,1.1388432801235475,479
801216,"Montes De Oca, Christian",2.2,2.6666666666666665,46,0,0.0,23.3,145,1072.2709019003787,3618.9,2025,26.70176952236047,1.1388432801235475,479
676679,"Vázquez, Luis",4.1,4.333333333333333,32,0,0.0,23.4,144,748.2993155293419,1554.2,2025,26.70176952236047,1.1388432801235475,479
642759,"Fernández, Julian",5.0,5.0,76,1,1.3,23.4,144,1775.8165706825,3196.5,2025,26.70176952236047,1.1388432801235475,479
657006,"Steele, Justin",22.2,22.666666666666668,246,7,2.8,23.3,144,5741.1555627211055,2279.6,2025,26.70176952236047,1.1388432801235475,479
677649,"Duran, Ezequiel",3.1,3.3333333333333335,25,0,0.0,23.5,143,586.4852834987831,1583.5,2025,26.70176952236047,1.1388432801235475,479
686790,"McDonald, Trevor",15.0,15.0,213,6,2.8,23.5,143,4995.460749999034,2997.3,2025,26.70176952236047,1.1388432801235475,479
650489,"Castro, Willi",1.0,1.0,12,0,0.0,23.5,142,282.2017871877034,2539.8,2025,26.70176952236047,1.1388432801235475,479
691441,"Mena, Cristian",6.2,6.666666666666667,101,1,1.0,23.5,142,2376.195829321802,3207.9,2025,26.70176952236047,1.1388432801235475,479
643511,"Rogers, Tyler",77.1,77.33333333333333,978,61,6.2,23.5,142,22983.05088364733,2674.8,2025,26.70176952236047,1.1388432801235475,479
669722,"Davidson, Logan",1.0,1.0,14,1,7.1,23.6,140,331.07733892141846,2979.7,2025,26.70176952236047,1.1388432801235475,479
621028,"Newman, Kevin",4.0,4.0,34,1,2.9,23.6,140,803.9055603942484,1808.8,2025,26.70176952236047,1.1388432801235475,479
687396,"Headrick, Brent",23.0,23.0,370,16,4.3,23.7,139,8778.807113457848,3435.2,2025,26.70176952236047,1.1388432801235475,479
701656,"Henderson, Logan",25.1,25.333333333333332,410,6,1.5,23.7,139,9727.38157449575,3455.8,2025,26.70176952236047,1.1388432801235475,479
669373,"Skubal, Tarik",195.1,195.33333333333334,2849,148,5.2,23.8,138,67941.03136046736,3130.4,2025,26.70176952236047,1.1388432801235475,479
687888,"Walter, Brandon",53.2,53.666666666666664,815,36,4.4,23.8,138,19430.83069199926,3258.6,2025,26.70176952236047,1.1388432801235475,479
689958,"Walters, Andrew",1.1,1.3333333333333333,29,0,0.0,23.9,137,691.9928446702438,4671.0,2025,26.70176952236047,1.1388432801235475,479
605540,"Woodruff, Brandon",64.2,64.66666666666667,964,50,5.2,24.0,136,23091.219031587847,3213.7,2025,26.70176952236047,1.1388432801235475,479
573204,"Thielbar, Caleb",58.0,58.0,829,49,5.9,24.1,134,19979.259764106173,3100.2,2025,26.70176952236047,1.1388432801235475,479
684007,"Imanaga, Shota",144.2,144.66666666666666,2109,107,5.1,24.1,134,50889.96902849239,3166.0,2025,26.70176952236047,1.1388432801235475,479
668881,"Greene, Hunter",107.2,107.66666666666667,1748,98,5.6,24.1,134,42131.273370227784,3521.8,2025,26.70176952236047,1.1388432801235475,479
594798,"deGrom, Jacob",172.2,172.66666666666666,2617,142,5.4,24.2,133,63252.84300791952,3297.0,2025,26.70176952236047,1.1388432801235475,479
666659,"Lao, Sauryn",11.0,11.0,185,11,5.9,24.3,132,4488.10569072636,3672.1,2025,26.70176952236047,1.1388432801235475,479
674072,"Henry, Tommy",6.2,6.666666666666667,107,4,3.7,24.3,132,2600.7737770806107,3511.0,2025,26.70176952236047,1.1388432801235475,479
670766,"McCaughan, Darren",5.1,5.333333333333333,86,3,3.5,24.3,132,2085.7358536443653,3519.7,2025,26.70176952236047,1.1388432801235475,479
641312,"Anderson, Shaun",11.1,11.333333333333334,217,12,5.5,24.3,131,5281.5368370694705,4194.2,2025,26.70176952236047,1.1388432801235475,479
677976,"Dobnak, Randy",5.1,5.333333333333333,79,3,3.8,24.4,131,1925.479009662342,3249.2,2025,26.70176952236047,1.1388432801235475,479
641778,"Lauer, Eric",104.2,104.66666666666667,1690,91,5.4,24.4,131,41168.12738499108,3539.9,2025,26.70176952236047,1.1388432801235475,479
680885,"Schwellenbach, Spencer",110.2,110.66666666666667,1577,110,7.0,24.4,130,38513.00483062087,3132.1,2025,26.70176952236047,1.1388432801235475,479
676760,"Marinaccio, Ron",10.2,10.666666666666666,166,13,7.8,24.4,130,4057.079824661703,3423.2,2025,26.70176952236047,1.1388432801235475,479
547973,"Chapman, Aroldis",61.1,61.333333333333336,920,65,7.1,24.4,130,22480.761023594812,3298.8,2025,26.70176952236047,1.1388432801235475,479
669707,"Triolo, Jared",1.0,1.0,23,0,0.0,24.4,130,561.7850268759752,5056.1,2025,26.70176952236047,1.1388432801235475,479
663795,"Hagenman, Justin",23.2,23.666666666666668,383,19,5.0,24.4,130,9355.985657410916,3557.9,2025,26.70176952236047,1.1388432801235475,479
669713,"Wesneski, Hayden",32.0,32.0,508,35,6.9,24.5,129,12450.332244545702,3501.7,2025,26.70176952236047,1.1388432801235475,479
687209,"Maxwell, Zach",10.0,10.0,165,9,5.5,24.5,129,4047.9106794039258,3643.1,2025,26.70176952236047,1.1388432801235475,479
680604,"Castaño, Blas",3.0,3.0,50,4,8.0,24.5,129,1224.9346101652282,3674.8,2025,26.70176952236047,1.1388432801235475,479
548384,"Raley, Brooks",25.2,25.666666666666668,388,18,4.6,24.5,129,9513.026992167906,3335.7,2025,26.70176952236047,1.1388432801235475,479
680702,"Gerber, Joey",4.1,4.333333333333333,64,3,4.7,24.6,128,1573.4625936995349,3268.0,2025,26.70176952236047,1.1388432801235475,479
694359,"Kavadas, Niko",1.2,1.6666666666666665,25,0,0.0,24.6,128,613.7549388228883,3314.3,2025,26.70176952236047,1.1388432801235475,479
592791,"Taillon, Jameson",129.2,129.66666666666666,1979,115,5.8,24.6,128,48587.29624397172,3372.4,2025,26.70176952236047,1.1388432801235475,479
642701,"Santana, Dennis",70.1,70.33333333333333,1002,73,7.3,24.6,128,24661.8913503854,3155.8,2025,26.70176952236047,1.1388432801235475,479
696131,"Black, Mason",4.0,4.0,74,5,6.8,24.7,127,1825.2858274427583,4106.9,2025,26.70176952236047,1.1388432801235475,479
661527,"Martinez, Seth",6.2,6.666666666666667,120,8,6.7,24.7,127,2961.3741039174956,3997.9,2025,26.70176952236047,1.1388432801235475,479
687166,"Pope, Austin",2.0,2.0,36,2,5.6,24.7,127,887.6206453808259,3994.3,2025,26.70176952236047,1.1388432801235475,479
641386,"Bowden, Ben",10.2,10.666666666666666,187,12,6.4,24.7,127,4611.760585403499,3891.2,2025,26.70176952236047,1.1388432801235475,479
687003,"Van Belle, Brian",8.1,8.333333333333334,129,6,4.7,24.7,127,3179.911520429351,3434.3,2025,26.70176952236047,1.1388432801235475,479
676609,"Caballero, José",1.0,1.0,28,1,3.6,24.7,127,690.8042934581063,6217.2,2025,26.70176952236047,1.1388432801235475,479
682515,"Porter, Logan",1.0,1.0,15,0,0.0,24.7,126,370.67783476142614,3336.1,2025,26.70176952236047,1.1388432801235475,479
669456,"Bieber, Shane",40.1,40.333333333333336,645,30,4.7,24.7,126,15930.94169355868,3554.8,2025,26.70176952236047,1.1388432801235475,479
605507,"Thompson, Zach",3.2,3.6666666666666665,60,3,5.0,24.8,125,1486.0865975671818,3647.7,2025,26.70176952236047,1.1388432801235475,479
670032,"Lopez, Nicky",0.1,0.3333333333333333,8,0,0.0,24.8,125,198.51804424915485,5360.0,2025,26.70176952236047,1.1388432801235475,479
666157,"Lodolo, Nick",156.2,156.66666666666666,2483,143,5.8,24.8,125,61625.67740959113,3540.2,2025,26.70176952236047,1.1388432801235475,479
673965,"Freeman, Caleb",3.1,3.3333333333333335,70,2,2.9,24.8,125,1738.04102357425,4692.7,2025,26.70176952236047,1.1388432801235475,479
645444,"Herrera, Jose",2.0,2.0,27,0,0.0,24.8,125,669.8712278557911,3014.4,2025,26.70176952236047,1.1388432801235475,479
692024,"Carrillo, Alex",4.2,4.666666666666667,84,6,7.1,24.8,125,2085.3936062825765,4021.8,2025,26.70176952236047,1.1388432801235475,479
664076,"Cleavinger, Garrett",61.1,61.333333333333336,874,49,5.6,24.8,124,21716.733402823964,3186.7,2025,26.70176952236047,1.1388432801235475,479
664062,"Gonsolin, Tony",36.0,36.0,609,37,6.1,24.9,124,15164.403662096798,3791.1,2025,26.70176952236047,1.1388432801235475,479
669947,"Scholtens, Jesse",8.1,8.333333333333334,154,16,10.4,24.9,124,3834.6313990014273,4141.4,2025,26.70176952236047,1.1388432801235475,479
664199,"Clarke, Taylor",55.1,55.333333333333336,865,57,6.6,24.9,124,21546.71209144385,3504.6,2025,26.70176952236047,1.1388432801235475,479
693433,"Woo, Bryan",186.2,186.66666666666666,2714,195,7.2,24.9,124,67460.1851037258,3252.5,2025,26.70176952236047,1.1388432801235475,479
682274,"Hiraldo, Yaramil",19.2,19.666666666666668,315,26,8.3,24.9,124,7833.887375415675,3585.0,2025,26.70176952236047,1.1388432801235475,479
663897,"Williams, Luke",6.0,6.0,71,4,5.6,24.9,124,1766.9568864421838,2650.4,2025,26.70176952236047,1.1388432801235475,479
669302,"Gilbert, Logan",131.0,131.0,2156,158,7.3,25.0,123,53843.076707222135,3699.1,2025,26.70176952236047,1.1388432801235475,479
621381,"Strahm, Matt",62.1,62.333333333333336,995,72,7.2,24.9,123,24821.570892723168,3583.9,2025,26.70176952236047,1.1388432801235475,479
642121,"Sulser, Cole",22.2,22.666666666666668,391,29,7.4,25.0,123,9764.870823716152,3877.2,2025,26.70176952236047,1.1388432801235475,479
682995,"Barco, Hunter",3.0,3.0,46,5,10.9,24.9,123,1146.9301729878234,3440.8,2025,26.70176952236047,1.1388432801235475,479
801434,"Gervase, Paul",8.1,8.333333333333334,136,7,5.1,25.0,123,3397.840718118981,3669.7,2025,26.70176952236047,1.1388432801235475,479
680735,"Cox, Austin",21.1,21.333333333333332,427,31,7.3,25.0,122,10675.075696489012,4503.5,2025,26.70176952236047,1.1388432801235475,479
669330,"Wells, Tyler",21.2,21.666666666666668,342,23,6.7,25.0,122,8562.065007168401,3556.6,2025,26.70176952236047,1.1388432801235475,479
688158,"Morgan, David",47.1,47.333333333333336,770,40,5.2,25.0,122,19271.85531343746,3664.4,2025,26.70176952236047,1.1388432801235475,479
663941,"Beck, Tristan",56.2,56.666666666666664,817,59,7.2,25.0,122,20441.11994929372,3246.5,2025,26.70176952236047,1.1388432801235475,479
676979,"Crochet, Garrett",205.1,205.33333333333334,3151,208,6.6,25.1,122,78953.40526365524,3460.6,2025,26.70176952236047,1.1388432801235475,479
628452,"Iglesias, Raisel",67.1,67.33333333333333,974,63,6.5,25.1,122,24402.50061673659,3261.7,2025,26.70176952236047,1.1388432801235475,479
640455,"Manaea, Sean",60.2,60.666666666666664,1095,79,7.2,25.0,122,27383.70366393846,4062.4,2025,26.70176952236047,1.1388432801235475,479
643338,"Green, Chad",43.2,43.666666666666664,718,50,7.0,25.0,122,17981.00407023105,3706.0,2025,26.70176952236047,1.1388432801235475,479
641154,"López, Pablo",75.2,75.66666666666667,1259,74,5.9,25.1,122,31547.43757511759,3752.3,2025,26.70176952236047,1.1388432801235475,479
650911,"Sánchez, Cristopher",202.0,202.0,2897,212,7.3,25.1,121,72643.82294648055,3236.6,2025,26.70176952236047,1.1388432801235475,479
592254,"De León, José",6.2,6.666666666666667,101,12,11.9,25.1,121,2535.8719938425984,3423.4,2025,26.70176952236047,1.1388432801235475,479
672710,"Contreras, Roansy",12.2,12.666666666666666,197,13,6.6,25.1,121,4947.095883068449,3515.0,2025,26.70176952236047,1.1388432801235475,479
669920,"Alexander, Jason",77.1,77.33333333333333,1252,78,6.2,25.1,121,31389.73659518427,3653.1,2025,26.70176952236047,1.1388432801235475,479
641927,"Ober, Bailey",146.1,146.33333333333334,2356,177,7.5,25.1,121,59116.19244173327,3635.8,2025,26.70176952236047,1.1388432801235475,479
519242,"Sale, Chris",125.2,125.66666666666667,2031,133,6.5,25.1,121,50967.674232131365,3650.2,2025,26.70176952236047,1.1388432801235475,479
681751,"Estrada, Lazaro",7.1,7.333333333333333,119,8,6.7,25.1,121,2989.665033140104,3669.1,2025,26.70176952236047,1.1388432801235475,479
518489,"Brasier, Ryan",26.0,26.0,374,36,9.6,25.1,121,9388.23119878405,3249.8,2025,26.70176952236047,1.1388432801235475,479
694037,"Palencia, Daniel",52.2,52.666666666666664,845,64,7.6,25.2,120,21309.330515010584,3641.5,2025,26.70176952236047,1.1388432801235475,479
676467,"Gordon, Colton",86.0,86.0,1459,107,7.3,25.2,120,36739.84693470584,3844.9,2025,26.70176952236047,1.1388432801235475,479
687830,"Gipson-Long, Sawyer",31.1,31.333333333333332,463,40,8.6,25.2,120,11648.593412400323,3345.9,2025,26.70176952236047,1.1388432801235475,479
663321,"Hernandez, Nick",10.2,10.666666666666666,221,14,6.3,25.2,120,5558.879331970824,4690.3,2025,26.70176952236047,1.1388432801235475,479
663947,"Holton, Tyler",78.2,78.66666666666667,1164,98,8.4,25.2,120,29314.26213949271,3353.8,2025,26.70176952236047,1.1388432801235475,479
669276,"Lee, Dylan",68.1,68.33333333333333,1104,90,8.2,25.2,120,27840.15231734511,3666.8,2025,26.70176952236047,1.1388432801235475,479
800048,"Messick, Parker",39.2,39.666666666666664,625,52,8.3,25.3,119,15798.741967191681,3584.6,2025,26.70176952236047,1.1388432801235475,479
668834,"McGee, Easton",14.2,14.666666666666666,227,22,9.7,25.2,119,5730.045246451618,3516.2,2025,26.70176952236047,1.1388432801235475,479
656546,"Hoffman, Jeff",68.0,68.0,1132,76,6.7,25.3,119,28585.619178712437,3783.4,2025,26.70176952236047,1.1388432801235475,479
676775,"Winn, Keaton",10.0,10.0,165,18,10.9,25.3,119,4166.373024325416,3749.7,2025,26.70176952236047,1.1388432801235475,479
607259,"Martinez, Nick",165.2,165.66666666666666,2582,178,6.9,25.3,119,65270.57812594256,3545.9,2025,26.70176952236047,1.1388432801235475,479
660787,"De los Santos, Yerry",35.2,35.666666666666664,592,39,6.6,25.3,119,14956.671880909795,3774.1,2025,26.70176952236047,1.1388432801235475,479
607067,"Rea, Colin",159.1,159.33333333333334,2536,184,7.3,25.2,119,64019.286475710054,3616.2,2025,26.70176952236047,1.1388432801235475,479
666142,"Ragans, Cole",61.2,61.666666666666664,1079,80,7.4,25.2,119,27234.665009394554,3974.8,2025,26.70176952236047,1.1388432801235475,479
668820,"Kranick, Max",37.0,37.0,529,34,6.4,25.2,119,13348.303774145874,3246.9,2025,26.70176952236047,1.1388432801235475,479
677944,"Cecconi, Slade",132.0,132.0,2069,153,7.4,25.3,119,52307.19034293064,3566.4,2025,26.70176952236047,1.1388432801235475,479
601713,"Pivetta, Nick",181.2,181.66666666666666,2856,222,7.8,25.3,119,72175.88617469746,3575.7,2025,26.70176952236047,1.1388432801235475,479
687075,"Sproat, Brandon",20.2,20.666666666666668,291,19,6.5,25.2,119,7343.123864766387,3197.8,2025,26.70176952236047,1.1388432801235475,479
677960,"Weathers, Ryan",38.1,38.333333333333336,642,34,5.3,25.3,119,16224.477190923284,3809.2,2025,26.70176952236047,1.1388432801235475,479
592332,"Gausman, Kevin",193.0,193.0,3038,248,8.2,25.3,118,76951.69467605412,3588.4,2025,26.70176952236047,1.1388432801235475,479
686218,"Sheehan, Emmet",73.1,73.33333333333333,1146,82,7.2,25.4,118,29075.532094063743,3568.4,2025,26.70176952236047,1.1388432801235475,479
621383,"Banks, Tanner",67.1,67.33333333333333,1088,80,7.4,25.4,118,27592.822277962692,3688.1,2025,26.70176952236047,1.1388432801235475,479
595928,"Curtiss, John",36.2,36.666666666666664,546,48,8.8,25.3,118,13838.021375527996,3396.6,2025,26.70176952236047,1.1388432801235475,479
543135,"Eovaldi, Nathan",130.0,130.0,1924,156,8.1,25.3,118,48733.77891811379,3373.9,2025,26.70176952236047,1.1388432801235475,479
641793,"Littell, Zack",186.2,186.66666666666666,2791,242,8.7,25.4,118,70756.72947729462,3411.5,2025,26.70176952236047,1.1388432801235475,479
675512,"Melton, Troy",45.2,45.666666666666664,656,47,7.2,25.3,118,16609.001313975874,3273.3,2025,26.70176952236047,1.1388432801235475,479
686751,"Johnson, Seth",12.2,12.666666666666666,214,15,7.0,25.3,118,5420.342613094653,3851.3,2025,26.70176952236047,1.1388432801235475,479
687330,"Kelly, Kevin",39.2,39.666666666666664,592,58,9.8,25.3,118,14997.845778355577,3402.9,2025,26.70176952236047,1.1388432801235475,479
554430,"Wheeler, Zack",149.2,149.66666666666666,2394,162,6.8,25.4,118,60707.8190552761,3650.6,2025,26.70176952236047,1.1388432801235475,479
642100,"Speier, Gabe",62.0,62.0,925,76,8.2,25.3,118,23414.275528182006,3398.8,2025,26.70176952236047,1.1388432801235475,479
676724,"Young, Jared",0.1,0.3333333333333333,11,0,0.0,25.3,118,278.8189743698239,7528.1,2025,26.70176952236047,1.1388432801235475,479
552640,"Kittredge, Andrew",53.0,53.0,772,58,7.5,25.4,118,19570.673180986778,3323.3,2025,26.70176952236047,1.1388432801235475,479
694973,"Skenes, Paul",187.2,187.66666666666666,2997,235,7.8,25.4,117,76154.6039898906,3652.2,2025,26.70176952236047,1.1388432801235475,479
685299,"Gordon, Tanner",75.1,75.33333333333333,1245,94,7.6,25.4,117,31637.98663858287,3779.8,2025,26.70176952236047,1.1388432801235475,479
702070,"Cameron, Noah",138.1,138.33333333333334,2167,135,6.2,25.4,117,55044.22135813376,3581.2,2025,26.70176952236047,1.1388432801235475,479
543243,"Gray, Sonny",180.2,180.66666666666666,2724,222,8.1,25.4,117,69297.93333270434,3452.1,2025,26.70176952236047,1.1388432801235475,479
669194,"Nelson, Ryne",154.0,154.0,2467,171,6.9,25.4,117,62641.394966225926,3660.9,2025,26.70176952236047,1.1388432801235475,479
660761,"Suarez, José",19.1,19.333333333333332,297,21,7.1,25.4,117,7537.142307289915,3508.7,2025,26.70176952236047,1.1388432801235475,479
445276,"Jansen, Kenley",59.0,59.0,878,63,7.2,25.4,117,22282.886722799456,3399.1,2025,26.70176952236047,1.1388432801235475,479
506433,"Darvish, Yu",72.0,72.0,1160,105,9.1,25.4,117,29462.885066794606,3682.9,2025,26.70176952236047,1.1388432801235475,479
690997,"McLean, Nolan",48.0,48.0,740,53,7.2,25.4,117,18805.147101981358,3526.0,2025,26.70176952236047,1.1388432801235475,479
622503,"Crismatt, Nabil",34.0,34.0,534,40,7.5,25.4,117,13559.73816616357,3589.3,2025,26.70176952236047,1.1388432801235475,479
623352,"Hader, Josh",52.2,52.666666666666664,851,86,10.1,25.5,116,21703.902644613932,3708.9,2025,26.70176952236047,1.1388432801235475,479
571510,"Boyd, Matthew",179.2,179.66666666666666,2747,246,9.0,25.5,116,70067.45576457573,3509.9,2025,26.70176952236047,1.1388432801235475,479
657097,"Webb, Jacob",66.0,66.0,986,87,8.8,25.5,116,25113.96215499506,3424.6,2025,26.70176952236047,1.1388432801235475,479
657376,"Schmidt, Clarke",78.2,78.66666666666667,1227,94,7.7,25.5,116,31261.336271378856,3576.5,2025,26.70176952236047,1.1388432801235475,479
681962,"Capra, Vinny",3.0,3.0,32,1,3.1,25.5,116,814.6785875980904,2444.0,2025,26.70176952236047,1.1388432801235475,479
681987,"Eaton, Nate",1.0,1.0,14,1,7.1,25.5,116,356.4264634942062,3207.8,2025,26.70176952236047,1.1388432801235475,479
641585,"France, J.P.",4.0,4.0,76,5,6.6,25.5,116,1938.3414650812983,4361.3,2025,26.70176952236047,1.1388432801235475,479
543294,"Hendricks, Kyle",164.2,164.66666666666666,2583,203,7.9,25.5,116,65878.0945224195,3600.6,2025,26.70176952236047,1.1388432801235475,479
657746,"Ryan, Joe",171.0,171.0,2798,206,7.4,25.5,116,71343.02538558365,3754.9,2025,26.70176952236047,1.1388432801235475,479
686676,"Lee, Korey",3.0,3.0,44,3,6.8,25.6,115,1124.6415238577727,3373.9,2025,26.70176952236047,1.1388432801235475,479
518876,"Kelly, Merrill",184.0,184.0,2835,248,8.7,25.5,115,72425.21559985046,3542.5,2025,26.70176952236047,1.1388432801235475,479
685005,"Roa, Christian",3.0,3.0,41,3,7.3,25.6,115,1048.8450268271527,3146.5,2025,26.70176952236047,1.1388432801235475,479
571760,"Heaney, Andrew",122.1,122.33333333333333,2085,188,9.0,25.6,115,53331.56130605429,3923.6,2025,26.70176952236047,1.1388432801235475,479
621345,"Minter, A.J.",11.0,11.0,186,11,5.9,25.6,115,4754.140762453352,3889.8,2025,26.70176952236047,1.1388432801235475,479
693645,"Schlittler, Cam",73.0,73.0,1253,111,8.9,25.6,115,32077.748762214273,3954.8,2025,26.70176952236047,1.1388432801235475,479
656605,"Keller, Mitch",176.1,176.33333333333334,2871,232,8.1,25.6,115,73380.84675991508,3745.3,2025,26.70176952236047,1.1388432801235475,479
660271,"Ohtani, Shohei",47.0,47.0,753,61,8.1,25.6,115,19254.63114473871,3687.1,2025,26.70176952236047,1.1388432801235475,479
676974,"Meyer, Max",64.2,64.66666666666667,1040,81,7.8,25.6,115,26622.33623711701,3705.2,2025,26.70176952236047,1.1388432801235475,479
672456,"Montero, Keider",90.2,90.66666666666667,1474,118,8.0,25.6,115,37672.900655000136,3739.6,2025,26.70176952236047,1.1388432801235475,479
672582,"Zerpa, Angel",64.2,64.66666666666667,1100,89,8.1,25.6,115,28151.830308395223,3918.0,2025,26.70176952236047,1.1388432801235475,479
606996,"Hart, Kyle",43.0,43.0,692,66,9.5,25.5,115,17680.443803086808,3700.6,2025,26.70176952236047,1.1388432801235475,479
621107,"Eflin, Zach",71.1,71.33333333333333,1127,98,8.7,25.7,114,28929.82835082152,3650.0,2025,26.70176952236047,1.1388432801235475,479
701552,"Granillo, Andre",21.0,21.0,361,35,9.7,25.6,114,9259.364984027514,3968.3,2025,26.70176952236047,1.1388432801235475,479
690990,"Horton, Cade",118.0,118.0,1790,139,7.8,25.6,114,45870.26621015632,3498.6,2025,26.70176952236047,1.1388432801235475,479
681810,"Warren, Austin",9.1,9.333333333333334,146,4,2.7,25.7,114,3745.996478616235,3612.2,2025,26.70176952236047,1.1388432801235475,479
663158,"Suarez, Robert",69.2,69.66666666666667,1086,101,9.3,25.7,114,27858.095797448237,3598.9,2025,26.70176952236047,1.1388432801235475,479
500743,"Rojas, Miguel",5.0,5.0,69,5,7.2,25.6,114,1768.1061333775058,3182.6,2025,26.70176952236047,1.1388432801235475,479
608331,"Fried, Max",195.1,195.33333333333334,3110,245,7.9,25.6,114,79703.03435661366,3672.3,2025,26.70176952236047,1.1388432801235475,479
681190,"Vásquez, Randy",133.2,133.66666666666666,2153,164,7.6,25.7,114,55249.48905647616,3720.0,2025,26.70176952236047,1.1388432801235475,479
657053,"Toussaint, Touki",2.0,2.0,37,3,8.1,25.7,114,949.384811714098,4272.2,2025,26.70176952236047,1.1388432801235475,479
642048,"Saucedo, Tayler",13.1,13.333333333333334,232,24,10.3,25.7,114,5955.985345857491,4020.3,2025,26.70176952236047,1.1388432801235475,479
642232,"Yarbrough, Ryan",64.0,64.0,1018,66,6.5,25.7,114,26113.459217687236,3672.2,2025,26.70176952236047,1.1388432801235475,479
688138,"Evans, Logan",81.1,81.33333333333333,1344,101,7.5,25.7,114,34474.38073433473,3814.8,2025,26.70176952236047,1.1388432801235475,479
448179,"Hill, Rich",9.0,9.0,171,14,8.2,25.6,114,4378.4606689752645,4378.5,2025,26.70176952236047,1.1388432801235475,479
808967,"Yamamoto, Yoshinobu",173.2,173.66666666666666,2719,217,8.0,25.6,114,69714.92681386431,3612.9,2025,26.70176952236047,1.1388432801235475,479
664139,"Gibaut, Ian",25.1,25.333333333333332,388,31,8.0,25.6,114,9941.084752098293,3531.7,2025,26.70176952236047,1.1388432801235475,479
682243,"Miller, Bryce",90.1,90.33333333333333,1545,124,8.0,25.7,114,39649.91879523351,3950.4,2025,26.70176952236047,1.1388432801235475,479
669432,"Rogers, Trevor",109.2,109.66666666666667,1627,138,8.5,25.6,114,41694.07546258823,3421.7,2025,26.70176952236047,1.1388432801235475,479
571945,"Mikolas, Miles",156.1,156.33333333333334,2487,222,8.9,25.6,114,63720.96145119331,3668.4,2025,26.70176952236047,1.1388432801235475,479
694361,"Klein, Will",15.1,15.333333333333334,305,18,5.9,25.7,113,7844.7766448502025,4604.5,2025,26.70176952236047,1.1388432801235475,479
689266,"Dodd, Dylan",35.0,35.0,536,58,10.8,25.7,113,13791.350509591177,3546.3,2025,26.70176952236047,1.1388432801235475,479
686752,"Pepiot, Ryan",167.2,167.66666666666666,2700,224,8.3,25.7,113,69523.42494087813,3731.9,2025,26.70176952236047,1.1388432801235475,479
608379,"Wacha, Michael",172.2,172.66666666666666,2666,226,8.5,25.7,113,68593.75491961505,3575.4,2025,26.70176952236047,1.1388432801235475,479
673820,"Piña, Robinson",2.1,2.3333333333333335,61,1,1.6,25.7,113,1566.5245905316187,6042.3,2025,26.70176952236047,1.1388432801235475,479
642215,"Wilson, Weston",3.0,3.0,36,4,11.1,25.7,113,926.5969457757266,2779.8,2025,26.70176952236047,1.1388432801235475,479
663969,"Phillips, Tyler",77.2,77.66666666666667,1114,85,7.6,25.7,113,28667.161197945254,3321.9,2025,26.70176952236047,1.1388432801235475,479
547179,"Lorenzen, Michael",141.2,141.66666666666666,2318,195,8.4,25.7,113,59571.18109122691,3784.5,2025,26.70176952236047,1.1388432801235475,479
669854,"Blanco, Ronel",48.1,48.333333333333336,794,73,9.2,25.8,112,20454.27665693921,3808.7,2025,26.70176952236047,1.1388432801235475,479
701581,"Festa, David",53.1,53.333333333333336,882,80,9.1,25.8,112,22728.26509890021,3835.4,2025,26.70176952236047,1.1388432801235475,479
695243,"Miller, Mason",61.2,61.666666666666664,981,99,10.1,25.8,112,25265.024118710502,3687.3,2025,26.70176952236047,1.1388432801235475,479
642547,"Peralta, Freddy",176.2,176.66666666666666,3089,251,8.1,25.8,112,79782.82148850935,4064.4,2025,26.70176952236047,1.1388432801235475,479
702056,"Yesavage, Trey",14.0,14.0,239,10,4.2,25.8,112,6157.487271825448,3958.4,2025,26.70176952236047,1.1388432801235475,479
669387,"Mlodzinski, Carmen",99.0,99.0,1648,124,7.5,25.8,112,42532.97056057635,3866.6,2025,26.70176952236047,1.1388432801235475,479
676106,"Hancock, Emerson",90.0,90.0,1423,122,8.6,25.8,112,36704.46421803467,3670.4,2025,26.70176952236047,1.1388432801235475,479
686747,"La Sorsa, Joe",6.2,6.666666666666667,100,11,11.0,25.8,112,2578.3022454251695,3480.7,2025,26.70176952236047,1.1388432801235475,479
621199,"Bowman, Matt",24.2,24.666666666666668,447,30,6.7,25.9,111,11556.102416101829,4216.4,2025,26.70176952236047,1.1388432801235475,479
663554,"Mize, Casey",149.0,149.0,2357,208,8.8,25.9,111,60945.71382720257,3681.3,2025,26.70176952236047,1.1388432801235475,479
527048,"Pérez, Martín",56.0,56.0,904,91,10.1,25.9,111,23372.96918573759,3756.4,2025,26.70176952236047,1.1388432801235475,479
681151,"Murray, Jayden",11.2,11.666666666666666,176,14,8.0,25.8,111,4548.334457609991,3508.7,2025,26.70176952236047,1.1388432801235475,479
691587,"Pérez, Eury",95.1,95.33333333333333,1675,165,9.9,25.9,111,43324.88581504202,4090.1,2025,26.70176952236047,1.1388432801235475,479
805123,"Blubaugh, AJ",32.0,32.0,508,40,7.9,25.9,111,13139.376433969532,3695.4,2025,26.70176952236047,1.1388432801235475,479
695445,"Lee, Chase",37.1,37.333333333333336,604,58,9.6,25.9,111,15625.838387831893,3766.9,2025,26.70176952236047,1.1388432801235475,479
641745,"Keller, Brad",69.2,69.66666666666667,1114,101,9.1,25.9,111,28812.868940758948,3722.2,2025,26.70176952236047,1.1388432801235475,479
678316,"Cruz, Omar",3.2,3.6666666666666665,81,4,4.9,25.9,111,2096.744888818888,5146.6,2025,26.70176952236047,1.1388432801235475,479
681347,"Burrows, Mike",96.0,96.0,1542,125,8.1,25.9,111,39906.46676388255,3741.2,2025,26.70176952236047,1.1388432801235475,479
690986,"Harrison, Kyle",35.2,35.666666666666664,592,42,7.1,25.8,111,15295.330676429072,3859.6,2025,26.70176952236047,1.1388432801235475,479
687064,"Young, Brandon",57.2,57.666666666666664,941,85,9.0,25.9,111,24372.97913190494,3803.9,2025,26.70176952236047,1.1388432801235475,479
519141,"Pomeranz, Drew",49.2,49.666666666666664,805,58,7.2,25.8,111,20807.942913592713,3770.6,2025,26.70176952236047,1.1388432801235475,479
624133,"Suarez, Ranger",157.1,157.33333333333334,2432,197,8.1,25.9,111,62926.33003501619,3599.6,2025,26.70176952236047,1.1388432801235475,479
666200,"Luzardo, Jesús",183.2,183.66666666666666,3015,293,9.7,25.9,110,78170.0851028933,3830.5,2025,26.70176952236047,1.1388432801235475,479
663465,"Allard, Kolby",65.0,65.0,1012,95,9.4,25.9,110,26253.866516378544,3635.2,2025,26.70176952236047,1.1388432801235475,479
693821,"Elder, Bryce",156.1,156.33333333333334,2519,214,8.5,25.9,110,65272.83422265969,3757.7,2025,26.70176952236047,1.1388432801235475,479
678692,"Henriquez, Ronny",73.0,73.0,1167,110,9.4,25.9,110,30274.213034495784,3732.4,2025,26.70176952236047,1.1388432801235475,479
686613,"Brown, Hunter",185.1,185.33333333333334,2968,245,8.3,25.9,110,76958.79187222061,3737.2,2025,26.70176952236047,1.1388432801235475,479
676083,"Junk, Janson",110.0,110.0,1622,154,9.5,25.9,110,42083.03275465781,3443.2,2025,26.70176952236047,1.1388432801235475,479
664192,"Lucchesi, Joey",38.1,38.333333333333336,637,54,8.5,25.9,110,16513.662776917612,3877.1,2025,26.70176952236047,1.1388432801235475,479
663978,"Paddack, Chris",158.0,158.0,2566,274,10.7,26.0,110,66644.24882455783,3796.2,2025,26.70176952236047,1.1388432801235475,479
665152,"Kremer, Dean",171.2,171.66666666666666,2756,233,8.5,26.0,110,71590.19381976522,3753.3,2025,26.70176952236047,1.1388432801235475,479
669461,"Liberatore, Matthew",151.2,151.66666666666666,2390,229,9.6,25.9,110,62017.57391579612,3680.2,2025,26.70176952236047,1.1388432801235475,479
682847,"Ortiz, Luis",88.2,88.66666666666667,1502,142,9.5,25.9,110,38961.674327959445,3954.8,2025,26.70176952236047,1.1388432801235475,479
668678,"Gallen, Zac",192.0,192.0,3137,300,9.6,25.9,110,81347.72296091502,3813.2,2025,26.70176952236047,1.1388432801235475,479
687765,"Spence, Mitch",84.2,84.66666666666667,1362,118,8.7,25.9,110,35320.098529915806,3754.5,2025,26.70176952236047,1.1388432801235475,479
640451,"Harvey, Hunter",10.2,10.666666666666666,167,8,4.8,26.0,110,4335.834639557158,3658.4,2025,26.70176952236047,1.1388432801235475,479
647336,"Soroka, Michael",89.2,89.66666666666667,1528,134,8.8,25.9,110,39584.763437601396,3973.2,2025,26.70176952236047,1.1388432801235475,479
502085,"Robertson, David",17.2,17.666666666666668,308,25,8.1,26.0,110,7995.927522192136,4073.4,2025,26.70176952236047,1.1388432801235475,479
687911,"King, Bryan",68.0,68.0,1046,85,8.1,25.9,110,27098.35231963758,3586.5,2025,26.70176952236047,1.1388432801235475,479
690953,"Abel, Mick",39.0,39.0,720,64,8.9,26.0,109,18707.711884150296,4317.2,2025,26.70176952236047,1.1388432801235475,479
656186,"Altavilla, Dan",29.0,29.0,456,41,9.0,26.0,109,11851.357769731207,3678.0,2025,26.70176952236047,1.1388432801235475,479
669199,"Bachar, Lake",71.0,71.0,1153,104,9.0,26.0,109,29973.42389475022,3799.4,2025,26.70176952236047,1.1388432801235475,479
592662,"Ray, Robbie",182.1,182.33333333333334,3072,244,7.9,26.0,109,80015.78583454472,3949.6,2025,26.70176952236047,1.1388432801235475,479
680573,"Woods Richardson, Simeon",111.1,111.33333333333333,1881,173,9.2,26.0,109,48919.45177458088,3954.6,2025,26.70176952236047,1.1388432801235475,479
596295,"Gomber, Austin",57.2,57.666666666666664,999,93,9.3,26.1,109,26025.30017356653,4061.8,2025,26.70176952236047,1.1388432801235475,479
622491,"Castillo, Luis",180.2,180.66666666666666,2988,279,9.3,26.0,109,77642.34517496485,3867.8,2025,26.70176952236047,1.1388432801235475,479
693313,"Seymour, Carson",36.0,36.0,622,51,8.2,26.1,109,16205.584807761097,4051.4,2025,26.70176952236047,1.1388432801235475,479
607074,"Rodón, Carlos",195.1,195.33333333333334,3213,301,9.4,26.1,109,83717.8505651189,3857.3,2025,26.70176952236047,1.1388432801235475,479
676395,"Garcia, Robert",64.0,64.0,981,86,8.8,26.0,109,25487.64027916154,3584.2,2025,26.70176952236047,1.1388432801235475,479
607536,"Freeland, Kyle",162.2,162.66666666666666,2490,237,9.5,26.0,109,64761.50232304883,3583.1,2025,26.70176952236047,1.1388432801235475,479
663623,"Irvin, Jake",180.0,180.0,2947,276,9.4,26.0,109,76645.15006624012,3832.3,2025,26.70176952236047,1.1388432801235475,479
625643,"López, Reynaldo",5.0,5.0,94,2,2.1,26.0,109,2443.3066005554074,4398.0,2025,26.70176952236047,1.1388432801235475,479
650633,"King, Michael",73.1,73.33333333333333,1219,106,8.7,26.1,108,31804.651298207307,3903.3,2025,26.70176952236047,1.1388432801235475,479
665795,"Cabrera, Edward",137.2,137.66666666666666,2253,193,8.6,26.1,108,58828.19539344062,3845.9,2025,26.70176952236047,1.1388432801235475,479
663399,"Waddell, Brandon",31.1,31.333333333333332,513,46,9.0,26.1,108,13390.941694509935,3846.3,2025,26.70176952236047,1.1388432801235475,479
680862,"MacIver, Willie",2.0,2.0,18,1,5.6,26.1,108,469.3133759283358,2111.9,2025,26.70176952236047,1.1388432801235475,479
676477,"Whitlock, Garrett",72.0,72.0,1188,124,10.4,26.1,108,31022.954099614966,3877.9,2025,26.70176952236047,1.1388432801235475,479
681916,"Smith, Dylan",13.0,13.0,165,12,7.3,26.1,108,4302.176090730433,2978.4,2025,26.70176952236047,1.1388432801235475,479
650644,"Civale, Aaron",102.0,102.0,1748,154,8.8,26.1,108,45618.078276507,4025.1,2025,26.70176952236047,1.1388432801235475,479
656876,"Rasmussen, Drew",150.0,150.0,2317,236,10.2,26.1,108,60418.36996743737,3625.1,2025,26.70176952236047,1.1388432801235475,479
655889,"Rodríguez, Manuel",30.1,30.333333333333332,431,31,7.2,26.1,108,11232.496259508434,3332.7,2025,26.70176952236047,1.1388432801235475,479
671096,"Abbott, Andrew",166.1,166.33333333333334,2677,243,9.1,26.1,108,69932.56433269606,3783.9,2025,26.70176952236047,1.1388432801235475,479
663568,"Kolek, Stephen",112.2,112.66666666666667,1693,154,9.1,26.1,108,44201.24089951764,3530.9,2025,26.70176952236047,1.1388432801235475,479
434378,"Verlander, Justin",152.0,152.0,2612,249,9.5,26.1,108,68107.94060684176,4032.7,2025,26.70176952236047,1.1388432801235475,479
607625,"Lugo, Seth",145.1,145.33333333333334,2381,218,9.2,26.1,108,62220.886313613715,3853.1,2025,26.70176952236047,1.1388432801235475,479
682842,"Uribe, Abner",75.1,75.33333333333333,1174,89,7.6,26.2,107,30763.466585667094,3675.3,2025,26.70176952236047,1.1388432801235475,479
605135,"Bassitt, Chris",170.1,170.33333333333334,2836,255,9.0,26.2,107,74303.67292743955,3926.0,2025,26.70176952236047,1.1388432801235475,479
571927,"Matz, Steven",76.2,76.66666666666667,1160,118,10.2,26.2,107,30376.68358271727,3566.0,2025,26.70176952236047,1.1388432801235475,479
596271,"Lawrence, Casey",17.2,17.666666666666668,276,26,9.4,26.1,107,7215.849559923252,3676.0,2025,26.70176952236047,1.1388432801235475,479
676282,"Cantillo, Joey",95.1,95.33333333333333,1637,169,10.3,26.1,107,42797.037485044406,4040.3,2025,26.70176952236047,1.1388432801235475,479
691094,"Wynne, Randy",3.0,3.0,47,4,8.5,26.2,107,1231.1934167189538,3693.6,2025,26.70176952236047,1.1388432801235475,479
542888,"Armstrong, Shawn",74.0,74.0,1118,115,10.3,26.2,107,29254.06707683519,3557.9,2025,26.70176952236047,1.1388432801235475,479
692230,"Rodriguez, Carlos",9.2,9.666666666666666,208,11,5.3,26.2,107,5444.050884941124,5068.6,2025,26.70176952236047,1.1388432801235475,479
656427,"Flaherty, Jack",161.0,161.0,2835,250,8.8,26.1,107,74128.15411147011,4143.8,2025,26.70176952236047,1.1388432801235475,479
608718,"Suter, Brent",67.2,67.66666666666667,1141,111,9.7,26.2,107,29843.4543927486,3969.3,2025,26.70176952236047,1.1388432801235475,479
668674,"Erceg, Lucas",61.1,61.333333333333336,976,91,9.3,26.2,107,25522.722642880075,3745.2,2025,26.70176952236047,1.1388432801235475,479
455119,"Martin, Chris",42.1,42.333333333333336,651,74,11.4,26.2,107,17036.510167877248,3621.9,2025,26.70176952236047,1.1388432801235475,479
682052,"Lopez, Jacob",92.2,92.66666666666667,1666,144,8.6,26.1,107,43543.78469246726,4229.1,2025,26.70176952236047,1.1388432801235475,479
681911,"Vesia, Alex",59.2,59.666666666666664,1013,102,10.1,26.2,107,26530.387904733412,4001.8,2025,26.70176952236047,1.1388432801235475,479
594902,"Lively, Ben",44.2,44.666666666666664,720,64,8.9,26.1,107,18816.35421171219,3791.4,2025,26.70176952236047,1.1388432801235475,479
663574,"Santillan, Tony",73.2,73.66666666666667,1230,106,8.6,26.2,106,32260.08738582041,3941.3,2025,26.70176952236047,1.1388432801235475,479
681857,"Olson, Reese",68.2,68.66666666666667,1167,95,8.1,26.2,106,30611.992302632098,4012.3,2025,26.70176952236047,1.1388432801235475,479
676206,"Tarnok, Freddy",7.1,7.333333333333333,130,14,10.8,26.3,106,3415.455089188875,4191.7,2025,26.70176952236047,1.1388432801235475,479
669020,"Rolison, Ryan",42.1,42.333333333333336,678,64,9.4,26.3,106,17801.537133598616,3784.6,2025,26.70176952236047,1.1388432801235475,479
694335,"Svanson, Matt",60.1,60.333333333333336,965,108,11.2,26.2,106,25292.626724471033,3772.9,2025,26.70176952236047,1.1388432801235475,479
657649,"Koenig, Jared",66.0,66.0,1047,93,8.9,26.2,106,27467.461007895698,3745.6,2025,26.70176952236047,1.1388432801235475,479
663671,"Enright, Nic",31.0,31.0,532,55,10.3,26.3,106,13978.913282130163,4058.4,2025,26.70176952236047,1.1388432801235475,479
641941,"Pagán, Emilio",68.2,68.66666666666667,1069,107,10.0,26.2,106,28016.783133992507,3672.1,2025,26.70176952236047,1.1388432801235475,479
663687,"Harris, Hogan",64.2,64.66666666666667,1141,87,7.6,26.3,106,29969.977412743738,4171.1,2025,26.70176952236047,1.1388432801235475,479
664126,"Fairbanks, Pete",60.1,60.333333333333336,987,111,11.2,26.2,106,25899.079980232356,3863.4,2025,26.70176952236047,1.1388432801235475,479
680694,"Bradish, Kyle",32.0,32.0,494,48,9.7,26.3,106,12981.763107362785,3651.1,2025,26.70176952236047,1.1388432801235475,479
656945,"Scott, Tanner",57.0,57.0,909,100,11.0,26.3,106,23865.70641914561,3768.3,2025,26.70176952236047,1.1388432801235475,479
656240,"Blewett, Scott",44.1,44.333333333333336,711,65,9.1,26.3,106,18686.773459632128,3793.6,2025,26.70176952236047,1.1388432801235475,479
682990,"Priester, Quinn",157.1,157.33333333333334,2469,220,8.9,26.2,106,64809.002628306494,3707.3,2025,26.70176952236047,1.1388432801235475,479
663423,"Thornton, Trent",42.1,42.333333333333336,664,65,9.8,26.2,106,17417.129462485675,3702.9,2025,26.70176952236047,1.1388432801235475,479
641329,"Baker, Bryan",68.2,68.66666666666667,1102,94,8.5,26.3,106,28957.712304612964,3795.4,2025,26.70176952236047,1.1388432801235475,479
680837,"Fitzgerald, Ryan",2.0,2.0,24,1,4.2,26.3,105,631.2126664167307,2840.5,2025,26.70176952236047,1.1388432801235475,479
571946,"Miller, Shelby",46.0,46.0,720,76,10.6,26.3,105,18934.563707320925,3704.6,2025,26.70176952236047,1.1388432801235475,479
680736,"Wrobleski, Justin",66.2,66.66666666666667,1096,112,10.2,26.4,105,28881.878202383028,3899.1,2025,26.70176952236047,1.1388432801235475,479
453286,"Scherzer, Max",85.0,85.0,1392,156,11.2,26.3,105,36614.668762111825,3876.8,2025,26.70176952236047,1.1388432801235475,479
673380,"Núñez, Dedniel",9.2,9.666666666666666,184,21,11.4,26.3,105,4836.684305991886,4503.1,2025,26.70176952236047,1.1388432801235475,479
608337,"Giolito, Lucas",145.0,145.0,2372,214,9.0,26.3,105,62407.65760122011,3873.6,2025,26.70176952236047,1.1388432801235475,479
660844,"Rivas, Leo",1.0,1.0,18,1,5.6,26.3,105,473.28665452813976,4259.6,2025,26.70176952236047,1.1388432801235475,479
670970,"Morejon, Adrian",73.2,73.66666666666667,1007,107,10.6,26.3,105,26529.52394468456,3241.2,2025,26.70176952236047,1.1388432801235475,479
663546,"Hjelle, Sean",15.0,15.0,259,27,10.4,26.3,105,6823.620965943822,4094.2,2025,26.70176952236047,1.1388432801235475,479
669923,"Kirby, George",126.0,126.0,2087,221,10.6,26.4,105,55001.529741226754,3928.7,2025,26.70176952236047,1.1388432801235475,479
669438,"Englert, Mason",44.2,44.666666666666664,725,86,11.9,26.3,105,19075.285971809844,3843.5,2025,26.70176952236047,1.1388432801235475,479
620443,"Torrens, Luis",0.2,0.6666666666666666,23,1,4.3,26.3,105,604.7485108298272,8164.1,2025,26.70176952236047,1.1388432801235475,479
660604,"Rangel, Alan",11.0,11.0,174,15,8.6,26.4,104,4599.476550027245,3763.2,2025,26.70176952236047,1.1388432801235475,479
596133,"Weaver, Luke",64.2,64.66666666666667,1053,113,10.7,26.4,104,27793.990824282293,3868.2,2025,26.70176952236047,1.1388432801235475,479
683618,"Henriquez, Edgardo",19.0,19.0,280,32,11.4,26.4,104,7386.190312642185,3498.7,2025,26.70176952236047,1.1388432801235475,479
663767,"Shugart, Chase",45.0,45.0,701,64,9.1,26.4,104,18509.11964717901,3701.8,2025,26.70176952236047,1.1388432801235475,479
663773,"Hoeing, Bryan",8.0,8.0,131,6,4.6,26.4,104,3455.668013529546,3887.6,2025,26.70176952236047,1.1388432801235475,479
686701,"Bergert, Ryan",76.1,76.33333333333333,1316,128,9.7,26.4,104,34779.65800715063,4100.7,2025,26.70176952236047,1.1388432801235475,479
663485,"Sands, Cole",72.0,72.0,1152,122,10.6,26.4,104,30379.57121889152,3797.4,2025,26.70176952236047,1.1388432801235475,479
645261,"Alcantara, Sandy",174.2,174.66666666666666,2893,314,10.9,26.4,104,76379.07648361634,3935.6,2025,26.70176952236047,1.1388432801235475,479
678368,"Bellozo, Valente",81.1,81.33333333333333,1322,114,8.6,26.4,104,34891.10265746358,3860.9,2025,26.70176952236047,1.1388432801235475,479
680684,"Hoglund, Gunnar",32.1,32.333333333333336,548,62,11.3,26.4,104,14473.794756892283,4028.8,2025,26.70176952236047,1.1388432801235475,479
621366,"Borucki, Ryan",35.0,35.0,598,70,11.7,26.4,104,15779.021928579867,4057.5,2025,26.70176952236047,1.1388432801235475,479
605483,"Snell, Blake",61.1,61.333333333333336,1033,98,9.5,26.4,104,27252.927733135897,3999.1,2025,26.70176952236047,1.1388432801235475,479
669358,"Baz, Shane",166.1,166.33333333333334,2724,272,10.0,26.4,104,71837.56721293174,3887.0,2025,26.70176952236047,1.1388432801235475,479
621111,"Buehler, Walker",126.0,126.0,2191,209,9.5,26.4,104,57909.62339048945,4136.4,2025,26.70176952236047,1.1388432801235475,479
690928,"Dobbins, Hunter",61.0,61.0,936,95,10.1,26.4,104,24713.602829132553,3646.3,2025,26.70176952236047,1.1388432801235475,479
477132,"Kershaw, Clayton",112.2,112.66666666666667,1772,175,9.9,26.4,104,46781.3040040969,3737.0,2025,26.70176952236047,1.1388432801235475,479
642528,"Loáisiga, Jonathan",29.2,29.666666666666668,479,55,11.5,26.4,104,12644.799922729975,3836.1,2025,26.70176952236047,1.1388432801235475,479
700363,"Smith-Shawver, AJ",44.1,44.333333333333336,711,65,9.1,26.4,104,18776.78912141387,3811.8,2025,26.70176952236047,1.1388432801235475,479
669022,"Gore, MacKenzie",159.2,159.66666666666666,2819,291,10.3,26.5,103,74616.95523987408,4206.0,2025,26.70176952236047,1.1388432801235475,479
702352,"Bivens, Spencer",81.0,81.0,1298,148,11.4,26.4,103,34330.26468022283,3814.5,2025,26.70176952236047,1.1388432801235475,479
670036,"Festa, Matt",54.2,54.666666666666664,823,92,11.2,26.5,103,21797.66123383995,3588.6,2025,26.70176952236047,1.1388432801235475,479
596112,"Stephenson, Robert",10.0,10.0,151,12,7.9,26.5,103,3995.01702089828,3595.5,2025,26.70176952236047,1.1388432801235475,479
660825,"Bazardo, Eduard",78.2,78.66666666666667,1232,135,11.0,26.5,103,32631.77719816876,3733.3,2025,26.70176952236047,1.1388432801235475,479
686973,"Varland, Louis",72.2,72.66666666666667,1070,122,11.4,26.5,103,28363.654625952622,3512.9,2025,26.70176952236047,1.1388432801235475,479
694477,"Patrick, Chad",119.2,119.66666666666667,2015,189,9.4,26.5,103,53375.44541677478,4014.3,2025,26.70176952236047,1.1388432801235475,479
641816,"Mahle, Tyler",86.2,86.66666666666667,1381,145,10.5,26.5,103,36589.03619497608,3799.6,2025,26.70176952236047,1.1388432801235475,479
579328,"Kikuchi, Yusei",178.1,178.33333333333334,3109,304,9.8,26.4,103,82226.7727332868,4149.8,2025,26.70176952236047,1.1388432801235475,479
663460,"Bubic, Kris",116.1,116.33333333333333,1799,171,9.5,26.4,103,47573.02539827017,3680.4,2025,26.70176952236047,1.1388432801235475,479
656731,"Megill, Tylor",68.1,68.33333333333333,1234,126,10.2,26.5,103,32664.46360891459,4302.1,2025,26.70176952236047,1.1388432801235475,479
685326,"Brown, McCade",25.2,25.666666666666668,502,47,9.4,26.4,103,13271.424648569042,4653.6,2025,26.70176952236047,1.1388432801235475,479
676440,"Bibee, Tanner",182.1,182.33333333333334,2975,308,10.4,26.5,103,78848.54725230143,3892.0,2025,26.70176952236047,1.1388432801235475,479
683769,"Gaddis, Hunter",66.2,66.66666666666667,1060,123,11.6,26.5,103,28099.230421353008,3793.4,2025,26.70176952236047,1.1388432801235475,479
595897,"Burdi, Nick",5.1,5.333333333333333,83,3,3.6,26.6,102,2204.5541057007313,3720.2,2025,26.70176952236047,1.1388432801235475,479
622780,"Perdomo, Angel",3.1,3.3333333333333335,72,3,4.2,26.5,102,1909.811327132781,5156.5,2025,26.70176952236047,1.1388432801235475,479
676263,"Dreyer, Jack",76.1,76.33333333333333,1147,138,12.0,26.6,102,30496.05704023477,3595.6,2025,26.70176952236047,1.1388432801235475,479
676617,"O'Brien, Riley",48.0,48.0,767,84,11.0,26.5,102,20351.29144595872,3815.9,2025,26.70176952236047,1.1388432801235475,479
676051,"Heuer, Codi",4.2,4.666666666666667,87,10,11.5,26.5,102,2308.6354968424394,4452.4,2025,26.70176952236047,1.1388432801235475,479
681343,"Smith, Shane",146.1,146.33333333333334,2423,242,10.0,26.6,102,64394.00140594311,3960.5,2025,26.70176952236047,1.1388432801235475,479
667297,"Nance, Tommy",31.2,31.666666666666668,461,44,9.5,26.5,102,12238.094068343902,3478.2,2025,26.70176952236047,1.1388432801235475,479
671922,"Smith, Cade",73.2,73.66666666666667,1194,140,11.7,26.6,102,31740.24683901142,3877.8,2025,26.70176952236047,1.1388432801235475,479
663559,"Falter, Bailey",125.1,125.33333333333333,1952,200,10.2,26.5,102,51790.475336749376,3719.0,2025,26.70176952236047,1.1388432801235475,479
681895,"Sisk, Evan",17.2,17.666666666666668,329,28,8.5,26.5,102,8730.581087250646,4447.7,2025,26.70176952236047,1.1388432801235475,479
622253,"Tate, Dillon",6.1,6.333333333333333,139,13,9.4,26.5,102,3686.232820526187,5238.3,2025,26.70176952236047,1.1388432801235475,479
686993,"Sterner, Justin",65.0,65.0,1101,118,10.7,26.5,102,29197.85157683523,4042.8,2025,26.70176952236047,1.1388432801235475,479
694462,"Waldrep, Hurston",56.1,56.333333333333336,887,72,8.1,26.5,102,23546.60296548193,3761.9,2025,26.70176952236047,1.1388432801235475,479
641482,"Cortes, Nestor",34.1,34.333333333333336,599,55,9.2,26.5,102,15886.320734815765,4164.4,2025,26.70176952236047,1.1388432801235475,479
489446,"Yates, Kirby",41.1,41.333333333333336,741,93,12.6,26.6,102,19684.459077986256,4286.1,2025,26.70176952236047,1.1388432801235475,479
806960,"Morales, Luis",48.2,48.666666666666664,821,58,7.1,26.5,102,21771.603784306317,4026.3,2025,26.70176952236047,1.1388432801235475,479
660853,"De Los Santos, Enyel",66.0,66.0,1118,132,11.8,26.5,102,29669.42130578567,4045.8,2025,26.70176952236047,1.1388432801235475,479
656288,"Canning, Griffin",76.1,76.33333333333333,1343,119,8.9,26.6,102,35681.08068346555,4206.9,2025,26.70176952236047,1.1388432801235475,479
656302,"Cease, Dylan",168.0,168.0,3052,306,10.0,26.5,102,81019.51900913224,4340.3,2025,26.70176952236047,1.1388432801235475,479
657756,"Seabold, Connor",10.1,10.333333333333334,185,17,9.2,26.6,102,4914.66467177681,4280.5,2025,26.70176952236047,1.1388432801235475,479
672282,"Detmers, Reid",63.2,63.666666666666664,1100,109,9.9,26.6,101,29255.08843440595,4135.5,2025,26.70176952236047,1.1388432801235475,479
687473,"Gusto, Ryan",101.2,101.66666666666667,1762,187,10.6,26.6,101,46872.68189040242,4149.4,2025,26.70176952236047,1.1388432801235475,479
570632,"Ureña, José",55.0,55.0,938,90,9.6,26.7,101,25004.1729409881,4091.6,2025,26.70176952236047,1.1388432801235475,479
695418,"Lord, Brad",130.2,130.66666666666666,2129,242,11.4,26.6,101,56668.216974195515,3903.2,2025,26.70176952236047,1.1388432801235475,479
677958,"Rocker, Kumar",64.1,64.33333333333333,1128,116,10.3,26.6,101,30033.27916082063,4201.5,2025,26.70176952236047,1.1388432801235475,479
656730,"Megill, Trevor",47.0,47.0,765,86,11.2,26.6,101,20382.024745025974,3902.9,2025,26.70176952236047,1.1388432801235475,479
676879,"Ashby, Aaron",66.2,66.66666666666667,1033,84,8.1,26.6,101,27479.27886860068,3709.7,2025,26.70176952236047,1.1388432801235475,479
674444,"Cruz, Steven",45.2,45.666666666666664,646,75,11.6,26.6,101,17192.056160087457,3388.2,2025,26.70176952236047,1.1388432801235475,479
675848,"Mejia, Juan",61.1,61.333333333333336,1078,111,10.3,26.6,101,28674.176111876117,4207.6,2025,26.70176952236047,1.1388432801235475,479
694297,"Pfaadt, Brandon",176.2,176.66666666666666,2931,309,10.5,26.6,101,78049.65836175572,3976.1,2025,26.70176952236047,1.1388432801235475,479
573124,"Rogers, Taylor",50.2,50.666666666666664,899,94,10.5,26.6,101,23912.63449893908,4247.6,2025,26.70176952236047,1.1388432801235475,479
676661,"Lazar, Max",41.1,41.333333333333336,646,64,9.9,26.6,101,17198.12019729432,3744.8,2025,26.70176952236047,1.1388432801235475,479
660730,"Rodríguez, Elvin",19.2,19.666666666666668,336,45,13.4,26.6,101,8946.483908399001,4094.2,2025,26.70176952236047,1.1388432801235475,479
642585,"Bautista, Félix",34.2,34.666666666666664,629,46,7.3,26.6,101,16753.45052821767,4349.5,2025,26.70176952236047,1.1388432801235475,479
805673,"Matthews, Zebby",79.1,79.33333333333333,1353,155,11.5,26.6,101,36045.14048473897,4089.2,2025,26.70176952236047,1.1388432801235475,479
669211,"Akin, Keegan",63.1,63.333333333333336,1066,108,10.1,26.6,101,28405.453181560777,4036.6,2025,26.70176952236047,1.1388432801235475,479
684320,"Rodríguez, Yariel",73.0,73.0,1172,104,8.9,26.6,101,31180.362268033725,3844.2,2025,26.70176952236047,1.1388432801235475,479
680951,"Nikhazy, Doug",4.0,4.0,108,15,13.9,26.6,101,2872.4851923255464,6463.1,2025,26.70176952236047,1.1388432801235475,479
669704,"Strowd, Kade",26.1,26.333333333333332,406,46,11.3,26.6,101,10812.328555941818,3695.4,2025,26.70176952236047,1.1388432801235475,479
669093,"Estrada, Jeremiah",73.0,73.0,1244,141,11.3,26.6,101,33118.23663804076,4083.1,2025,26.70176952236047,1.1388432801235475,479
593423,"Montas, Frankie",38.2,38.666666666666664,709,78,11.0,26.6,101,18864.336948994045,4390.8,2025,26.70176952236047,1.1388432801235475,479
643377,"Jax, Griffin",66.0,66.0,1105,118,10.7,26.6,101,29402.973574215473,4009.5,2025,26.70176952236047,1.1388432801235475,479
621244,"Berríos, José",166.0,166.0,2592,269,10.4,26.7,100,69112.71722087597,3747.1,2025,26.70176952236047,1.1388432801235475,479
656641,"Latz, Jacob",85.2,85.66666666666667,1397,137,9.8,26.7,100,37333.69111195083,3922.2,2025,26.70176952236047,1.1388432801235475,479
519151,"Pressly, Ryan",41.1,41.333333333333336,645,62,9.6,26.7,100,17226.899389845792,3751.0,2025,26.70176952236047,1.1388432801235475,479
820862,"Fermin, José",34.1,34.333333333333336,655,66,10.1,26.7,100,17507.30675211061,4589.3,2025,26.70176952236047,1.1388432801235475,479
815083,"Farris, Mitch",24.1,24.333333333333332,405,35,8.6,26.7,100,10820.795051607562,4002.2,2025,26.70176952236047,1.1388432801235475,479
665871,"Assad, Javier",37.0,37.0,567,55,9.7,26.7,100,15143.372873288767,3683.5,2025,26.70176952236047,1.1388432801235475,479
608334,"Fulmer, Carson",29.1,29.333333333333332,462,44,9.5,26.7,100,12344.520874720798,3787.5,2025,26.70176952236047,1.1388432801235475,479
669622,"Bender, Anthony",50.0,50.0,793,80,10.1,26.7,100,21166.16788488816,3809.9,2025,26.70176952236047,1.1388432801235475,479
500779,"Quintana, Jose",131.2,131.66666666666666,2177,237,10.9,26.7,100,58193.635973830635,3977.8,2025,26.70176952236047,1.1388432801235475,479
696149,"Chandler, Bubba",31.1,31.333333333333332,461,54,11.7,26.7,100,12322.024938522643,3539.3,2025,26.70176952236047,1.1388432801235475,479
612434,"Castro, Miguel",6.0,6.0,105,6,5.7,26.7,100,2803.6252104002933,4205.4,2025,26.70176952236047,1.1388432801235475,479
664141,"Brubaker, JT",28.2,28.666666666666668,473,52,11.0,26.7,100,12617.286758302997,3961.2,2025,26.70176952236047,1.1388432801235475,479
689254,"Fluharty, Mason",52.2,52.666666666666664,875,80,9.1,26.7,100,23358.648278553304,3991.7,2025,26.70176952236047,1.1388432801235475,479
605347,"López, Jorge",24.2,24.666666666666668,388,38,9.8,26.7,100,10361.520113151239,3780.6,2025,26.70176952236047,1.1388432801235475,479
544150,"Suárez, Albert",11.2,11.666666666666666,177,11,6.2,26.7,100,4722.703096692961,3643.2,2025,26.70176952236047,1.1388432801235475,479
676664,"Sears, JP",135.2,135.66666666666666,2366,249,10.5,26.7,100,63208.29697189564,4193.2,2025,26.70176952236047,1.1388432801235475,479
683175,"Phillips, Connor",25.0,25.0,377,52,13.8,26.7,100,10075.90354891251,3627.3,2025,26.70176952236047,1.1388432801235475,479
592454,"Kahnle, Tommy",63.0,63.0,1037,118,11.4,26.7,100,27726.25693328946,3960.9,2025,26.70176952236047,1.1388432801235475,479
657277,"Webb, Logan",207.0,207.0,3282,364,11.1,26.7,100,87588.84209920984,3808.2,2025,26.70176952236047,1.1388432801235475,479
700241,"McGreevy, Michael",95.2,95.66666666666667,1466,167,11.4,26.8,99,39257.29815682343,3693.2,2025,26.70176952236047,1.1388432801235475,479
701121,"VanWey, Logan",10.2,10.666666666666666,182,25,13.7,26.8,99,4879.572172559635,4117.1,2025,26.70176952236047,1.1388432801235475,479
640448,"Finnegan, Kyle",57.0,57.0,855,89,10.4,26.8,99,22895.23998125844,3615.0,2025,26.70176952236047,1.1388432801235475,479
680742,"Bowlan, Jonathan",44.1,44.333333333333336,727,83,11.4,26.8,99,19488.962949378347,3956.4,2025,26.70176952236047,1.1388432801235475,479
592094,"Adam, Jason",65.1,65.33333333333333,1097,107,9.8,26.8,99,29367.907121965385,4045.6,2025,26.70176952236047,1.1388432801235475,479
680732,"Burke, Sean",134.1,134.33333333333334,2380,238,10.0,26.8,99,63670.88738433175,4265.8,2025,26.70176952236047,1.1388432801235475,479
641540,"Dunning, Dane",20.2,20.666666666666668,376,43,11.4,26.8,99,10067.638194845184,4384.3,2025,26.70176952236047,1.1388432801235475,479
682120,"Herrin, Tim",42.2,42.666666666666664,756,62,8.2,26.8,99,20245.96014644824,4270.6,2025,26.70176952236047,1.1388432801235475,479
595345,"Okert, Steven",71.2,71.66666666666667,1057,116,11.0,26.8,99,28332.361383731015,3558.0,2025,26.70176952236047,1.1388432801235475,479
656686,"Martin, Corbin",18.0,18.0,332,35,10.5,26.8,99,8897.313060923023,4448.7,2025,26.70176952236047,1.1388432801235475,479
681882,"Selby, Colin",14.0,14.0,214,22,10.3,26.8,99,5734.937356826823,3686.7,2025,26.70176952236047,1.1388432801235475,479
543859,"Tonkin, Michael",24.0,24.0,397,39,9.8,26.8,99,10628.714046788407,3985.8,2025,26.70176952236047,1.1388432801235475,479
605288,"Houser, Adrian",125.0,125.0,1892,184,9.7,26.8,99,50715.4818944351,3651.5,2025,26.70176952236047,1.1388432801235475,479
608372,"Sugano, Tomoyuki",157.0,157.0,2573,273,10.6,26.7,99,68821.87303950587,3945.2,2025,26.70176952236047,1.1388432801235475,479
677952,"Ashcraft, Braxton",69.2,69.66666666666667,1107,115,10.4,26.8,99,29645.19499696195,3829.8,2025,26.70176952236047,1.1388432801235475,479
663992,"Lovelady, Richard",11.2,11.666666666666666,222,24,10.8,26.8,99,5949.309637116266,4589.5,2025,26.70176952236047,1.1388432801235475,479
694918,"Tidwell, Blade",15.0,15.0,309,27,8.7,26.8,99,8278.780852940545,4967.3,2025,26.70176952236047,1.1388432801235475,479
663436,"Martin, Davis",142.2,142.66666666666666,2315,236,10.2,26.8,99,62067.51120151122,3915.5,2025,26.70176952236047,1.1388432801235475,479
542881,"Anderson, Tyler",136.1,136.33333333333334,2353,258,11.0,26.8,99,62996.576807698315,4158.7,2025,26.70176952236047,1.1388432801235475,479
680730,"Parker, Mitchell",164.2,164.66666666666666,2707,311,11.5,26.8,98,72651.3081673501,3970.8,2025,26.70176952236047,1.1388432801235475,479
681870,"Sabrowski, Erik",29.1,29.333333333333332,503,60,11.9,26.9,98,13515.747118978763,4146.9,2025,26.70176952236047,1.1388432801235475,479
676742,"Sanders, Cam",6.2,6.666666666666667,147,12,8.2,26.8,98,3946.430261502863,5327.7,2025,26.70176952236047,1.1388432801235475,479
683004,"Leiter, Jack",151.2,151.66666666666666,2585,282,10.9,26.8,98,69323.4990093522,4113.7,2025,26.70176952236047,1.1388432801235475,479
669084,"Hall, DL",38.2,38.666666666666664,589,62,10.5,26.9,98,15831.640268044885,3685.0,2025,26.70176952236047,1.1388432801235475,479
669372,"Ginn, J.T.",90.1,90.33333333333333,1580,163,10.3,26.9,98,42487.635521719945,4233.1,2025,26.70176952236047,1.1388432801235475,479
685126,"Eisert, Brandon",69.2,69.66666666666667,1239,141,11.4,26.8,98,33226.05780775981,4292.4,2025,26.70176952236047,1.1388432801235475,479
605488,"Springs, Jeffrey",171.0,171.0,2849,303,10.6,26.8,98,76468.15128632254,4024.6,2025,26.70176952236047,1.1388432801235475,479
671106,"Allen, Logan",156.2,156.66666666666666,2713,257,9.5,26.8,98,72784.32590717712,4181.2,2025,26.70176952236047,1.1388432801235475,479
800049,"Mazur, Adam",30.0,30.0,489,60,12.3,26.8,98,13115.529207606438,3934.7,2025,26.70176952236047,1.1388432801235475,479
592155,"Booser, Cam",31.0,31.0,572,57,10.0,26.8,98,15354.776741592319,4457.8,2025,26.70176952236047,1.1388432801235475,479
680755,"Fisher, Braydon",50.0,50.0,839,109,13.0,26.8,98,22515.548608341578,4052.8,2025,26.70176952236047,1.1388432801235475,479
676508,"Casparius, Ben",77.2,77.66666666666667,1251,138,11.0,26.9,98,33618.1009876159,3895.7,2025,26.70176952236047,1.1388432801235475,479
606965,"Devenski, Chris",16.2,16.666666666666668,262,29,11.1,26.9,98,7036.491538166098,3799.7,2025,26.70176952236047,1.1388432801235475,479
642133,"Tellez, Rowdy",2.0,2.0,23,1,4.3,26.9,98,617.7526326326224,2779.9,2025,26.70176952236047,1.1388432801235475,479
656849,"Peterson, David",168.2,168.66666666666666,2703,294,10.9,26.8,98,72502.10333564009,3868.7,2025,26.70176952236047,1.1388432801235475,479
641672,"Hatch, Thomas",34.0,34.0,591,63,10.7,26.8,98,15853.7524086483,4196.6,2025,26.70176952236047,1.1388432801235475,479
664299,"Javier, Cristian",37.0,37.0,618,77,12.5,27.0,97,16659.614670324507,4052.3,2025,26.70176952236047,1.1388432801235475,479
663903,"Singer, Brady",169.2,169.66666666666666,2850,311,10.9,26.9,97,76784.97377827951,4073.1,2025,26.70176952236047,1.1388432801235475,479
607192,"Glasnow, Tyler",90.1,90.33333333333333,1484,153,10.3,26.9,97,39951.75193325077,3980.4,2025,26.70176952236047,1.1388432801235475,479
664285,"Valdez, Framber",192.0,192.0,2898,331,11.4,26.9,97,78041.56008528991,3658.2,2025,26.70176952236047,1.1388432801235475,479
675911,"Strider, Spencer",125.1,125.33333333333333,2111,242,11.5,26.9,97,56790.49220847536,4078.0,2025,26.70176952236047,1.1388432801235475,479
622786,"Tinoco, Jesus",19.1,19.333333333333332,305,37,12.1,26.9,97,8209.635775525634,3821.7,2025,26.70176952236047,1.1388432801235475,479
669203,"Burnes, Corbin",64.1,64.33333333333333,1010,128,12.7,27.0,97,27226.250027886945,3808.9,2025,26.70176952236047,1.1388432801235475,479
674944,"Guenther, Sean",10.1,10.333333333333334,155,17,11.0,26.9,97,4168.750574318271,3630.8,2025,26.70176952236047,1.1388432801235475,479
669684,"Murphy, Chris",34.2,34.666666666666664,573,66,11.5,26.9,97,15427.651261578823,4005.3,2025,26.70176952236047,1.1388432801235475,479
686563,"Cannon, Jonathan",103.2,103.66666666666667,1799,183,10.2,26.9,97,48381.320590463314,4200.3,2025,26.70176952236047,1.1388432801235475,479
696136,"Wicks, Jordan",14.1,14.333333333333334,217,25,11.5,27.0,97,5851.415056953576,3674.1,2025,26.70176952236047,1.1388432801235475,479
670280,"Bednar, David",62.2,62.666666666666664,1032,129,12.5,26.9,97,27808.13573243508,3993.7,2025,26.70176952236047,1.1388432801235475,479
572955,"Johnson, Pierce",59.0,59.0,979,110,11.2,26.9,97,26378.981795300675,4023.9,2025,26.70176952236047,1.1388432801235475,479
656457,"Gilbert, Tyler",51.0,51.0,853,89,10.4,26.9,97,22972.399588557295,4054.0,2025,26.70176952236047,1.1388432801235475,479
605452,"Ross, Joe",51.0,51.0,863,87,10.1,26.9,97,23214.93165069554,4096.8,2025,26.70176952236047,1.1388432801235475,479
594580,"Moll, Sam",18.1,18.333333333333332,332,38,11.4,26.9,97,8933.951010171195,4385.8,2025,26.70176952236047,1.1388432801235475,479
592836,"Walker, Taijuan",123.2,123.66666666666667,2062,232,11.3,26.9,97,55499.231358979465,4039.0,2025,26.70176952236047,1.1388432801235475,479
605400,"Nola, Aaron",94.1,94.33333333333333,1568,191,12.2,27.0,97,42263.63360814301,4032.2,2025,26.70176952236047,1.1388432801235475,479
694819,"Misiorowski, Jacob",66.0,66.0,1165,133,11.4,27.0,96,31503.925141489963,4296.0,2025,26.70176952236047,1.1388432801235475,479
664747,"Díaz, Alexis",17.2,17.666666666666668,362,31,8.6,27.0,96,9783.077834876452,4983.8,2025,26.70176952236047,1.1388432801235475,479
670955,"Uceta, Edwin",76.0,76.0,1226,131,10.7,27.0,96,33112.92441608319,3921.3,2025,26.70176952236047,1.1388432801235475,479
671109,"Eder, Jake",18.1,18.333333333333332,304,35,11.5,27.0,96,8198.195104413959,4024.6,2025,26.70176952236047,1.1388432801235475,479
664854,"Helsley, Ryan",56.0,56.0,994,101,10.2,27.0,96,26827.858436661343,4311.6,2025,26.70176952236047,1.1388432801235475,479
664875,"Lawrence, Justin",17.2,17.666666666666668,279,31,11.1,27.0,96,7544.818575614857,3843.6,2025,26.70176952236047,1.1388432801235475,479
672841,"Vargas, Carlos",77.0,77.0,1117,125,11.2,27.0,96,30198.76111893488,3529.7,2025,26.70176952236047,1.1388432801235475,479
671212,"Boyle, Joe",52.0,52.0,936,96,10.3,27.0,96,25254.53894442804,4371.0,2025,26.70176952236047,1.1388432801235475,479
642239,"Zastryzny, Rob",22.0,22.0,357,52,14.6,27.0,96,9643.778337320442,3945.2,2025,26.70176952236047,1.1388432801235475,479
615698,"Quantrill, Cal",117.2,117.66666666666667,2006,244,12.2,27.0,96,54228.51408975814,4147.8,2025,26.70176952236047,1.1388432801235475,479
700249,"Povich, Cade",112.1,112.33333333333333,1976,212,10.7,27.0,96,53414.3022600402,4279.5,2025,26.70176952236047,1.1388432801235475,479
674370,"Bido, Osvaldo",79.2,79.66666666666667,1386,157,11.3,27.0,96,37471.73560659359,4233.2,2025,26.70176952236047,1.1388432801235475,479
683627,"Molina, Anthony",34.2,34.666666666666664,611,62,10.1,27.0,96,16498.61808661894,4283.3,2025,26.70176952236047,1.1388432801235475,479
664294,"Moreta, Dauri",16.2,16.666666666666668,289,33,11.4,27.0,96,7813.583578319844,4219.3,2025,26.70176952236047,1.1388432801235475,479
686826,"Jarvis, Bryce",22.0,22.0,409,34,8.3,27.0,96,11045.078409137319,4518.4,2025,26.70176952236047,1.1388432801235475,479
686799,"Kochanowicz, Jack",111.0,111.0,1875,189,10.1,27.0,96,50582.873053760544,4101.3,2025,26.70176952236047,1.1388432801235475,479
808963,"Sasaki, Roki",36.1,36.333333333333336,567,58,10.2,27.0,96,15297.227892502659,3789.2,2025,26.70176952236047,1.1388432801235475,479
687134,"Blalock, Bradley",58.2,58.666666666666664,1035,123,11.9,27.0,96,27914.518000388314,4282.3,2025,26.70176952236047,1.1388432801235475,479
676254,"Walker, Ryan",61.1,61.333333333333336,1024,124,12.1,27.1,95,27718.211001584594,4067.3,2025,26.70176952236047,1.1388432801235475,479
605280,"Holmes, Clay",165.2,165.66666666666666,2766,299,10.8,27.1,95,75002.02257159949,4074.6,2025,26.70176952236047,1.1388432801235475,479
670329,"Garcia, Rico",34.1,34.333333333333336,589,78,13.2,27.1,95,15936.010381312146,4177.4,2025,26.70176952236047,1.1388432801235475,479
668909,"Williams, Gavin",167.2,167.66666666666666,2925,328,11.2,27.1,95,79160.73890681317,4249.2,2025,26.70176952236047,1.1388432801235475,479
678394,"Bello, Brayan",166.2,166.66666666666666,2698,290,10.7,27.1,95,73082.2706007275,3946.4,2025,26.70176952236047,1.1388432801235475,479
573009,"Mantiply, Joe",9.2,9.666666666666666,196,25,12.8,27.1,95,5306.188950050223,4940.2,2025,26.70176952236047,1.1388432801235475,479
640462,"Puk, A.J.",8.0,8.0,156,21,13.5,27.1,95,4220.810464601271,4748.4,2025,26.70176952236047,1.1388432801235475,479
592779,"Stewart, Brock",37.2,37.666666666666664,614,72,11.7,27.1,95,16641.70771933052,3976.3,2025,26.70176952236047,1.1388432801235475,479
666808,"Doval, Camilo",65.1,65.33333333333333,1113,126,11.3,27.1,95,30138.74017541721,4151.8,2025,26.70176952236047,1.1388432801235475,479
669711,"Weissert, Greg",67.0,67.0,1073,104,9.7,27.1,95,29039.175859774285,3900.8,2025,26.70176952236047,1.1388432801235475,479
676962,"Brown, Ben",106.1,106.33333333333333,1694,221,13.0,27.1,95,45862.88678703383,3881.8,2025,26.70176952236047,1.1388432801235475,479
593974,"Peralta, Wandy",71.2,71.66666666666667,1153,121,10.5,27.1,95,31217.911984093444,3920.4,2025,26.70176952236047,1.1388432801235475,479
676961,"Boushley, Caleb",43.1,43.333333333333336,743,89,12.0,27.1,95,20127.150498012634,4180.3,2025,26.70176952236047,1.1388432801235475,479
806188,"Gibson, Cade",54.2,54.666666666666664,917,96,10.5,27.0,95,24804.81907232567,4083.7,2025,26.70176952236047,1.1388432801235475,479
669160,"May, Dustin",132.1,132.33333333333334,2182,254,11.6,27.1,95,59112.87094506139,4020.3,2025,26.70176952236047,1.1388432801235475,479
656986,"Sousa, Bennett",50.2,50.666666666666664,728,87,12.0,27.1,95,19702.36644486205,3499.8,2025,26.70176952236047,1.1388432801235475,479
686730,"Spiers, Carson",13.1,13.333333333333334,246,30,12.2,27.1,95,6667.598144847581,4500.6,2025,26.70176952236047,1.1388432801235475,479
676701,"Trejo, Alan",1.0,1.0,16,1,6.2,27.0,95,432.74902896633483,3894.7,2025,26.70176952236047,1.1388432801235475,479
641656,"Hamilton, Ian",40.0,40.0,642,86,13.4,27.1,95,17400.07697795198,3915.0,2025,26.70176952236047,1.1388432801235475,479
689225,"Brieske, Beau",22.0,22.0,409,51,12.5,27.0,95,11062.187320853818,4525.4,2025,26.70176952236047,1.1388432801235475,479
676604,"Zuber, Tyler",12.0,12.0,249,31,12.4,27.1,95,6737.14405696578,5052.9,2025,26.70176952236047,1.1388432801235475,479
621053,"Ferguson, Tyler",58.0,58.0,998,99,9.9,27.1,95,27028.7757609278,4194.1,2025,26.70176952236047,1.1388432801235475,479
676571,"Poulin, PJ",24.2,24.666666666666668,419,48,11.5,27.2,94,11385.722253441943,4154.3,2025,26.70176952236047,1.1388432801235475,479
608650,"Enns, Dietrich",46.1,46.333333333333336,757,94,12.4,27.1,94,20531.95498046929,3988.2,2025,26.70176952236047,1.1388432801235475,479
675989,"Bolton, Cody",2.0,2.0,40,3,7.5,27.1,94,1085.9865987167484,4886.9,2025,26.70176952236047,1.1388432801235475,479
623474,"Herget, Jimmy",83.1,83.33333333333333,1287,157,12.2,27.2,94,34978.67945506408,3777.7,2025,26.70176952236047,1.1388432801235475,479
571578,"Corbin, Patrick",155.1,155.33333333333334,2590,301,11.6,27.1,94,70287.8543006586,4072.5,2025,26.70176952236047,1.1388432801235475,479
663738,"Lynch IV, Daniel",67.2,67.66666666666667,1092,128,11.7,27.2,94,29666.99615778817,3945.9,2025,26.70176952236047,1.1388432801235475,479
543056,"Coulombe, Danny",43.0,43.0,720,88,12.2,27.1,94,19527.303702849505,4087.1,2025,26.70176952236047,1.1388432801235475,479
650893,"Cabrera, Génesis",42.2,42.666666666666664,720,80,11.1,27.1,94,19537.58110561589,4121.2,2025,26.70176952236047,1.1388432801235475,479
694738,"Roupp, Landen",106.2,106.66666666666667,1853,217,11.7,27.2,94,50387.98588540393,4251.5,2025,26.70176952236047,1.1388432801235475,479
667463,"King, John",48.1,48.333333333333336,782,100,12.8,27.2,94,21236.269029685463,3954.3,2025,26.70176952236047,1.1388432801235475,479
661563,"Gil, Luis",57.0,57.0,970,101,10.4,27.2,94,26366.335722219083,4163.1,2025,26.70176952236047,1.1388432801235475,479
801139,"Tolle, Payton",16.1,16.333333333333332,304,38,12.5,27.1,94,8248.161752776516,4544.9,2025,26.70176952236047,1.1388432801235475,479
647315,"Pop, Zach",6.2,6.666666666666667,127,18,14.2,27.1,94,3446.2598319421777,4652.5,2025,26.70176952236047,1.1388432801235475,479
682171,"Murfee, Penn",12.2,12.666666666666666,232,24,10.3,27.2,94,6303.155503511841,4478.6,2025,26.70176952236047,1.1388432801235475,479
664991,"Wolfram, Grant",26.2,26.666666666666668,525,61,11.6,27.2,93,14302.068781182843,4826.9,2025,26.70176952236047,1.1388432801235475,479
607455,"Banda, Anthony",65.0,65.0,1080,140,13.0,27.2,93,29402.192225545754,4071.1,2025,26.70176952236047,1.1388432801235475,479
661395,"Duran, Jhoan",70.0,70.0,1086,134,12.3,27.2,93,29543.11034938895,3798.4,2025,26.70176952236047,1.1388432801235475,479
689017,"Knack, Landon",42.1,42.333333333333336,743,89,12.0,27.2,93,20225.305327725444,4299.9,2025,26.70176952236047,1.1388432801235475,479
663362,"Waldron, Matt",4.2,4.666666666666667,104,10,9.6,27.2,93,2832.512287493063,5462.7,2025,26.70176952236047,1.1388432801235475,479
656222,"Beeks, Jalen",57.1,57.333333333333336,924,98,10.6,27.3,93,25189.355179971313,3954.1,2025,26.70176952236047,1.1388432801235475,479
670167,"Schreiber, John",64.0,64.0,1051,143,13.6,27.3,93,28651.740523736007,4029.2,2025,26.70176952236047,1.1388432801235475,479
554431,"Matzek, Tyler",6.1,6.333333333333333,127,12,9.4,27.3,93,3462.4540871575546,4920.3,2025,26.70176952236047,1.1388432801235475,479
668984,"Legumina, Casey",49.2,49.666666666666664,869,106,12.2,27.2,93,23655.694765941513,4286.6,2025,26.70176952236047,1.1388432801235475,479
687377,"Ribalta, Orlando",24.1,24.333333333333332,502,52,10.4,27.2,93,13660.636204605999,5052.6,2025,26.70176952236047,1.1388432801235475,479
663558,"Morán, Jovani",4.0,4.0,80,4,5.0,27.2,93,2177.902167187891,4900.3,2025,26.70176952236047,1.1388432801235475,479
656550,"Holmes, Grant",115.0,115.0,1970,215,10.9,27.2,93,53679.08332641096,4201.0,2025,26.70176952236047,1.1388432801235475,479
592866,"Williams, Trevor",82.2,82.66666666666667,1448,198,13.7,27.2,93,39445.06230959523,4294.4,2025,26.70176952236047,1.1388432801235475,479
650556,"Abreu, Bryan",71.0,71.0,1191,143,12.0,27.2,93,32419.103659897355,4109.5,2025,26.70176952236047,1.1388432801235475,479
668964,"Myers, Tobias",50.2,50.666666666666664,826,101,12.2,27.3,93,22508.5320794535,3998.2,2025,26.70176952236047,1.1388432801235475,479
670102,"Francis, Bowden",64.0,64.0,1143,127,11.1,27.2,93,31100.336888656486,4373.5,2025,26.70176952236047,1.1388432801235475,479
690382,"Darrell-Hicks, Michael",9.2,9.666666666666666,158,24,15.2,27.2,93,4302.262872845767,4005.6,2025,26.70176952236047,1.1388432801235475,479
666374,"Brash, Matt",47.1,47.333333333333336,828,102,12.3,27.3,92,22631.190277072175,4303.1,2025,26.70176952236047,1.1388432801235475,479
663474,"McKenzie, Triston",5.2,5.666666666666667,123,8,6.5,27.3,92,3357.9770925428274,5333.3,2025,26.70176952236047,1.1388432801235475,479
681869,"Dubin, Shawn",33.2,33.666666666666664,551,54,9.8,27.3,92,15036.103253352116,4019.6,2025,26.70176952236047,1.1388432801235475,479
641302,"Alexander, Tyler",97.2,97.66666666666667,1603,202,12.6,27.3,92,43757.65247480214,4032.3,2025,26.70176952236047,1.1388432801235475,479
605177,"Chafin, Andrew",33.2,33.666666666666664,614,69,11.2,27.3,92,16749.824690676087,4477.7,2025,26.70176952236047,1.1388432801235475,479
679883,"Avila, Luinder",14.0,14.0,218,27,12.4,27.3,92,5949.964807149434,3825.0,2025,26.70176952236047,1.1388432801235475,479
596001,"Junis, Jakob",66.2,66.66666666666667,1037,144,13.9,27.3,92,28299.004409893998,3820.4,2025,26.70176952236047,1.1388432801235475,479
674841,"Alvarez, Andrew",23.1,23.333333333333332,418,45,10.8,27.3,92,11410.774666720801,4401.3,2025,26.70176952236047,1.1388432801235475,479
805427,"Sommers, Drew",3.0,3.0,78,4,5.1,27.3,92,2129.4696710129533,6388.4,2025,26.70176952236047,1.1388432801235475,479
677865,"Bruihl, Justin",13.2,13.666666666666666,229,27,11.8,27.3,92,6255.154401709789,4119.2,2025,26.70176952236047,1.1388432801235475,479
678011,"Seigler, Anthony",1.0,1.0,11,0,0.0,27.3,92,300.31034308829385,2702.8,2025,26.70176952236047,1.1388432801235475,479
695505,"Burns, Chase",43.1,43.333333333333336,765,77,10.1,27.3,92,20889.769658326608,4338.6,2025,26.70176952236047,1.1388432801235475,479
672782,"Gómez, Yoendrys",62.2,62.666666666666664,1104,140,12.7,27.3,92,30149.59749021228,4330.0,2025,26.70176952236047,1.1388432801235475,479
671737,"Bradley, Taj",142.2,142.66666666666666,2327,280,12.0,27.3,92,63605.375520607326,4012.5,2025,26.70176952236047,1.1388432801235475,479
666214,"Wentz, Joey",98.0,98.0,1825,215,11.8,27.4,91,49949.70045462088,4587.2,2025,26.70176952236047,1.1388432801235475,479
805299,"Garcia, Brandyn",14.1,14.333333333333334,277,35,12.6,27.4,91,7576.404745900701,4757.3,2025,26.70176952236047,1.1388432801235475,479
622663,"Severino, Luis",162.2,162.66666666666666,2735,342,12.5,27.4,91,74978.05459501316,4148.4,2025,26.70176952236047,1.1388432801235475,479
678606,"Ferrer, José A.",76.1,76.33333333333333,1215,153,12.6,27.4,91,33279.111016668256,3923.7,2025,26.70176952236047,1.1388432801235475,479
600917,"Leclerc, José",9.0,9.0,229,23,10.0,27.4,91,6273.892395267962,6273.9,2025,26.70176952236047,1.1388432801235475,479
671111,"Peralta, Sammy",10.2,10.666666666666666,165,23,13.9,27.4,91,4519.987763789332,3813.7,2025,26.70176952236047,1.1388432801235475,479
681293,"Arrighetti, Spencer",35.1,35.333333333333336,619,77,12.4,27.4,91,16935.146702164446,4313.7,2025,26.70176952236047,1.1388432801235475,479
673540,"Senga, Kodai",113.1,113.33333333333333,1908,229,12.0,27.4,91,52300.338525019506,4153.3,2025,26.70176952236047,1.1388432801235475,479
673513,"Matsui, Yuki",63.1,63.333333333333336,1073,121,11.3,27.4,91,29377.605391759967,4174.7,2025,26.70176952236047,1.1388432801235475,479
666171,"Zeferjahn, Ryan",57.0,57.0,1039,144,13.9,27.4,91,28430.761686948143,4489.1,2025,26.70176952236047,1.1388432801235475,479
669459,"Nelson, Kyle",2.0,2.0,44,5,11.4,27.4,91,1204.478123095206,5420.2,2025,26.70176952236047,1.1388432801235475,479
686580,"Slaten, Justin",34.0,34.0,504,71,14.1,27.5,90,13837.588497402445,3662.9,2025,26.70176952236047,1.1388432801235475,479
592426,"Jackson, Luke",51.0,51.0,802,109,13.6,27.5,90,22035.43091011274,3888.6,2025,26.70176952236047,1.1388432801235475,479
642397,"Soto, Gregory",60.1,60.333333333333336,1036,119,11.5,27.5,90,28462.361635718287,4245.8,2025,26.70176952236047,1.1388432801235475,479
679775,"Backhus, Kyle",25.1,25.333333333333332,430,36,8.4,27.5,90,11803.813232547476,4193.5,2025,26.70176952236047,1.1388432801235475,479
606303,"Payamps, Joel",26.1,26.333333333333332,453,68,15.0,27.4,90,12429.91612221443,4248.2,2025,26.70176952236047,1.1388432801235475,479
623149,"Sewald, Paul",19.2,19.666666666666668,317,40,12.6,27.5,90,8705.452185851333,3983.9,2025,26.70176952236047,1.1388432801235475,479
657514,"Bernardino, Brennan",51.2,51.666666666666664,855,100,11.7,27.4,90,23456.538274614137,4086.0,2025,26.70176952236047,1.1388432801235475,479
668390,"Winn, Cole",41.2,41.666666666666664,627,83,13.2,27.5,90,17231.625425578615,3722.0,2025,26.70176952236047,1.1388432801235475,479
657571,"Ferguson, Caleb",65.1,65.33333333333333,1054,143,13.6,27.5,90,28950.175552303404,3988.0,2025,26.70176952236047,1.1388432801235475,479
669308,"Reynolds, Sean",27.0,27.0,494,55,11.1,27.5,90,13571.571934363164,4523.9,2025,26.70176952236047,1.1388432801235475,479
676428,"Hurter, Brant",63.0,63.0,1064,118,11.1,27.5,90,29256.351841433556,4179.5,2025,26.70176952236047,1.1388432801235475,479
657612,"Hill, Tim",67.0,67.0,912,116,12.7,27.5,90,25056.93837530842,3365.9,2025,26.70176952236047,1.1388432801235475,479
680729,"McDaniels, Garrett",10.2,10.666666666666666,191,22,11.5,27.5,90,5248.803124919405,4428.7,2025,26.70176952236047,1.1388432801235475,479
665019,"Clemens, Kody",1.0,1.0,20,2,10.0,27.5,90,549.683565993083,4947.2,2025,26.70176952236047,1.1388432801235475,479
686249,"Wiles, Nathan",1.0,1.0,24,3,12.5,27.4,90,658.7867564209413,5929.1,2025,26.70176952236047,1.1388432801235475,479
680704,"Sandlin, Nick",16.1,16.333333333333332,290,32,11.0,27.5,90,7966.935581522377,4389.9,2025,26.70176952236047,1.1388432801235475,479
678215,"Arias, Luarbert",10.1,10.333333333333334,207,25,12.1,27.5,90,5686.467409947803,4952.7,2025,26.70176952236047,1.1388432801235475,479
682790,"González, Wikelman",20.1,20.333333333333332,368,38,10.3,27.5,89,10135.436531396928,4486.2,2025,26.70176952236047,1.1388432801235475,479
605447,"Romano, Jordan",42.2,42.666666666666664,705,93,13.2,27.6,89,19436.764829454904,4099.9,2025,26.70176952236047,1.1388432801235475,479
806185,"Birdsong, Hayden",65.2,65.66666666666667,1195,146,12.2,27.6,89,32949.50637010341,4515.9,2025,26.70176952236047,1.1388432801235475,479
621242,"Díaz, Edwin",66.1,66.33333333333333,1067,129,12.1,27.6,89,29399.2834309272,3988.8,2025,26.70176952236047,1.1388432801235475,479
690916,"Fitts, Richard",45.0,45.0,735,105,14.3,27.5,89,20219.165490508352,4043.8,2025,26.70176952236047,1.1388432801235475,479
608032,"Estévez, Carlos",66.0,66.0,1064,119,11.2,27.5,89,29276.4636611186,3992.2,2025,26.70176952236047,1.1388432801235475,479
701542,"Warren, Will",162.1,162.33333333333334,2808,378,13.5,27.5,89,77230.86824469373,4281.8,2025,26.70176952236047,1.1388432801235475,479
623211,"Brazobán, Huascar",63.0,63.0,1017,125,12.3,27.5,89,27985.24879740952,3997.9,2025,26.70176952236047,1.1388432801235475,479
696147,"Bachman, Sam",20.1,20.333333333333332,335,51,15.2,27.5,89,9220.448854320986,4081.2,2025,26.70176952236047,1.1388432801235475,479
677955,"Hill, Jaden",29.1,29.333333333333332,489,64,13.1,27.5,89,13461.923201273856,4130.4,2025,26.70176952236047,1.1388432801235475,479
657044,"Thompson, Ryan",41.1,41.333333333333336,656,96,14.6,27.6,89,18081.60606213861,3937.1,2025,26.70176952236047,1.1388432801235475,479
690829,"Joyce, Ben",4.1,4.333333333333333,71,8,11.3,27.6,89,1957.2271091445864,4065.0,2025,26.70176952236047,1.1388432801235475,479
681867,"Criswell, Cooper",17.2,17.666666666666668,276,37,13.4,27.5,89,7596.76015544923,3870.0,2025,26.70176952236047,1.1388432801235475,479
676917,"Cavalli, Cade",48.2,48.666666666666664,790,104,13.2,27.6,88,21797.548016387198,4031.1,2025,26.70176952236047,1.1388432801235475,479
445926,"Chavez, Jesse",8.0,8.0,171,23,13.5,27.6,88,4720.399169028516,5310.4,2025,26.70176952236047,1.1388432801235475,479
667755,"Soriano, José",169.0,169.0,2784,343,12.3,27.6,88,76787.71360346234,4089.3,2025,26.70176952236047,1.1388432801235475,479
669060,"Wilson, Bryse",47.1,47.333333333333336,854,119,13.9,27.6,88,23587.79830274982,4485.0,2025,26.70176952236047,1.1388432801235475,479
682254,"Montgomery, Mason",46.0,46.0,859,106,12.3,27.6,88,23701.469868698605,4637.2,2025,26.70176952236047,1.1388432801235475,479
678020,"Halvorsen, Seth",39.2,39.666666666666664,640,92,14.4,27.6,88,17677.840487049813,4010.9,2025,26.70176952236047,1.1388432801235475,479
689690,"Jacob, Alek",33.1,33.333333333333336,586,72,12.3,27.6,88,16159.725895568261,4363.1,2025,26.70176952236047,1.1388432801235475,479
664948,"Misiewicz, Anthony",4.2,4.666666666666667,116,11,9.5,27.6,88,3199.8926637491327,6171.2,2025,26.70176952236047,1.1388432801235475,479
573186,"Stroman, Marcus",39.0,39.0,705,101,14.3,27.6,88,19446.75080026653,4487.7,2025,26.70176952236047,1.1388432801235475,479
641835,"Mayza, Tim",16.2,16.666666666666668,301,37,12.3,27.6,88,8316.151083006898,4490.7,2025,26.70176952236047,1.1388432801235475,479
593576,"Neris, Héctor",26.2,26.666666666666668,551,80,14.5,27.6,88,15227.136065254761,5139.2,2025,26.70176952236047,1.1388432801235475,479
593958,"Rodriguez, Eduardo",154.1,154.33333333333334,2597,319,12.3,27.6,88,71773.11698790004,4185.5,2025,26.70176952236047,1.1388432801235475,479
621051,"Wilson, Steven",55.1,55.333333333333336,982,128,13.0,27.6,88,27116.87623473718,4410.6,2025,26.70176952236047,1.1388432801235475,479
541640,"Ramírez, Erasmo",11.0,11.0,162,19,11.7,27.6,88,4477.952318891071,3663.8,2025,26.70176952236047,1.1388432801235475,479
676755,"Mattson, Isaac",47.2,47.666666666666664,786,100,12.7,27.6,88,21706.04506284578,4098.3,2025,26.70176952236047,1.1388432801235475,479
592773,"Stanek, Ryne",56.0,56.0,1063,131,12.3,27.6,88,29334.205956588394,4714.4,2025,26.70176952236047,1.1388432801235475,479
656271,"Burke, Brock",61.2,61.666666666666664,1028,148,14.4,27.7,87,28433.511643334616,4149.8,2025,26.70176952236047,1.1388432801235475,479
641755,"Kinley, Tyler",72.2,72.66666666666667,1239,167,13.5,27.7,87,34321.454376930844,4250.8,2025,26.70176952236047,1.1388432801235475,479
669717,"Wilson, Will",2.0,2.0,26,1,3.8,27.7,87,720.7109599261742,3243.2,2025,26.70176952236047,1.1388432801235475,479
543101,"DeSclafani, Anthony",38.2,38.666666666666664,637,78,12.2,27.7,87,17631.807847371365,4104.0,2025,26.70176952236047,1.1388432801235475,479
681982,"Anderson, Grant",69.2,69.66666666666667,1170,162,13.8,27.7,87,32378.040765074904,4182.8,2025,26.70176952236047,1.1388432801235475,479
673929,"Leasure, Jordan",64.1,64.33333333333333,1133,144,12.7,27.7,87,31357.05738916553,4386.7,2025,26.70176952236047,1.1388432801235475,479
607481,"Bummer, Aaron",54.1,54.333333333333336,946,117,12.4,27.7,87,26159.917215500715,4333.2,2025,26.70176952236047,1.1388432801235475,479
605463,"Scott, Tayler",27.1,27.333333333333332,537,75,14.0,27.7,87,14880.942599681177,4899.8,2025,26.70176952236047,1.1388432801235475,479
623167,"Flexen, Chris",43.2,43.666666666666664,673,83,12.3,27.7,87,18611.910915830264,3836.0,2025,26.70176952236047,1.1388432801235475,479
663804,"Kowar, Jackson",17.0,17.0,282,38,13.5,27.8,86,7835.309014782777,4148.1,2025,26.70176952236047,1.1388432801235475,479
681517,"Leahy, Kyle",88.0,88.0,1352,174,12.9,27.8,86,37539.64226009641,3839.3,2025,26.70176952236047,1.1388432801235475,479
678022,"Perkins, Jack",38.2,38.666666666666664,637,74,11.6,27.7,86,17667.02971328518,4112.2,2025,26.70176952236047,1.1388432801235475,479
683155,"Estes, Joey",11.0,11.0,186,21,11.3,27.8,86,5168.903772594708,4229.1,2025,26.70176952236047,1.1388432801235475,479
628317,"Maeda, Kenta",8.0,8.0,171,24,14.0,27.7,86,4742.639419460935,5335.5,2025,26.70176952236047,1.1388432801235475,479
668670,"Rogers, Jake",3.2,3.6666666666666665,49,8,16.3,27.7,86,1359.3256958103914,3336.5,2025,26.70176952236047,1.1388432801235475,479
676684,"Vest, Will",68.2,68.66666666666667,1141,182,16.0,27.7,86,31649.52872725745,4148.2,2025,26.70176952236047,1.1388432801235475,479
621121,"McCullers Jr., Lance",55.1,55.333333333333336,1147,137,11.9,27.7,86,31820.666712579048,5175.7,2025,26.70176952236047,1.1388432801235475,479
656794,"Newcomb, Sean",92.1,92.33333333333333,1554,205,13.2,27.7,86,43106.990207363255,4201.8,2025,26.70176952236047,1.1388432801235475,479
665660,"Alvarado, Elvis",42.1,42.333333333333336,767,98,12.8,27.8,86,21315.695757081798,4531.7,2025,26.70176952236047,1.1388432801235475,479
554340,"García, Yimi",21.0,21.0,364,40,11.0,27.8,86,10115.693732288952,4335.3,2025,26.70176952236047,1.1388432801235475,479
670183,"Acton, Garrett",1.0,1.0,21,3,14.3,27.7,86,582.595824885969,5243.4,2025,26.70176952236047,1.1388432801235475,479
697812,"Rock, Joe",7.2,7.666666666666667,145,16,11.0,27.7,86,4023.2452103356386,4722.9,2025,26.70176952236047,1.1388432801235475,479
687362,"Gillispie, Connor",26.0,26.0,472,65,13.8,27.7,86,13097.514575990683,4533.8,2025,26.70176952236047,1.1388432801235475,479
656848,"Petersen, Michael",18.0,18.0,336,45,13.4,27.8,86,9341.415440125478,4670.7,2025,26.70176952236047,1.1388432801235475,479
800311,"Fuentes, Didier",13.0,13.0,293,27,9.2,27.7,86,8125.259906448673,5625.2,2025,26.70176952236047,1.1388432801235475,479
664849,"Young, Danny",8.1,8.333333333333334,158,16,10.1,27.8,86,4392.617311816699,4744.0,2025,26.70176952236047,1.1388432801235475,479
669145,"Zimmermann, Bruce",6.0,6.0,91,14,15.4,27.7,86,2523.3740140251016,3785.1,2025,26.70176952236047,1.1388432801235475,479
664068,"Kingery, Scott",2.0,2.0,37,1,2.7,27.8,86,1026.941706585449,4621.2,2025,26.70176952236047,1.1388432801235475,479
668941,"Romero, JoJo",61.0,61.0,1008,142,14.1,27.8,86,27991.037286742787,4129.8,2025,26.70176952236047,1.1388432801235475,479
687287,"Monteverde, Patrick",3.2,3.6666666666666665,88,11,12.5,27.8,85,2446.8579589680694,6005.9,2025,26.70176952236047,1.1388432801235475,479
666215,"Whitley, Forrest",12.0,12.0,256,35,13.7,27.8,85,7120.836149467937,5340.6,2025,26.70176952236047,1.1388432801235475,479
702674,"Dana, Caden",32.1,32.333333333333336,563,78,13.9,27.9,85,15687.384527761602,4366.6,2025,26.70176952236047,1.1388432801235475,479
668970,"Hollowell, Gavin",9.1,9.333333333333334,172,29,16.9,27.8,85,4787.45839195112,4616.5,2025,26.70176952236047,1.1388432801235475,479
672391,"Ort, Kaleb",46.0,46.0,793,99,12.5,27.9,85,22090.70922679385,4322.1,2025,26.70176952236047,1.1388432801235475,479
692285,"Guerrero, Luis",17.1,17.333333333333332,289,47,16.3,27.8,85,8048.334309579077,4178.9,2025,26.70176952236047,1.1388432801235475,479
669422,"Sauer, Matt",29.2,29.666666666666668,512,69,13.5,27.9,84,14286.686507530769,4334.2,2025,26.70176952236047,1.1388432801235475,479
641401,"Brogdon, Connor",47.0,47.0,853,119,14.0,27.9,84,23792.898280974867,4556.1,2025,26.70176952236047,1.1388432801235475,479
662253,"Muñoz, Andrés",62.1,62.333333333333336,1047,132,12.6,27.9,84,29249.901708622256,4223.2,2025,26.70176952236047,1.1388432801235475,479
666974,"Cano, Yennier",58.0,58.0,992,131,13.2,27.9,84,27692.448077503363,4297.1,2025,26.70176952236047,1.1388432801235475,479
676130,"Buttó, José",67.0,67.0,1106,149,13.5,27.9,84,30866.387506875803,4146.2,2025,26.70176952236047,1.1388432801235475,479
623433,"Anderson, Nick",14.2,14.666666666666666,241,40,16.6,28.0,84,6736.738046652169,4133.9,2025,26.70176952236047,1.1388432801235475,479
687931,"Whisenhunt, Carson",23.1,23.333333333333332,408,58,14.2,27.9,84,11395.641431654441,4395.5,2025,26.70176952236047,1.1388432801235475,479
607200,"Fedde, Erick",141.0,141.0,2374,304,12.8,27.9,84,66317.67026039216,4233.0,2025,26.70176952236047,1.1388432801235475,479
687074,"Owens, Tyler",3.0,3.0,66,10,15.2,27.9,84,1843.5077881593215,5530.5,2025,26.70176952236047,1.1388432801235475,479
676534,"Faucher, Calvin",60.1,60.333333333333336,1055,135,12.8,27.9,84,29465.849060297303,4395.5,2025,26.70176952236047,1.1388432801235475,479
620454,"Castillo, José",32.0,32.0,549,78,14.2,28.0,83,15360.221524826757,4320.1,2025,26.70176952236047,1.1388432801235475,479
621112,"Blackburn, Paul",39.0,39.0,666,97,14.6,28.0,83,18627.80643053399,4298.7,2025,26.70176952236047,1.1388432801235475,479
695549,"Jobe, Jackson",49.0,49.0,877,106,12.1,28.0,83,24535.849254427987,4506.6,2025,26.70176952236047,1.1388432801235475,479
693855,"Seymour, Ian",57.0,57.0,999,137,13.7,28.0,83,27955.764657088424,4414.1,2025,26.70176952236047,1.1388432801235475,479
679358,"Orze, Eric",41.2,41.666666666666664,685,97,14.2,28.0,83,19193.475448552323,4145.8,2025,26.70176952236047,1.1388432801235475,479
608566,"Márquez, Germán",126.1,126.33333333333333,2091,291,13.9,28.0,83,58575.87713971205,4173.0,2025,26.70176952236047,1.1388432801235475,479
683409,"Chivilli, Angel",58.2,58.666666666666664,1028,163,15.9,28.0,83,28739.48898653774,4408.9,2025,26.70176952236047,1.1388432801235475,479
547184,"Kelly, Michael",39.2,39.666666666666664,665,102,15.3,28.0,83,18590.621716767615,4218.0,2025,26.70176952236047,1.1388432801235475,479
571948,"Milner, Hoby",70.1,70.33333333333333,1170,151,12.9,28.0,83,32724.791858369572,4187.5,2025,26.70176952236047,1.1388432801235475,479
677161,"Kelly, Zack",35.1,35.333333333333336,587,76,12.9,28.0,83,16445.678956367938,4189.0,2025,26.70176952236047,1.1388432801235475,479
683232,"Mears, Nick",56.2,56.666666666666664,849,131,15.4,28.0,83,23781.954394060736,3777.1,2025,26.70176952236047,1.1388432801235475,479
606160,"Montero, Rafael",60.1,60.333333333333336,1096,163,14.9,28.1,82,30761.779197358544,4588.8,2025,26.70176952236047,1.1388432801235475,479
663372,"Feltner, Ryan",30.1,30.333333333333332,523,76,14.5,28.1,82,14691.905557418682,4359.1,2025,26.70176952236047,1.1388432801235475,479
688497,"Rashi, Taylor",16.1,16.333333333333332,319,36,11.3,28.1,82,8958.504104547921,4936.3,2025,26.70176952236047,1.1388432801235475,479
694350,"Brzykcy, Zach",23.0,23.0,460,66,14.3,28.1,82,12904.60097255999,5049.6,2025,26.70176952236047,1.1388432801235475,479
681892,"Funderburk, Kody",41.0,41.0,730,100,13.7,28.1,81,20532.204488528536,4507.1,2025,26.70176952236047,1.1388432801235475,479
669467,"Pallante, Andre",162.2,162.66666666666666,2722,361,13.3,28.1,81,76588.37189847206,4237.5,2025,26.70176952236047,1.1388432801235475,479
813349,"Early, Connelly",19.1,19.333333333333332,323,37,11.5,28.1,81,9086.477281886964,4229.9,2025,26.70176952236047,1.1388432801235475,479
678226,"Hernández, Daysbel",37.0,37.0,723,96,13.3,28.1,81,20330.761391470558,4945.3,2025,26.70176952236047,1.1388432801235475,479
668933,"Ashcraft, Graham",65.1,65.33333333333333,1039,156,15.0,28.1,81,29207.228095769256,4023.4,2025,26.70176952236047,1.1388432801235475,479
685314,"Saalfrank, Andrew",29.0,29.0,431,64,14.8,28.1,81,12114.058449825076,3759.5,2025,26.70176952236047,1.1388432801235475,479
663855,"Hicks, Jordan",67.1,67.33333333333333,1203,160,13.3,28.1,81,33827.91744400449,4521.6,2025,26.70176952236047,1.1388432801235475,479
690925,"Beeter, Clayton",25.1,25.333333333333332,465,65,14.0,28.1,81,13081.976764043582,4647.5,2025,26.70176952236047,1.1388432801235475,479
678024,"Vasil, Mike",101.0,101.0,1669,213,12.8,28.1,81,46981.81493688871,4186.5,2025,26.70176952236047,1.1388432801235475,479
666277,"Soriano, George",36.2,36.666666666666664,696,96,13.8,28.1,81,19566.822261788253,4802.8,2025,26.70176952236047,1.1388432801235475,479
622554,"Domínguez, Seranthony",62.2,62.666666666666664,1109,142,12.8,28.1,81,31191.633066480408,4479.6,2025,26.70176952236047,1.1388432801235475,479
519326,"Strickland, Hunter",22.0,22.0,341,51,15.0,28.2,80,9626.040773336286,3937.9,2025,26.70176952236047,1.1388432801235475,479
623437,"Topa, Justin",60.0,60.0,990,139,14.0,28.2,80,27915.56835775493,4187.3,2025,26.70176952236047,1.1388432801235475,479
699134,"Rodriguez, Bradgley",7.2,7.666666666666667,129,19,14.7,28.2,80,3637.0661174089046,4269.6,2025,26.70176952236047,1.1388432801235475,479
687863,"Hodge, Porter",33.0,33.0,613,77,12.6,28.2,80,17288.065938099433,4714.9,2025,26.70176952236047,1.1388432801235475,479
679885,"Martinez, Justin",15.1,15.333333333333334,273,40,14.7,28.2,80,7701.0534761652625,4520.2,2025,26.70176952236047,1.1388432801235475,479
691172,"Zulueta, Yosver",7.1,7.333333333333333,140,16,11.4,28.3,80,3955.2991697341854,4854.2,2025,26.70176952236047,1.1388432801235475,479
687223,"Palmquist, Carson",34.1,34.333333333333336,705,97,13.8,28.2,80,19868.96027002856,5208.4,2025,26.70176952236047,1.1388432801235475,479
682989,"Mederos, Victor",17.0,17.0,314,40,12.7,28.2,80,8863.686302781662,4692.5,2025,26.70176952236047,1.1388432801235475,479
663455,"Pilkington, Konnor",28.1,28.333333333333332,500,68,13.6,28.2,80,14098.244826326827,4478.3,2025,26.70176952236047,1.1388432801235475,479
700669,"Graceffo, Gordon",43.0,43.0,756,123,16.3,28.2,80,21354.514953412112,4469.5,2025,26.70176952236047,1.1388432801235475,479
801403,"Dollander, Chase",98.0,98.0,1778,242,13.6,28.3,79,50333.30201825628,4622.4,2025,26.70176952236047,1.1388432801235475,479
691594,"Sanoja, Javier",9.1,9.333333333333334,170,20,11.8,28.3,79,4806.148823846835,4634.5,2025,26.70176952236047,1.1388432801235475,479
660896,"Alcala, Jorge",55.0,55.0,1062,158,14.9,28.3,79,30029.058428583376,4913.8,2025,26.70176952236047,1.1388432801235475,479
642152,"Trivino III, Lou",47.2,47.666666666666664,843,121,14.4,28.3,79,23870.235966832155,4507.0,2025,26.70176952236047,1.1388432801235475,479
657240,"Merryweather, Julian",18.2,18.666666666666668,337,46,13.6,28.3,79,9529.199263329605,4594.4,2025,26.70176952236047,1.1388432801235475,479
681217,"Silseth, Chase",11.0,11.0,216,30,13.9,28.3,79,6109.109431454069,4998.4,2025,26.70176952236047,1.1388432801235475,479
678495,"Rodríguez, Randy",50.2,50.666666666666664,808,119,14.7,28.3,79,22880.091822755454,4064.2,2025,26.70176952236047,1.1388432801235475,479
682825,"Mey, Luis",21.0,21.0,420,57,13.6,28.3,78,11901.453840576285,5100.6,2025,26.70176952236047,1.1388432801235475,479
680767,"Vodnik, Victor",50.2,50.666666666666664,927,139,15.0,28.4,78,26304.494225461523,4672.5,2025,26.70176952236047,1.1388432801235475,479
593833,"Suero, Wander",6.1,6.333333333333333,142,20,14.1,28.4,78,4025.900957052335,5721.0,2025,26.70176952236047,1.1388432801235475,479
663765,"Woodford, Jake",36.1,36.333333333333336,629,89,14.1,28.4,78,17848.361044574718,4421.2,2025,26.70176952236047,1.1388432801235475,479
681168,"Curvelo, Luis",19.0,19.0,329,42,12.8,28.3,78,9327.01216158742,4418.1,2025,26.70176952236047,1.1388432801235475,479
518585,"Cruz, Fernando",48.0,48.0,793,114,14.4,28.3,78,22471.09609805722,4213.3,2025,26.70176952236047,1.1388432801235475,479
642207,"Williams, Devin",62.0,62.0,1119,174,15.5,28.4,77,31806.498070889877,4617.1,2025,26.70176952236047,1.1388432801235475,479
699911,"Darnell, Dugan",11.2,11.666666666666666,187,24,12.8,28.5,77,5321.225080146077,4104.9,2025,26.70176952236047,1.1388432801235475,479
669620,"Basso, Brady",11.2,11.666666666666666,210,22,10.5,28.4,77,5970.159232035795,4605.6,2025,26.70176952236047,1.1388432801235475,479
701487,"Ohl, Pierson",30.0,30.0,545,83,15.2,28.4,77,15500.60770775974,4650.2,2025,26.70176952236047,1.1388432801235475,479
676702,"Stratton, Hunter",19.0,19.0,343,53,15.5,28.4,77,9750.856208502082,4618.8,2025,26.70176952236047,1.1388432801235475,479
681799,"Roberts, Ethan",9.0,9.0,144,18,12.5,28.5,77,4097.292846191108,4097.3,2025,26.70176952236047,1.1388432801235475,479
680689,"Richardson, Lyon",37.2,37.666666666666664,684,109,15.9,28.5,77,19471.42748320002,4652.5,2025,26.70176952236047,1.1388432801235475,479
663432,"Rainey, Tanner",9.2,9.666666666666666,201,31,15.4,28.4,77,5716.135950045419,5321.9,2025,26.70176952236047,1.1388432801235475,479
661403,"Clase, Emmanuel",47.1,47.333333333333336,754,109,14.5,28.4,77,21450.19125654908,4078.6,2025,26.70176952236047,1.1388432801235475,479
675919,"Raquet, Nick",2.0,2.0,27,3,11.1,28.5,77,768.5916204574065,3458.7,2025,26.70176952236047,1.1388432801235475,479
674285,"Salazar, Eduardo",29.0,29.0,545,81,14.9,28.4,77,15489.604198708386,4807.1,2025,26.70176952236047,1.1388432801235475,479
672578,"Hernández, Carlos",43.1,43.333333333333336,761,107,14.1,28.6,76,21735.500291524993,4514.3,2025,26.70176952236047,1.1388432801235475,479
691799,"Taylor, Grant",36.2,36.666666666666664,614,97,15.8,28.5,76,17497.142847195966,4294.8,2025,26.70176952236047,1.1388432801235475,479
687849,"Kent, Zak",17.2,17.666666666666668,308,41,13.3,28.5,76,8783.523497261564,4474.6,2025,26.70176952236047,1.1388432801235475,479
605242,"Fulmer, Michael",5.2,5.666666666666667,90,16,17.8,28.5,76,2564.5208280624147,4073.1,2025,26.70176952236047,1.1388432801235475,479
664208,"Maton, Phil",61.1,61.333333333333336,1017,154,15.1,28.5,76,29024.29083940606,4259.0,2025,26.70176952236047,1.1388432801235475,479
669724,"Hanifee, Brenan",60.0,60.0,955,145,15.2,28.6,76,27274.237006791795,4091.1,2025,26.70176952236047,1.1388432801235475,479
471911,"Carrasco, Carlos",45.2,45.666666666666664,779,121,15.5,28.6,76,22246.423844994926,4384.3,2025,26.70176952236047,1.1388432801235475,479
458677,"Wilson, Justin",48.1,48.333333333333336,832,110,13.2,28.5,76,23745.757045044124,4421.6,2025,26.70176952236047,1.1388432801235475,479
802419,"Harrington, Thomas",8.2,8.666666666666666,200,36,18.0,28.5,76,5709.976686677423,5929.6,2025,26.70176952236047,1.1388432801235475,479
622608,"Senzatela, Antonio",130.0,130.0,2289,318,13.9,28.5,76,65250.157177411136,4517.3,2025,26.70176952236047,1.1388432801235475,479
605513,"Turnbull, Spencer",6.1,6.333333333333333,125,19,15.2,28.6,75,3570.397247946425,5073.7,2025,26.70176952236047,1.1388432801235475,479
656557,"Houck, Tanner",43.2,43.666666666666664,749,111,14.8,28.6,75,21428.54332934679,4416.6,2025,26.70176952236047,1.1388432801235475,479
640454,"Krook, Matt",3.1,3.3333333333333335,71,10,14.1,28.6,75,2031.6581796206415,5485.5,2025,26.70176952236047,1.1388432801235475,479
671131,"Rutledge, Jackson",73.1,73.33333333333333,1341,212,15.8,28.6,75,38367.51741785771,4708.7,2025,26.70176952236047,1.1388432801235475,479
669371,"Henry, Cole",52.2,52.666666666666664,969,137,14.1,28.6,75,27710.78046392084,4735.4,2025,26.70176952236047,1.1388432801235475,479
689147,"Kerkering, Orion",60.0,60.0,1083,166,15.3,28.6,75,30998.960896512646,4649.8,2025,26.70176952236047,1.1388432801235475,479
624512,"McGuire, Reese",1.0,1.0,17,2,11.8,28.6,75,485.8352007299468,4372.5,2025,26.70176952236047,1.1388432801235475,479
643361,"Herget, Kevin",13.0,13.0,216,32,14.8,28.6,75,6179.863075491553,4278.4,2025,26.70176952236047,1.1388432801235475,479
668716,"Murdock, Noah",17.0,17.0,404,64,15.8,28.6,75,11566.894424416483,6123.6,2025,26.70176952236047,1.1388432801235475,479
682610,"Muñoz, Roddery",11.0,11.0,229,37,16.2,28.6,74,6560.19302608967,5367.4,2025,26.70176952236047,1.1388432801235475,479
687424,"Maldonado, Anthony",6.0,6.0,133,21,15.8,28.7,74,3817.843669176928,5726.8,2025,26.70176952236047,1.1388432801235475,479
642216,"Winans, Allan",9.1,9.333333333333334,171,21,12.3,28.7,74,4901.378531589834,4726.3,2025,26.70176952236047,1.1388432801235475,479
694851,"Hoffmann, Andrew",12.0,12.0,246,29,11.8,28.7,74,7049.457717661884,5287.1,2025,26.70176952236047,1.1388432801235475,479
829272,"Ogasawara, Shinnosuke",38.2,38.666666666666664,674,95,14.1,28.7,74,19340.5508816189,4501.7,2025,26.70176952236047,1.1388432801235475,479
685107,"Veneziano, Anthony",25.0,25.0,483,65,13.5,28.7,74,13861.759186324727,4990.2,2025,26.70176952236047,1.1388432801235475,479
657585,"Garrett, Reed",55.1,55.333333333333336,987,139,14.1,28.8,73,28399.435031634002,4619.2,2025,26.70176952236047,1.1388432801235475,479
450203,"Morton, Charlie",142.0,142.0,2559,378,14.8,28.7,73,73556.22028205918,4662.0,2025,26.70176952236047,1.1388432801235475,479
669674,"Long, Sam",40.1,40.333333333333336,790,103,13.0,28.8,73,22732.20212035125,5072.5,2025,26.70176952236047,1.1388432801235475,479
656629,"Kopech, Michael",11.0,11.0,231,35,15.2,28.8,73,6646.911151377777,5438.4,2025,26.70176952236047,1.1388432801235475,479
670810,"Gillaspie, Logan",7.0,7.0,112,20,17.9,28.7,73,3218.7936343768097,4138.4,2025,26.70176952236047,1.1388432801235475,479
688297,"Roycroft, Chris",20.2,20.666666666666668,395,64,16.2,28.8,73,11362.180278408876,4948.0,2025,26.70176952236047,1.1388432801235475,479
489119,"Miley, Wade",12.0,12.0,205,28,13.7,28.7,73,5887.372060370444,4415.5,2025,26.70176952236047,1.1388432801235475,479
693312,"Nicolas, Kyle",38.0,38.0,652,113,17.3,28.8,72,18771.344476019047,4445.8,2025,26.70176952236047,1.1388432801235475,479
670059,"Holderman, Colin",25.2,25.666666666666668,496,69,13.9,28.8,72,14288.829909528391,5010.4,2025,26.70176952236047,1.1388432801235475,479
657424,"Gage, Matt",31.0,31.0,536,73,13.6,28.8,72,15449.04127669009,4485.2,2025,26.70176952236047,1.1388432801235475,479
687606,"Schultz, Paxton",24.2,24.666666666666668,448,66,14.7,28.8,72,12900.907510932737,4707.1,2025,26.70176952236047,1.1388432801235475,479
671305,"Otañez, Michel",5.1,5.333333333333333,122,20,16.4,28.8,72,3512.608120929016,5927.5,2025,26.70176952236047,1.1388432801235475,479
669391,"White, Owen",7.0,7.0,119,18,15.1,28.8,72,3433.1323090956516,4414.0,2025,26.70176952236047,1.1388432801235475,479
664129,"Hartlieb, Geoff",3.1,3.3333333333333335,109,12,11.0,28.9,71,3149.1112207037536,8502.6,2025,26.70176952236047,1.1388432801235475,479
519008,"McFarland, T.J.",15.2,15.666666666666666,272,46,16.9,29.0,70,7879.813550016837,4526.7,2025,26.70176952236047,1.1388432801235475,479
608665,"Graveman, Kendall",17.2,17.666666666666668,324,50,15.4,29.0,70,9388.68376684369,4782.9,2025,26.70176952236047,1.1388432801235475,479
518397,"Alexander, Scott",17.2,17.666666666666668,313,58,18.5,29.0,70,9061.75513572845,4616.4,2025,26.70176952236047,1.1388432801235475,479
676092,"Snider, Collin",26.1,26.333333333333332,481,89,18.5,29.0,70,13936.004628980168,4762.9,2025,26.70176952236047,1.1388432801235475,479
605130,"Barlow, Scott",68.1,68.33333333333333,1286,197,15.3,29.0,70,37309.349898218454,4913.9,2025,26.70176952236047,1.1388432801235475,479
608717,"Stratton, Chris",21.0,21.0,411,70,17.0,29.0,70,11898.500917038547,5099.4,2025,26.70176952236047,1.1388432801235475,479
571657,"Farmer, Kyle",1.0,1.0,7,1,14.3,29.0,70,203.06272798325818,1827.6,2025,26.70176952236047,1.1388432801235475,479
678906,"Teng, Kai-Wei",29.2,29.666666666666668,573,94,16.4,29.0,70,16608.256137401306,5038.5,2025,26.70176952236047,1.1388432801235475,479
472610,"García, Luis",55.1,55.333333333333336,889,161,18.1,28.9,70,25733.95869854677,4185.6,2025,26.70176952236047,1.1388432801235475,479
682144,"Sandridge, Jayvien",0.2,0.6666666666666666,31,5,16.1,29.0,69,900.1353702017803,12151.8,2025,26.70176952236047,1.1388432801235475,479
701519,"Adams, Travis",33.2,33.666666666666664,664,98,14.8,29.0,69,19282.98618593179,5154.9,2025,26.70176952236047,1.1388432801235475,479
686642,"Ellard, Fraser",17.0,17.0,330,48,14.5,29.1,69,9595.163524268359,5079.8,2025,26.70176952236047,1.1388432801235475,479
666711,"Peguero, Joel",22.1,22.333333333333332,321,65,20.2,29.1,69,9331.400158118844,3760.4,2025,26.70176952236047,1.1388432801235475,479
664353,"Urquidy, José",2.1,2.3333333333333335,56,10,17.9,29.1,69,1628.8915187453536,6282.9,2025,26.70176952236047,1.1388432801235475,479
521230,"Hendriks, Liam",13.2,13.666666666666666,232,32,13.8,29.2,68,6765.300202725777,4455.2,2025,26.70176952236047,1.1388432801235475,479
656420,"Feyereisen, J.P.",4.0,4.0,85,17,20.0,29.1,68,2475.3935455271608,5569.6,2025,26.70176952236047,1.1388432801235475,479
476594,"Stock, Robert",2.2,2.6666666666666665,59,2,3.4,29.2,68,1720.4549438322397,5806.5,2025,26.70176952236047,1.1388432801235475,479
688642,"Agnos, Zach",31.1,31.333333333333332,527,92,17.5,29.2,67,15374.25227572541,4416.0,2025,26.70176952236047,1.1388432801235475,479
663542,"Hudson, Bryan",15.0,15.0,326,52,16.0,29.3,66,9555.984085073786,5733.6,2025,26.70176952236047,1.1388432801235475,479
663893,"Little, Brendon",68.1,68.33333333333333,1252,201,16.1,29.3,66,36683.128693741084,4831.4,2025,26.70176952236047,1.1388432801235475,479
804636,"Tong, Jonah",18.2,18.666666666666668,372,62,16.7,29.3,66,10904.35053632291,5257.5,2025,26.70176952236047,1.1388432801235475,479
543518,"McGough, Scott",16.0,16.0,297,52,17.5,29.3,66,8706.115994464793,4897.2,2025,26.70176952236047,1.1388432801235475,479
681146,"Bride, Jonah",6.0,6.0,114,20,17.5,29.3,66,3340.117301214461,5010.2,2025,26.70176952236047,1.1388432801235475,479
665625,"Peguero, Elvis",9.1,9.333333333333334,188,30,16.0,29.4,65,5523.057359553892,5325.8,2025,26.70176952236047,1.1388432801235475,479
670912,"Oviedo, Johan",40.1,40.333333333333336,667,125,18.7,29.4,65,19586.955665933747,4370.6,2025,26.70176952236047,1.1388432801235475,479
688107,"Gasser, Robert",5.2,5.666666666666667,102,18,17.6,29.3,65,2991.23134622228,4750.8,2025,26.70176952236047,1.1388432801235475,479
687922,"Lucas, Easton",24.1,24.333333333333332,438,92,21.0,29.5,64,12899.532136464528,4771.1,2025,26.70176952236047,1.1388432801235475,479
686228,"Burgos, Juan",13.1,13.333333333333334,224,41,18.3,29.5,64,6597.749572996907,4453.5,2025,26.70176952236047,1.1388432801235475,479
681006,"Simpson, Josh",30.2,30.666666666666668,619,105,17.0,29.5,63,18271.4703742703,5362.3,2025,26.70176952236047,1.1388432801235475,479
623465,"Phillips, Evan",5.2,5.666666666666667,92,18,19.6,29.5,63,2711.987967074179,4307.3,2025,26.70176952236047,1.1388432801235475,479
681432,"Little, Luke",2.2,2.6666666666666665,77,12,15.6,29.6,62,2277.481545849964,7686.5,2025,26.70176952236047,1.1388432801235475,479
670990,"Ramírez, Yohan",33.1,33.333333333333336,608,110,18.1,29.6,62,18007.39116593511,4862.0,2025,26.70176952236047,1.1388432801235475,479
518886,"Kimbrel, Craig",12.0,12.0,232,43,18.5,29.7,61,6879.963290369718,5160.0,2025,26.70176952236047,1.1388432801235475,479
605154,"Brebbia, John",23.1,23.333333333333332,460,84,18.3,29.6,61,13633.057026218325,5258.5,2025,26.70176952236047,1.1388432801235475,479
694363,"Shuster, Jared",15.2,15.666666666666666,289,51,17.6,29.6,61,8566.294883348628,4921.1,2025,26.70176952236047,1.1388432801235475,479
656464,"Ginkel, Kevin",25.2,25.666666666666668,491,90,18.3,29.7,60,14597.106512500868,5118.5,2025,26.70176952236047,1.1388432801235475,479
605218,"Edwards Jr., Carl",6.0,6.0,90,16,17.8,29.7,60,2675.540273369676,4013.3,2025,26.70176952236047,1.1388432801235475,479
642520,"Garabito, Gerson",8.0,8.0,121,24,19.8,29.7,60,3593.9114014633174,4043.2,2025,26.70176952236047,1.1388432801235475,479
678821,"Peralta, Luis",19.0,19.0,436,77,17.7,29.8,59,12994.334884601352,6155.2,2025,26.70176952236047,1.1388432801235475,479
680880,"Holman, Grant",23.0,23.0,376,75,19.9,29.9,58,11252.739764776807,4403.2,2025,26.70176952236047,1.1388432801235475,479
674384,"Núñez, Eduarniel",12.2,12.666666666666666,250,51,20.4,29.9,58,7477.926708482424,5313.3,2025,26.70176952236047,1.1388432801235475,479
621237,"Alvarado, José",26.0,26.0,457,97,21.2,29.9,58,13658.607110413343,4728.0,2025,26.70176952236047,1.1388432801235475,479
686930,"Barnett, Mason",22.1,22.333333333333332,431,74,17.2,29.9,58,12893.637497215701,5195.9,2025,26.70176952236047,1.1388432801235475,479
700187,"Taylor, Troy",6.2,6.666666666666667,136,28,20.6,29.9,58,4069.2775719074907,5493.5,2025,26.70176952236047,1.1388432801235475,479
666168,"Thompson, Mason",10.2,10.666666666666666,246,51,20.7,30.0,57,7377.340872451228,6224.6,2025,26.70176952236047,1.1388432801235475,479
595014,"Treinen, Blake",26.2,26.666666666666668,510,101,19.8,30.0,57,15275.925450794031,5155.6,2025,26.70176952236047,1.1388432801235475,479
642016,"Robert, Daniel",13.0,13.0,256,48,18.8,30.0,57,7670.226530019247,5310.2,2025,26.70176952236047,1.1388432801235475,479
502043,"Gibson, Kyle",12.1,12.333333333333334,280,59,21.1,30.1,56,8417.779310527752,6142.7,2025,26.70176952236047,1.1388432801235475,479
691951,"Aldegheri, Sam",13.2,13.666666666666666,304,58,19.1,30.0,56,9127.452477608547,6010.8,2025,26.70176952236047,1.1388432801235475,479
621139,"Kriske, Brooks",18.0,18.0,385,74,19.2,30.2,55,11608.138303473626,5804.1,2025,26.70176952236047,1.1388432801235475,479
643410,"Leiter Jr., Mark",48.1,48.333333333333336,832,157,18.9,30.1,55,25073.06627212879,4668.8,2025,26.70176952236047,1.1388432801235475,479
656234,"Bird, Jake",55.1,55.333333333333336,975,181,18.6,30.1,55,29373.29931570213,4777.6,2025,26.70176952236047,1.1388432801235475,479
665665,"Sanmartin, Reiver",1.2,1.6666666666666665,27,3,11.1,30.1,55,812.9693641537807,4390.0,2025,26.70176952236047,1.1388432801235475,479
664351,"Contreras, Luis",12.0,12.0,224,35,15.6,30.2,54,6763.177231592934,5072.4,2025,26.70176952236047,1.1388432801235475,479
696270,"Johnson, Ryan",14.2,14.666666666666666,280,61,21.8,30.2,53,8465.22808782323,5194.6,2025,26.70176952236047,1.1388432801235475,479
666661,"Morillo, Juan",34.1,34.333333333333336,618,133,21.5,30.3,53,18695.04162722146,4900.6,2025,26.70176952236047,1.1388432801235475,479
684974,"Yoho, Craig",8.2,8.666666666666666,176,31,17.6,30.2,53,5322.520279783559,5527.2,2025,26.70176952236047,1.1388432801235475,479
700270,"Díaz, Yilber",3.0,3.0,60,8,13.3,30.3,53,1816.1564330229182,5448.5,2025,26.70176952236047,1.1388432801235475,479
669721,"Daniel, Davis",10.0,10.0,183,37,20.2,30.3,53,5541.838962735796,4987.7,2025,26.70176952236047,1.1388432801235475,479
676272,"Miller, Bobby",5.0,5.0,120,24,20.0,30.4,52,3645.335048820863,6561.6,2025,26.70176952236047,1.1388432801235475,479
676510,"Hoffman, Nolan",1.0,1.0,26,4,15.4,30.4,51,790.9854706804282,7118.9,2025,26.70176952236047,1.1388432801235475,479
681676,"Fernandez, Ryan",30.1,30.333333333333332,532,117,22.0,30.5,50,16232.239676231358,4816.2,2025,26.70176952236047,1.1388432801235475,479
547001,"Poteet, Cody",2.2,2.6666666666666665,68,11,16.2,30.5,50,2075.7155177680606,7005.5,2025,26.70176952236047,1.1388432801235475,479
669212,"Morgan, Eli",7.1,7.333333333333333,115,23,20.0,30.5,50,3505.492106535044,4302.2,2025,26.70176952236047,1.1388432801235475,479
663562,"Davis, Noah",11.0,11.0,251,51,20.3,30.8,46,7723.255364520428,6319.0,2025,26.70176952236047,1.1388432801235475,479
672335,"Pérez, Cionel",21.2,21.666666666666668,441,90,20.4,30.8,46,13584.44124204911,5642.8,2025,26.70176952236047,1.1388432801235475,479
691251,"Lara, Andry",14.1,14.333333333333334,255,50,19.6,30.9,45,7874.869238999319,4944.7,2025,26.70176952236047,1.1388432801235475,479
675650,"Mercado, Michael",3.0,3.0,85,14,16.5,30.9,44,2630.6271824408195,7891.9,2025,26.70176952236047,1.1388432801235475,479
656896,"Rivera, Emmanuel",1.0,1.0,45,10,22.2,31.0,43,1394.9839113534051,12554.9,2025,26.70176952236047,1.1388432801235475,479
670950,"Richards, Trevor",5.2,5.666666666666667,116,24,20.7,31.0,43,3596.283503898083,5711.7,2025,26.70176952236047,1.1388432801235475,479
666619,"Santos, Gregory",7.0,7.0,140,32,22.9,31.0,43,4345.262634002129,5586.8,2025,26.70176952236047,1.1388432801235475,479
614179,"Ruiz, José",16.1,16.333333333333332,302,59,19.5,31.0,43,9375.849306841037,5166.3,2025,26.70176952236047,1.1388432801235475,479
692030,"Corniell, Jose",1.2,1.6666666666666665,41,14,34.1,31.2,41,1279.5754726423743,6909.7,2025,26.70176952236047,1.1388432801235475,479
595978,"Hedges, Austin",3.0,3.0,56,11,19.6,31.1,41,1744.2711956551493,5232.8,2025,26.70176952236047,1.1388432801235475,479
542932,"Berti, Jon",3.2,3.6666666666666665,51,14,27.5,31.2,41,1591.3790052081736,3906.1,2025,26.70176952236047,1.1388432801235475,479
543592,"Nola, Austin",1.0,1.0,29,7,24.1,31.2,40,906.0402553862248,8154.4,2025,26.70176952236047,1.1388432801235475,479
645305,"Sánchez, Ali",1.0,1.0,18,3,16.7,31.3,40,562.6624710202839,5064.0,2025,26.70176952236047,1.1388432801235475,479
543391,"Kelly, Casey",1.2,1.6666666666666665,24,5,20.8,31.3,39,751.5638642122079,4058.4,2025,26.70176952236047,1.1388432801235475,479
641343,"Bauers, Jake",5.0,5.0,80,15,18.8,31.5,37,2521.681940135484,4539.0,2025,26.70176952236047,1.1388432801235475,479
695534,"Petty, Chase",6.0,6.0,169,36,21.3,31.5,37,5315.553555272812,7973.3,2025,26.70176952236047,1.1388432801235475,479
621057,"Garza, Justin",6.2,6.666666666666667,86,19,22.1,31.6,36,2713.5854056311573,3663.3,2025,26.70176952236047,1.1388432801235475,479
663878,"Pearson, Nate",14.2,14.666666666666666,267,60,22.5,31.6,36,8435.547872398229,5176.4,2025,26.70176952236047,1.1388432801235475,479
622379,"Castillo, Luis F.",7.0,7.0,169,43,25.4,31.6,35,5342.629470360703,6869.1,2025,26.70176952236047,1.1388432801235475,479
660644,"Bruján, Vidal",2.0,2.0,23,5,21.7,31.6,35,727.6261610004392,3274.3,2025,26.70176952236047,1.1388432801235475,479
702795,"Loutos, Ryan",12.0,12.0,231,53,22.9,31.7,34,7320.175730676012,5490.1,2025,26.70176952236047,1.1388432801235475,479
687847,"Church, Marc",4.2,4.666666666666667,99,17,17.2,31.7,34,3136.9028494734644,6049.7,2025,26.70176952236047,1.1388432801235475,479
694646,"McDermott, Chayce",8.2,8.666666666666666,195,34,17.4,31.7,34,6185.325757089107,6423.2,2025,26.70176952236047,1.1388432801235475,479
534910,"Hahn, Jesse",5.0,5.0,90,25,27.8,31.8,33,2862.2984564875032,5152.1,2025,26.70176952236047,1.1388432801235475,479
666120,"Anderson, Ian",9.1,9.333333333333334,207,51,24.6,31.9,32,6593.366423883138,6357.9,2025,26.70176952236047,1.1388432801235475,479
670174,"Winckowski, Josh",11.2,11.666666666666666,207,59,28.5,31.8,32,6590.030423482321,5083.7,2025,26.70176952236047,1.1388432801235475,479
606930,"Barnes, Jacob",8.0,8.0,146,43,29.5,32.0,31,4665.536349130644,5248.7,2025,26.70176952236047,1.1388432801235475,479
656257,"Brigham, Jeff",3.1,3.3333333333333335,63,13,20.6,32.0,30,2015.6733788177876,5442.3,2025,26.70176952236047,1.1388432801235475,479
624431,"Trevino, Jose",2.1,2.3333333333333335,48,9,18.8,32.1,28,1542.412396883081,5949.3,2025,26.70176952236047,1.1388432801235475,479
691548,"Muñoz, Rolddy",3.2,3.6666666666666665,78,21,26.9,32.2,28,2510.960189479878,6163.3,2025,26.70176952236047,1.1388432801235475,479
669062,"Miller, Erik",30.0,30.0,498,125,25.1,32.2,27,16050.871845118054,4815.3,2025,26.70176952236047,1.1388432801235475,479
685068,"Ragsdale, Carson",5.0,5.0,96,22,22.9,32.2,27,3091.8545350516324,5565.3,2025,26.70176952236047,1.1388432801235475,479
621363,"Poche, Colin",9.1,9.333333333333334,244,58,23.8,32.3,26,7877.581506890156,7596.2,2025,26.70176952236047,1.1388432801235475,479
605182,"Clevinger, Mike",5.2,5.666666666666667,114,28,24.6,32.3,26,3681.5518624363067,5847.2,2025,26.70176952236047,1.1388432801235475,479
623168,"Heineman, Tyler",3.1,3.3333333333333335,58,15,25.9,32.4,25,1880.5433007821205,5077.5,2025,26.70176952236047,1.1388432801235475,479
676969,"de Geus, Brett",2.0,2.0,47,9,19.1,32.8,20,1540.6236007332836,6932.8,2025,26.70176952236047,1.1388432801235475,479
690544,"Horn, Bailey",11.1,11.333333333333334,224,59,26.3,32.8,20,7338.319492007546,5827.5,2025,26.70176952236047,1.1388432801235475,479
622761,"Mateo, Jorge",1.0,1.0,35,7,20.0,32.8,19,1148.9801357748863,10340.8,2025,26.70176952236047,1.1388432801235475,479
607179,"Weems, Jordan",4.1,4.333333333333333,98,32,32.7,32.9,19,3222.2520933994524,6692.4,2025,26.70176952236047,1.1388432801235475,479
608371,"Sims, Lucas",12.1,12.333333333333334,279,75,26.9,33.0,18,9193.536455533851,6708.8,2025,26.70176952236047,1.1388432801235475,479
677020,"Walker, Josh",5.0,5.0,92,20,21.7,33.0,17,3032.9999230679255,5459.4,2025,26.70176952236047,1.1388432801235475,479
669193,"Little, Jack",3.0,3.0,44,14,31.8,33.1,16,1454.5862230616708,4363.8,2025,26.70176952236047,1.1388432801235475,479
676801,"McCormick, Chas",3.0,3.0,54,13,24.1,33.2,14,1793.254199215826,5379.8,2025,26.70176952236047,1.1388432801235475,479
642708,"Rosario, Amed",1.0,1.0,28,7,25.0,33.5,10,938.7622509185833,8448.9,2025,26.70176952236047,1.1388432801235475,479
702752,"Pintaro, Jonathan",0.2,0.6666666666666666,29,9,31.0,33.7,8,977.4119498379332,13195.1,2025,26.70176952236047,1.1388432801235475,479
676070,"Amaya, Jacob",1.0,1.0,6,2,33.3,33.7,7,202.35213423628312,1821.2,2025,26.70176952236047,1.1388432801235475,479
657024,"Swanson, Erik",5.1,5.333333333333333,128,42,32.8,33.8,7,4322.095117528996,7293.5,2025,26.70176952236047,1.1388432801235475,479
493603,"Ottavino, Adam",1.2,1.6666666666666665,42,11,26.2,33.8,7,1418.9083748640421,7662.1,2025,26.70176952236047,1.1388432801235475,479
669449,"Palisch, Jake",1.0,1.0,24,5,20.8,33.9,6,812.5698468613931,7313.1,2025,26.70176952236047,1.1388432801235475,479
650671,"Quijada, José",1.1,1.3333333333333333,41,11,26.8,33.9,5,1391.033197853287,9389.5,2025,26.70176952236047,1.1388432801235475,479
571466,"Barnhart, Tucker",2.0,2.0,22,5,22.7,34.0,4,748.4581892797576,3368.1,2025,26.70176952236047,1.1388432801235475,479
571771,"Hernández, Enrique",5.1,5.333333333333333,125,30,24.0,34.7,-6,4340.844603148098,7325.2,2025,26.70176952236047,1.1388432801235475,479
672724,"Peraza, Oswald",2.1,2.3333333333333335,41,11,26.8,34.8,-7,1428.8065673588903,5511.1,2025,26.70176952236047,1.1388432801235475,479
686753,"Jameson, Drey",3.0,3.0,53,19,35.8,34.8,-7,1845.9998161560356,5538.0,2025,26.70176952236047,1.1388432801235475,479
671162,"Thomas, Connor",5.1,5.333333333333333,119,34,28.6,34.9,-9,4157.991413612861,7016.6,2025,26.70176952236047,1.1388432801235475,479
670156,"Mastrobuoni, Miles",1.0,1.0,23,8,34.8,35.6,-17,818.7076487137384,7368.4,2025,26.70176952236047,1.1388432801235475,479
622569,"Reyes, Pablo",1.0,1.0,18,6,33.3,35.9,-21,645.8461721658952,5812.6,2025,26.70176952236047,1.1388432801235475,479
679922,"Duran, Carlos",0.1,0.3333333333333333,27,8,29.6,36.0,-23,972.4561722112865,26256.3,2025,26.70176952236047,1.1388432801235475,479
573262,"Yastrzemski, Mike",1.0,1.0,21,7,33.3,38.5,-56,809.4100909019193,7284.7,2025,26.70176952236047,1.1388432801235475,479
676475,"Burleson, Alec",1.0,1.0,7,3,42.9,39.2,-65,274.4013306691675,2469.6,2025,26.70176952236047,1.1388432801235475,479
677961,"Wilcox, Cole",1.0,1.0,39,19,48.7,39.2,-65,1529.640485537975,13766.8,2025,26.70176952236047,1.1388432801235475,479
675540,"Curry, Xzavion",3.0,3.0,57,22,38.6,39.5,-68,2250.395640175522,6751.2,2025,26.70176952236047,1.1388432801235475,479
656638,"Lange, Alex",1.0,1.0,20,8,40.0,39.5,-69,789.957723617638,7109.6,2025,26.70176952236047,1.1388432801235475,479
643396,"Kiner-Falefa, Isiah",0.2,0.6666666666666666,7,4,57.1,40.0,-75,279.88343849428577,3778.4,2025,26.70176952236047,1.1388432801235475,479
656577,"Jackson, Alex",1.0,1.0,24,12,50.0,41.2,-91,989.7095662896376,8907.4,2025,26.70176952236047,1.1388432801235475,479
642180,"Wade, Tyler",1.0,1.0,18,11,61.1,41.2,-91,742.3050051239529,6680.7,2025,26.70176952236047,1.1388432801235475,479
640902,"Pereda, Jhonny",3.0,3.0,70,36,51.4,41.4,-93,2896.9218956385585,8690.8,2025,26.70176952236047,1.1388432801235475,479
647351,"Toro, Abraham",1.0,1.0,15,10,66.7,43.7,-124,655.1778571682509,5896.6,2025,26.70176952236047,1.1388432801235475,479
691769,"Abner, Philip",3.2,3.6666666666666665,71,36,50.7,43.8,-125,3110.7943833004483,7635.6,2025,26.70176952236047,1.1388432801235475,479
608671,"Jankowski, Travis",1.0,1.0,13,8,61.5,57.0,-299,740.4437785679729,6664.0,2025,26.70176952236047,1.1388432801235475,479
